cohort,method,budget,problems,trials,solve_rate,problem_cluster_ci95,states_proposed_mean,states_judged_mean,states_expanded_mean,states_merged_mean,states_pruned_mean,sequential_rounds_mean,wall_seconds_mean,work_used_mean
all,beam,25,1000,10000,0.0,"[0.0, 0.0]",19.043,4.957,1.0,1.779,0.0,1.0,2.9646603111177682e-05,25.0
all,beam,50,1000,10000,0.0,"[0.0, 0.0]",28.205,19.736,2.059,2.3299,0.0,2.0,4.9901552498340605e-05,50.0
all,beam,100,1000,10000,0.0318,"[0.0222975, 0.04290249999999999]",52.4783,42.468,4.882,6.6209,0.0,2.053,8.779725739732385e-05,99.8283
all,beam,200,1000,10000,0.811,"[0.787, 0.8340249999999998]",61.1711,49.388,6.629,7.8423,0.0,3.0,0.00010428003072738648,117.1881
all,beam,500,1000,10000,0.811,"[0.787, 0.834]",61.1711,49.388,6.629,7.8423,0.0,3.0,0.00010400781491771341,117.1881
all,beam,1500,1000,10000,0.811,"[0.786, 0.8340249999999998]",61.1711,49.388,6.629,7.8423,0.0,3.0,0.00010332927592098713,117.1881
all,best_first,25,1000,10000,0.0,"[0.0, 0.0]",19.043,4.957,1.0,1.779,0.0,1.0,2.950995909050107e-05,25.0
all,best_first,50,1000,10000,0.017,"[0.009699999999999999, 0.025002499999999987]",28.1258,19.735,2.059,2.3052,0.0,2.059,4.87748408690095e-05,49.9198
all,best_first,100,1000,10000,0.6984,"[0.6695949999999999, 0.7278025]",39.9151,33.116,3.995,3.6981,0.0,3.995,7.035332787781954e-05,77.0261
all,best_first,200,1000,10000,0.8976000000000001,"[0.8787999999999999, 0.9157025000000001]",49.8722,40.088,5.237,6.6288,0.0,5.237,8.535000365227461e-05,95.1972
all,best_first,500,1000,10000,1.0,"[1.0, 1.0]",54.4656,42.075,5.85,8.9051,0.0,5.85,9.185759583488107e-05,102.3906
all,best_first,1500,1000,10000,1.0,"[1.0, 1.0]",54.4656,42.075,5.85,8.9051,0.0,5.85,9.140517003834248e-05,102.3906
all,bfs,25,1000,10000,0.0,"[0.0, 0.0]",23.004,0.0,1.996,1.8223,0.0,1.996,4.1482381895184516e-05,25.0
all,bfs,50,1000,10000,0.0,"[0.0, 0.0]",45.7918,0.0,4.2082,4.3689,0.0,4.2082,7.121855579316616e-05,50.0
all,bfs,100,1000,10000,0.002,"[0.0004, 0.0041]",90.9676,0.0,9.0219,19.0342,0.0,9.0219,0.000130149913020432,99.9895
all,bfs,200,1000,10000,0.1345,"[0.11630000000000001, 0.15230000000000002]",175.9541,0.0,19.0824,66.2181,0.0,19.0824,0.0002355421580374241,195.0365
all,bfs,500,1000,10000,0.8637,"[0.8503000000000001, 0.8762025000000001]",274.5162,0.0,47.715,110.8272,0.0,47.715,0.0003658992509357631,322.2312
all,bfs,1500,1000,10000,1.0,"[1.0, 1.0]",282.7148,0.0,50.2704,115.1658,0.0,50.2704,0.0003757726963609457,332.9852
all,factorial_m0j0s0,25,1000,10000,0.0,"[0.0, 0.0]",23.004,0.0,1.996,0.0,0.0,1.996,4.705083929002285e-05,25.0
all,factorial_m0j0s0,50,1000,10000,0.09,"[0.08259999999999999, 0.0974]",44.128,0.0,5.1035,0.0,0.0,5.1035,7.603673646226525e-05,49.2315
all,factorial_m0j0s0,100,1000,10000,0.28890000000000005,"[0.272, 0.30660249999999994]",66.4629,0.0,9.629,0.0,0.0,9.629,0.00010525952335447073,76.0919
all,factorial_m0j0s0,200,1000,10000,0.2892,"[0.2721975, 0.30500249999999995]",66.5212,0.0,9.637,0.0,0.0,9.637,0.00010424032136797905,76.1582
all,factorial_m0j0s0,500,1000,10000,0.2892,"[0.2727, 0.30720249999999993]",66.5212,0.0,9.637,0.0,0.0,9.637,0.00010399268548935652,76.1582
all,factorial_m0j0s0,1500,1000,10000,0.2892,"[0.27299500000000004, 0.3053025]",66.5212,0.0,9.637,0.0,0.0,9.637,0.00010345451375469565,76.1582
all,factorial_m0j0s1,25,1000,10000,0.0,"[0.0, 0.0]",23.004,0.0,1.996,0.0,0.0,1.996,4.2509926855564116e-05,25.0
all,factorial_m0j0s1,50,1000,10000,0.0,"[0.0, 0.0]",45.794,0.0,4.206,0.0,0.0,2.0,7.002974711358548e-05,50.0
all,factorial_m0j0s1,100,1000,10000,0.2195,"[0.2042, 0.2338]",68.2548,0.0,8.6431,0.0,0.0,3.0,0.00010246888538822532,76.8979
all,factorial_m0j0s1,200,1000,10000,0.2195,"[0.2045, 0.2347025]",68.2548,0.0,8.6431,0.0,0.0,3.0,0.00010146608529612422,76.8979
all,factorial_m0j0s1,500,1000,10000,0.2195,"[0.20490000000000003, 0.234605]",68.2548,0.0,8.6431,0.0,0.0,3.0,0.00010139088146388531,76.8979
all,factorial_m0j0s1,1500,1000,10000,0.2195,"[0.20470000000000002, 0.23359999999999997]",68.2548,0.0,8.6431,0.0,0.0,3.0,0.00010082511911168694,76.8979
all,factorial_m0j1s0,25,1000,10000,0.0,"[0.0, 0.0]",19.043,4.957,1.0,0.0,0.4519,1.0,2.9002645239233972e-05,25.0
all,factorial_m0j1s0,50,1000,10000,0.0,"[0.0, 0.0]",27.724,20.276,2.0,0.0,2.5038,2.0,4.964962089434266e-05,50.0
all,factorial_m0j1s0,100,1000,10000,0.6613,"[0.6324, 0.6900999999999999]",39.227,36.052,3.918,0.0,14.3336,3.918,7.273561041802169e-05,79.197
all,factorial_m0j1s0,200,1000,10000,0.79,"[0.765, 0.816]",42.7644,39.196,4.516,0.0,17.01,4.516,7.807514928281307e-05,86.4764
all,factorial_m0j1s0,500,1000,10000,0.79,"[0.764, 0.815]",42.7644,39.196,4.516,0.0,17.01,4.516,7.812234470620752e-05,86.4764
all,factorial_m0j1s0,1500,1000,10000,0.79,"[0.765, 0.8130249999999998]",42.7644,39.196,4.516,0.0,17.01,4.516,7.76773494668305e-05,86.4764
all,factorial_m0j1s1,25,1000,10000,0.0,"[0.0, 0.0]",19.043,4.957,1.0,0.0,0.4519,1.0,2.8845722787082196e-05,25.0
all,factorial_m0j1s1,50,1000,10000,0.0,"[0.0, 0.0]",27.724,20.276,2.0,0.0,2.5038,2.0,4.869405208155513e-05,50.0
all,factorial_m0j1s1,100,1000,10000,0.0,"[0.0, 0.0]",49.273,46.121,4.606,0.0,21.6776,2.0,8.64571207202971e-05,100.0
all,factorial_m0j1s1,200,1000,10000,0.794,"[0.769, 0.819]",60.1858,56.975,6.294,0.0,30.123,2.934,0.0001041835487820208,123.4548
all,factorial_m0j1s1,500,1000,10000,0.794,"[0.768, 0.8180249999999998]",60.1858,56.975,6.294,0.0,30.123,2.934,0.00010414342144504189,123.4548
all,factorial_m0j1s1,1500,1000,10000,0.794,"[0.769, 0.8180249999999998]",60.1858,56.975,6.294,0.0,30.123,2.934,0.00010352805759757757,123.4548
all,factorial_m1j0s0,25,1000,10000,0.0,"[0.0, 0.0]",23.004,0.0,1.996,1.8231,0.0,1.996,4.357204847037792e-05,25.0
all,factorial_m1j0s0,50,1000,10000,0.09580000000000001,"[0.0880975, 0.1041]",43.9654,0.0,5.1338,3.7612,0.0,5.1338,7.466424703598023e-05,49.0992
all,factorial_m1j0s0,100,1000,10000,0.26789999999999997,"[0.2526, 0.2835]",65.802,0.0,9.5484,7.4308,0.0,9.5484,0.0001038340083323419,75.3504
all,factorial_m1j0s0,200,1000,10000,0.2682,"[0.2533, 0.2838024999999999]",65.8312,0.0,9.5528,7.4401,0.0,9.5528,0.00010329113751649857,75.384
all,factorial_m1j0s0,500,1000,10000,0.2682,"[0.2522975, 0.28380249999999996]",65.8312,0.0,9.5528,7.4401,0.0,9.5528,0.00010322445528581739,75.384
all,factorial_m1j0s0,1500,1000,10000,0.2682,"[0.25279500000000005, 0.2833025]",65.8312,0.0,9.5528,7.4401,0.0,9.5528,0.00010262518366798759,75.384
all,factorial_m1j0s1,25,1000,10000,0.0,"[0.0, 0.0]",23.004,0.0,1.996,1.8231,0.0,1.996,4.2486904934048654e-05,25.0
all,factorial_m1j0s1,50,1000,10000,0.0,"[0.0, 0.0]",45.7955,0.0,4.2045,4.6102,0.0,2.0,7.035547969862819e-05,50.0
all,factorial_m1j0s1,100,1000,10000,0.20940000000000003,"[0.19640000000000005, 0.22240249999999998]",68.3667,0.0,8.6585,8.1628,0.0,3.0,0.00010189562691375614,77.0252
all,factorial_m1j0s1,200,1000,10000,0.20940000000000003,"[0.1967, 0.2233]",68.3667,0.0,8.6585,8.1628,0.0,3.0,0.00010127163892611861,77.0252
all,factorial_m1j0s1,500,1000,10000,0.20940000000000003,"[0.19689250000000003, 0.22219999999999998]",68.3667,0.0,8.6585,8.1628,0.0,3.0,0.00010123952999711036,77.0252
all,factorial_m1j0s1,1500,1000,10000,0.20940000000000003,"[0.19690000000000002, 0.22269999999999998]",68.3667,0.0,8.6585,8.1628,0.0,3.0,0.00010059028705582023,77.0252
all,factorial_m1j1s0,25,1000,10000,0.0,"[0.0, 0.0]",19.043,4.957,1.0,1.779,0.4581,1.0,2.9610857740044592e-05,25.0
all,factorial_m1j1s0,50,1000,10000,0.017,"[0.009397500000000001, 0.025299999999999996]",28.1258,19.735,2.059,2.3052,3.2457,2.059,5.058817807585001e-05,49.9198
all,factorial_m1j1s0,100,1000,10000,0.6969,"[0.6683, 0.7246]",39.8116,33.07,3.981,3.6821,13.509,3.981,7.277297358959913e-05,76.8626
all,factorial_m1j1s0,200,1000,10000,0.799,"[0.774, 0.824]",42.4174,35.186,4.437,4.0556,15.342,4.437,7.663516197353601e-05,82.0404
all,factorial_m1j1s0,500,1000,10000,0.799,"[0.774, 0.825]",42.4174,35.186,4.437,4.0556,15.342,4.437,7.673981916159392e-05,82.0404
all,factorial_m1j1s0,1500,1000,10000,0.799,"[0.774, 0.823]",42.4174,35.186,4.437,4.0556,15.342,4.437,7.630571965128184e-05,82.0404
all,factorial_m1j1s1,25,1000,10000,0.0,"[0.0, 0.0]",19.043,4.957,1.0,1.779,0.4581,1.0,2.9626416973769664e-05,25.0
all,factorial_m1j1s1,50,1000,10000,0.0,"[0.0, 0.0]",28.205,19.736,2.059,2.3299,3.2461,2.0,4.9837301019579174e-05,50.0
all,factorial_m1j1s1,100,1000,10000,0.0318,"[0.0219975, 0.0424]",52.4684,42.466,4.881,6.6129,20.9653,2.053,8.921336876228452e-05,99.8154
all,factorial_m1j1s1,200,1000,10000,0.809,"[0.785, 0.834]",59.9715,49.386,6.245,7.7143,26.804,2.94,0.000101558040920645,115.6025
all,factorial_m1j1s1,500,1000,10000,0.809,"[0.785, 0.834]",59.9715,49.386,6.245,7.7143,26.804,2.94,0.00010158506389707327,115.6025
all,factorial_m1j1s1,1500,1000,10000,0.809,"[0.784, 0.832]",59.9715,49.386,6.245,7.7143,26.804,2.94,0.00010099314581602812,115.6025
all,frontier_without_merging,25,1000,10000,0.0,"[0.0, 0.0]",19.043,4.957,1.0,0.0,0.4519,1.0,2.8915380127727984e-05,25.0
all,frontier_without_merging,50,1000,10000,0.0,"[0.0, 0.0]",27.724,20.276,2.0,0.0,2.5038,2.0,4.869600422680378e-05,50.0
all,frontier_without_merging,100,1000,10000,0.0,"[0.0, 0.0]",49.273,46.121,4.606,0.0,21.6776,2.0,8.644047798588872e-05,100.0
all,frontier_without_merging,200,1000,10000,0.794,"[0.767, 0.819]",60.1858,56.975,6.294,0.0,30.123,2.934,0.000104184097237885,123.4548
all,frontier_without_merging,500,1000,10000,0.794,"[0.767975, 0.818]",60.1858,56.975,6.294,0.0,30.123,2.934,0.00010419714506715536,123.4548
all,frontier_without_merging,1500,1000,10000,0.794,"[0.769, 0.819]",60.1858,56.975,6.294,0.0,30.123,2.934,0.00010360318608582019,123.4548
all,full_interference_search,25,1000,10000,0.0,"[0.0, 0.0]",19.043,4.957,1.0,1.779,0.4581,1.0,2.966394070535898e-05,25.0
all,full_interference_search,50,1000,10000,0.0,"[0.0, 0.0]",28.205,19.736,2.059,2.3299,3.2461,2.0,4.9823713395744565e-05,50.0
all,full_interference_search,100,1000,10000,0.0318,"[0.0216, 0.04210249999999999]",52.4684,42.466,4.881,6.6129,20.9653,2.053,8.913889667019248e-05,99.8154
all,full_interference_search,200,1000,10000,0.809,"[0.784975, 0.833]",59.9715,49.386,6.245,7.7143,26.804,2.94,0.00010146802961826324,115.6025
all,full_interference_search,500,1000,10000,0.809,"[0.784, 0.833]",59.9715,49.386,6.245,7.7143,26.804,2.94,0.00010152450380846858,115.6025
all,full_interference_search,1500,1000,10000,0.809,"[0.784, 0.835]",59.9715,49.386,6.245,7.7143,26.804,2.94,0.00010094569735229015,115.6025
all,hand_bound_frontier,25,1000,10000,0.0,"[0.0, 0.0]",23.004,0.0,1.996,1.8203,0.6111,1.996,5.1803769636899234e-05,25.0
all,hand_bound_frontier,50,1000,10000,0.0,"[0.0, 0.0]",45.7958,0.0,4.2042,4.5824,2.7336,2.0,8.69813546538353e-05,50.0
all,hand_bound_frontier,100,1000,10000,0.2232,"[0.2101, 0.2373025]",68.2593,0.0,8.6327,8.0561,3.704,3.0,0.00012104162303730845,76.892
all,hand_bound_frontier,200,1000,10000,0.2232,"[0.2099975, 0.23720249999999998]",68.2593,0.0,8.6327,8.0561,3.704,3.0,0.00012060945956036449,76.892
all,hand_bound_frontier,500,1000,10000,0.2232,"[0.2105925, 0.23710250000000002]",68.2593,0.0,8.6327,8.0561,3.704,3.0,0.00012059386000037193,76.892
all,hand_bound_frontier,1500,1000,10000,0.2232,"[0.20980000000000001, 0.23660000000000003]",68.2593,0.0,8.6327,8.0561,3.704,3.0,0.00011999250054359436,76.892
all,independent_parallel,25,1000,10000,0.0,"[0.0, 0.0]",19.043,4.957,1.0,0.0,0.0,1.0,2.8966083750128747e-05,25.0
all,independent_parallel,50,1000,10000,0.0,"[0.0, 0.0]",27.6509,20.3491,2.0,0.0,0.0,2.0,5.909772720187902e-05,50.0
all,independent_parallel,100,1000,10000,0.0,"[0.0, 0.0]",49.238,46.1188,4.6432,0.0,0.0,2.0,9.548722533509135e-05,100.0
all,independent_parallel,200,1000,10000,0.6455,"[0.626695, 0.6634]",76.4196,66.8094,8.6739,0.0,0.0,3.7031,0.00015141456797719002,151.9029
all,independent_parallel,500,1000,10000,0.864,"[0.8505, 0.8774025000000001]",107.9457,94.0781,12.8752,0.0,0.0,4.932,0.0002110759349539876,214.899
all,independent_parallel,1500,1000,10000,0.9719000000000001,"[0.9652974999999999, 0.9782000000000001]",137.4284,118.2675,16.812,0.0,0.0,6.2491,0.00026730652442201973,272.5079
all,merging_without_learned_judge,25,1000,10000,0.0,"[0.0, 0.0]",23.004,0.0,1.996,1.8231,0.0,1.996,4.263022327795625e-05,25.0
all,merging_without_learned_judge,50,1000,10000,0.0,"[0.0, 0.0]",45.7955,0.0,4.2045,4.6102,0.0,2.0,7.055735932663084e-05,50.0
all,merging_without_learned_judge,100,1000,10000,0.20940000000000003,"[0.19639750000000003, 0.2225]",68.3667,0.0,8.6585,8.1628,0.0,3.0,0.00010210906770080328,77.0252
all,merging_without_learned_judge,200,1000,10000,0.20940000000000003,"[0.19589750000000003, 0.223]",68.3667,0.0,8.6585,8.1628,0.0,3.0,0.00010147113306447863,77.0252
all,merging_without_learned_judge,500,1000,10000,0.20940000000000003,"[0.19590000000000005, 0.22230499999999997]",68.3667,0.0,8.6585,8.1628,0.0,3.0,0.00010134702539071441,77.0252
all,merging_without_learned_judge,1500,1000,10000,0.20940000000000003,"[0.19659750000000004, 0.2226]",68.3667,0.0,8.6585,8.1628,0.0,3.0,0.0001007673878222704,77.0252
all,single_line,25,1000,10000,0.0,"[0.0, 0.0]",19.043,4.957,1.0,0.0,0.0,1.0,2.8986583277583124e-05,25.0
all,single_line,50,1000,10000,0.0,"[0.0, 0.0]",27.6509,20.3491,2.0,0.0,0.0,2.0,5.06549115292728e-05,50.0
all,single_line,100,1000,10000,0.28330000000000005,"[0.2682975, 0.2977]",45.367,39.8647,3.9672,0.0,0.0,3.9672,8.239520723000169e-05,89.1989
all,single_line,200,1000,10000,0.5406,"[0.5220999999999999, 0.5595025]",75.5467,64.5022,7.1492,0.0,0.0,7.1492,0.00013371853940188886,147.1981
all,single_line,500,1000,10000,0.7666,"[0.7495, 0.7837999999999999]",124.0035,111.0976,11.781,0.0,0.0,11.781,0.0002185218538157642,246.8821
all,single_line,1500,1000,10000,0.9298,"[0.92, 0.9397025000000001]",186.0799,168.4042,17.7157,0.0,0.0,17.7157,0.00032712592389434574,372.1998
random,beam,25,500,5000,0.0,"[0.0, 0.0]",19.014,4.986,1.0,1.352,0.0,1.0,2.9736332409083845e-05,25.0
random,beam,50,500,5000,0.0,"[0.0, 0.0]",28.044,19.924,2.032,1.7894,0.0,2.0,4.9920704215764996e-05,50.0
random,beam,100,500,5000,0.013399999999999999,"[0.0052, 0.022799999999999997]",52.0948,42.994,4.85,5.7578,0.0,2.034,8.791505098342896e-05,99.9388
random,beam,200,500,5000,0.846,"[0.812, 0.876]",60.7162,50.128,6.52,6.9852,0.0,3.0,0.00010445514526218176,117.3642
random,beam,500,500,5000,0.846,"[0.812, 0.876]",60.7162,50.128,6.52,6.9852,0.0,3.0,0.0001041837640106678,117.3642
random,beam,1500,500,5000,0.846,"[0.814, 0.878]",60.7162,50.128,6.52,6.9852,0.0,3.0,0.00010350487288087606,117.3642
random,best_first,25,500,5000,0.0,"[0.0, 0.0]",19.014,4.986,1.0,1.352,0.0,1.0,2.9599538259208203e-05,25.0
random,best_first,50,500,5000,0.006,"[0.0, 0.014]",28.0098,19.924,2.032,1.7784,0.0,2.032,4.884531013667583e-05,49.9658
random,best_first,100,500,5000,0.7228,"[0.6851949999999999, 0.762]",39.5318,33.358,3.972,3.1104,0.0,3.972,7.023563235998154e-05,76.8618
random,best_first,200,500,5000,0.9326,"[0.9086000000000001, 0.9546]",47.825,39.208,5.02,5.5182,0.0,5.02,8.277216386049986e-05,92.053
random,best_first,500,500,5000,1.0,"[1.0, 1.0]",51.3884,40.784,5.476,7.2992,0.0,5.476,8.78874097019434e-05,97.6484
random,best_first,1500,500,5000,1.0,"[1.0, 1.0]",51.3884,40.784,5.476,7.2992,0.0,5.476,8.745974507182836e-05,97.6484
random,bfs,25,500,5000,0.0,"[0.0, 0.0]",23.0,0.0,2.0,1.3854,0.0,2.0,4.175587762147188e-05,25.0
random,bfs,50,500,5000,0.0,"[0.0, 0.0]",45.8004,0.0,4.1996,3.699,0.0,4.1996,7.148076109588147e-05,50.0
random,bfs,100,500,5000,0.0002,"[0.0, 0.0006000000000000001]",90.971,0.0,9.0282,17.8066,0.0,9.0282,0.00013092516232281925,99.9992
random,bfs,200,500,5000,0.0842,"[0.0658, 0.10420999999999994]",178.1258,0.0,19.267,66.0176,0.0,19.267,0.0002395555617287755,197.3928
random,bfs,500,500,5000,0.8842000000000001,"[0.867995, 0.9000049999999999]",276.971,0.0,47.7204,110.737,0.0,47.7204,0.0003705660028383136,324.6914
random,bfs,1500,500,5000,1.0,"[1.0, 1.0]",283.4724,0.0,49.7506,114.1574,0.0,49.7506,0.0003780743420124054,333.223
random,factorial_m0j0s0,25,500,5000,0.0,"[0.0, 0.0]",23.0,0.0,2.0,0.0,0.0,2.0,4.73263181746006e-05,25.0
random,factorial_m0j0s0,50,500,5000,0.07840000000000001,"[0.06960000000000001, 0.0872]",44.2066,0.0,5.1198,0.0,0.0,5.1198,7.639414612203837e-05,49.3264
random,factorial_m0j0s0,100,500,5000,0.268,"[0.24719499999999997, 0.28879999999999995]",67.0678,0.0,9.7568,0.0,0.0,9.7568,0.00010635090097784995,76.8246
random,factorial_m0j0s0,200,500,5000,0.26820000000000005,"[0.2484, 0.2902]",67.1252,0.0,9.7638,0.0,0.0,9.7638,0.000105260756239295,76.889
random,factorial_m0j0s0,500,500,5000,0.26820000000000005,"[0.24780000000000002, 0.289405]",67.1252,0.0,9.7638,0.0,0.0,9.7638,0.00010505189299583435,76.889
random,factorial_m0j0s0,1500,500,5000,0.26820000000000005,"[0.245995, 0.28940000000000005]",67.1252,0.0,9.7638,0.0,0.0,9.7638,0.00010450691916048526,76.889
random,factorial_m0j0s1,25,500,5000,0.0,"[0.0, 0.0]",23.0,0.0,2.0,0.0,0.0,2.0,4.262293558567762e-05,25.0
random,factorial_m0j0s1,50,500,5000,0.0,"[0.0, 0.0]",45.7984,0.0,4.2016,0.0,0.0,2.0,7.010064404457808e-05,50.0
random,factorial_m0j0s1,100,500,5000,0.1994,"[0.182395, 0.21720499999999998]",68.3318,0.0,8.6808,0.0,0.0,3.0,0.00010278168637305498,77.0126
random,factorial_m0j0s1,200,500,5000,0.1994,"[0.181795, 0.2172]",68.3318,0.0,8.6808,0.0,0.0,3.0,0.0001017423802986741,77.0126
random,factorial_m0j0s1,500,500,5000,0.1994,"[0.182, 0.21680000000000002]",68.3318,0.0,8.6808,0.0,0.0,3.0,0.00010169878005981446,77.0126
random,factorial_m0j0s1,1500,500,5000,0.1994,"[0.182195, 0.217]",68.3318,0.0,8.6808,0.0,0.0,3.0,0.00010111203640699386,77.0126
random,factorial_m0j1s0,25,500,5000,0.0,"[0.0, 0.0]",19.014,4.986,1.0,0.0,0.4594,1.0,2.9076165147125722e-05,25.0
random,factorial_m0j1s0,50,500,5000,0.0,"[0.0, 0.0]",27.778,20.222,2.0,0.0,2.5388,2.0,4.973259698599577e-05,50.0
random,factorial_m0j1s0,100,500,5000,0.674,"[0.6331900000000001, 0.7130049999999999]",38.902,35.762,3.884,0.0,14.1428,3.884,7.235058210790158e-05,78.548
random,factorial_m0j1s0,200,500,5000,0.824,"[0.792, 0.858]",42.255,38.656,4.486,0.0,16.506,4.486,7.750524915754796e-05,85.397
random,factorial_m0j1s0,500,500,5000,0.824,"[0.79, 0.858]",42.255,38.656,4.486,0.0,16.506,4.486,7.754402216523886e-05,85.397
random,factorial_m0j1s0,1500,500,5000,0.824,"[0.792, 0.858]",42.255,38.656,4.486,0.0,16.506,4.486,7.707946114242077e-05,85.397
random,factorial_m0j1s1,25,500,5000,0.0,"[0.0, 0.0]",19.014,4.986,1.0,0.0,0.4594,1.0,2.8922304883599282e-05,25.0
random,factorial_m0j1s1,50,500,5000,0.0,"[0.0, 0.0]",27.778,20.222,2.0,0.0,2.5388,2.0,4.876732435077429e-05,50.0
random,factorial_m0j1s1,100,500,5000,0.0,"[0.0, 0.0]",49.226,46.174,4.6,0.0,22.0076,2.0,8.661413211375474e-05,100.0
random,factorial_m0j1s1,200,500,5000,0.83,"[0.798, 0.862]",60.0834,56.894,6.298,0.0,30.414,2.956,0.00010429445281624795,123.2754
random,factorial_m0j1s1,500,500,5000,0.83,"[0.796, 0.862]",60.0834,56.894,6.298,0.0,30.414,2.956,0.00010424242559820414,123.2754
random,factorial_m0j1s1,1500,500,5000,0.83,"[0.796, 0.864]",60.0834,56.894,6.298,0.0,30.414,2.956,0.00010363190174102783,123.2754
random,factorial_m1j0s0,25,500,5000,0.0,"[0.0, 0.0]",23.0,0.0,2.0,1.386,0.0,2.0,4.3851730786263945e-05,25.0
random,factorial_m1j0s0,50,500,5000,0.085,"[0.075795, 0.095]",44.081,0.0,5.1478,3.2052,0.0,5.1478,7.524939253926277e-05,49.2288
random,factorial_m1j0s0,100,500,5000,0.2586,"[0.23960000000000004, 0.279]",66.4204,0.0,9.6596,6.8882,0.0,9.6596,0.0001052304096519947,76.08
random,factorial_m1j0s0,200,500,5000,0.25880000000000003,"[0.238195, 0.279605]",66.4518,0.0,9.664,6.8982,0.0,9.664,0.00010466222651302815,76.1158
random,factorial_m1j0s0,500,500,5000,0.25880000000000003,"[0.23860000000000003, 0.2792]",66.4518,0.0,9.664,6.8982,0.0,9.664,0.0001046184130012989,76.1158
random,factorial_m1j0s0,1500,500,5000,0.25880000000000003,"[0.239395, 0.27980499999999997]",66.4518,0.0,9.664,6.8982,0.0,9.664,0.0001040129404515028,76.1158
random,factorial_m1j0s1,25,500,5000,0.0,"[0.0, 0.0]",23.0,0.0,2.0,1.386,0.0,2.0,4.276063721626997e-05,25.0
random,factorial_m1j0s1,50,500,5000,0.0,"[0.0, 0.0]",45.801,0.0,4.199,3.9432,0.0,2.0,7.065508775413036e-05,50.0
random,factorial_m1j0s1,100,500,5000,0.1968,"[0.17920000000000005, 0.21380000000000002]",68.3748,0.0,8.6816,7.3346,0.0,3.0,0.00010246900245547294,77.0564
random,factorial_m1j0s1,200,500,5000,0.1968,"[0.1802, 0.2132]",68.3748,0.0,8.6816,7.3346,0.0,3.0,0.00010179612785577774,77.0564
random,factorial_m1j0s1,500,500,5000,0.1968,"[0.180595, 0.2148]",68.3748,0.0,8.6816,7.3346,0.0,3.0,0.00010179954152554273,77.0564
random,factorial_m1j0s1,1500,500,5000,0.1968,"[0.17980000000000002, 0.213605]",68.3748,0.0,8.6816,7.3346,0.0,3.0,0.00010116257853806018,77.0564
random,factorial_m1j1s0,25,500,5000,0.0,"[0.0, 0.0]",19.014,4.986,1.0,1.352,0.4638,1.0,2.9694191552698613e-05,25.0
random,factorial_m1j1s0,50,500,5000,0.006,"[0.0, 0.014]",28.0098,19.924,2.032,1.7784,3.2618,2.032,5.063612069934607e-05,49.9658
random,factorial_m1j1s0,100,500,5000,0.7232000000000001,"[0.6838, 0.762205]",39.4136,33.32,3.958,3.0858,13.3224,3.958,7.268336843699217e-05,76.6916
random,factorial_m1j1s0,200,500,5000,0.834,"[0.8, 0.866]",41.7734,35.186,4.386,3.4192,14.878,4.386,7.620344627648591e-05,81.3454
random,factorial_m1j1s0,500,500,5000,0.834,"[0.802, 0.866]",41.7734,35.186,4.386,3.4192,14.878,4.386,7.63208843767643e-05,81.3454
random,factorial_m1j1s0,1500,500,5000,0.834,"[0.802, 0.866]",41.7734,35.186,4.386,3.4192,14.878,4.386,7.587160617113113e-05,81.3454
random,factorial_m1j1s1,25,500,5000,0.0,"[0.0, 0.0]",19.014,4.986,1.0,1.352,0.4638,1.0,2.9726951010525226e-05,25.0
random,factorial_m1j1s1,50,500,5000,0.0,"[0.0, 0.0]",28.044,19.924,2.032,1.7894,3.2618,2.0,4.983178749680519e-05,50.0
random,factorial_m1j1s1,100,500,5000,0.013399999999999999,"[0.0052, 0.023]",52.0948,42.994,4.85,5.7578,21.1522,2.034,8.939261790364981e-05,99.9388
random,factorial_m1j1s1,200,500,5000,0.846,"[0.812, 0.8760499999999998]",59.8802,50.128,6.25,6.9052,27.218,2.964,0.00010218678135424853,116.2582
random,factorial_m1j1s1,500,500,5000,0.846,"[0.814, 0.876]",59.8802,50.128,6.25,6.9052,27.218,2.964,0.00010222444962710142,116.2582
random,factorial_m1j1s1,1500,500,5000,0.846,"[0.816, 0.878]",59.8802,50.128,6.25,6.9052,27.218,2.964,0.00010163010749965906,116.2582
random,frontier_without_merging,25,500,5000,0.0,"[0.0, 0.0]",19.014,4.986,1.0,0.0,0.4594,1.0,2.8976609371602537e-05,25.0
random,frontier_without_merging,50,500,5000,0.0,"[0.0, 0.0]",27.778,20.222,2.0,0.0,2.5388,2.0,4.876748099923134e-05,50.0
random,frontier_without_merging,100,500,5000,0.0,"[0.0, 0.0]",49.226,46.174,4.6,0.0,22.0076,2.0,8.662513997405767e-05,100.0
random,frontier_without_merging,200,500,5000,0.83,"[0.796, 0.864]",60.0834,56.894,6.298,0.0,30.414,2.956,0.00010427245181053876,123.2754
random,frontier_without_merging,500,500,5000,0.83,"[0.796, 0.864]",60.0834,56.894,6.298,0.0,30.414,2.956,0.00010429874137043954,123.2754
random,frontier_without_merging,1500,500,5000,0.83,"[0.798, 0.864]",60.0834,56.894,6.298,0.0,30.414,2.956,0.00010371735841035842,123.2754
random,full_interference_search,25,500,5000,0.0,"[0.0, 0.0]",19.014,4.986,1.0,1.352,0.4638,1.0,2.9747830890119076e-05,25.0
random,full_interference_search,50,500,5000,0.0,"[0.0, 0.0]",28.044,19.924,2.032,1.7894,3.2618,2.0,4.983071479946375e-05,50.0
random,full_interference_search,100,500,5000,0.013399999999999999,"[0.0052, 0.023]",52.0948,42.994,4.85,5.7578,21.1522,2.034,8.931748420000076e-05,99.9388
random,full_interference_search,200,500,5000,0.846,"[0.814, 0.8760499999999998]",59.8802,50.128,6.25,6.9052,27.218,2.964,0.00010209770295768976,116.2582
random,full_interference_search,500,500,5000,0.846,"[0.814, 0.878]",59.8802,50.128,6.25,6.9052,27.218,2.964,0.00010213369969278575,116.2582
random,full_interference_search,1500,500,5000,0.846,"[0.814, 0.876]",59.8802,50.128,6.25,6.9052,27.218,2.964,0.00010157374739646912,116.2582
random,hand_bound_frontier,25,500,5000,0.0,"[0.0, 0.0]",23.0,0.0,2.0,1.383,0.591,2.0,5.2280227094888685e-05,25.0
random,hand_bound_frontier,50,500,5000,0.0,"[0.0, 0.0]",45.8012,0.0,4.1988,3.9106,2.6172,2.0,8.756372854113579e-05,50.0
random,hand_bound_frontier,100,500,5000,0.208,"[0.192, 0.225]",68.2676,0.0,8.6578,7.236,3.5412,3.0,0.00012191798090934754,76.9254
random,hand_bound_frontier,200,500,5000,0.208,"[0.19140000000000001, 0.22540000000000004]",68.2676,0.0,8.6578,7.236,3.5412,3.0,0.00012148972153663635,76.9254
random,hand_bound_frontier,500,500,5000,0.208,"[0.19119499999999998, 0.22419999999999998]",68.2676,0.0,8.6578,7.236,3.5412,3.0,0.00012146432381123305,76.9254
random,hand_bound_frontier,1500,500,5000,0.208,"[0.19119999999999998, 0.2248]",68.2676,0.0,8.6578,7.236,3.5412,3.0,0.00012086352426558733,76.9254
random,independent_parallel,25,500,5000,0.0,"[0.0, 0.0]",19.014,4.986,1.0,0.0,0.0,1.0,2.9033975675702094e-05,25.0
random,independent_parallel,50,500,5000,0.0,"[0.0, 0.0]",27.7124,20.2876,2.0,0.0,0.0,2.0,5.920501202344894e-05,50.0
random,independent_parallel,100,500,5000,0.0,"[0.0, 0.0]",49.1838,46.177,4.6392,0.0,0.0,2.0,9.567328914999962e-05,100.0
random,independent_parallel,200,500,5000,0.6587999999999999,"[0.6336, 0.6835999999999999]",75.9046,66.362,8.6592,0.0,0.0,3.676,0.00015095789209008216,150.9258
random,independent_parallel,500,500,5000,0.8864,"[0.8687999999999999, 0.903605]",104.3136,91.018,12.444,0.0,0.0,4.779,0.000204935653693974,207.7756
random,independent_parallel,1500,500,5000,0.9792000000000001,"[0.9706000000000001, 0.9865999999999999]",127.5346,110.145,15.517,0.0,0.0,5.804,0.0002491678277030587,253.1966
random,merging_without_learned_judge,25,500,5000,0.0,"[0.0, 0.0]",23.0,0.0,2.0,1.386,0.0,2.0,4.289791695773602e-05,25.0
random,merging_without_learned_judge,50,500,5000,0.0,"[0.0, 0.0]",45.801,0.0,4.199,3.9432,0.0,2.0,7.087741401046514e-05,50.0
random,merging_without_learned_judge,100,500,5000,0.1968,"[0.18020000000000003, 0.214]",68.3748,0.0,8.6816,7.3346,0.0,3.0,0.00010265559833496809,77.0564
random,merging_without_learned_judge,200,500,5000,0.1968,"[0.17980000000000002, 0.2132]",68.3748,0.0,8.6816,7.3346,0.0,3.0,0.0001020256457850337,77.0564
random,merging_without_learned_judge,500,500,5000,0.1968,"[0.18, 0.214205]",68.3748,0.0,8.6816,7.3346,0.0,3.0,0.00010191113874316215,77.0564
random,merging_without_learned_judge,1500,500,5000,0.1968,"[0.1806, 0.21380000000000002]",68.3748,0.0,8.6816,7.3346,0.0,3.0,0.0001013356439769268,77.0564
random,single_line,25,500,5000,0.0,"[0.0, 0.0]",19.014,4.986,1.0,0.0,0.0,1.0,2.9059091210365294e-05,25.0
random,single_line,50,500,5000,0.0,"[0.0, 0.0]",27.7124,20.2876,2.0,0.0,0.0,2.0,5.080635864287615e-05,50.0
random,single_line,100,500,5000,0.263,"[0.24520000000000003, 0.2816]",45.706,40.2188,3.9774,0.0,0.0,3.9774,8.310201838612557e-05,89.9022
random,single_line,200,500,5000,0.5452,"[0.5216000000000001, 0.5708049999999999]",76.117,65.2306,7.2238,0.0,0.0,7.2238,0.0001353529293090105,148.5714
random,single_line,500,500,5000,0.7902,"[0.767995, 0.81081]",122.1408,109.7676,11.5966,0.0,0.0,11.5966,0.00021600270848721266,243.505
random,single_line,1500,500,5000,0.9448,"[0.9322, 0.9564100000000001]",175.1774,158.6344,16.6396,0.0,0.0,16.6396,0.00030892378203570844,350.4514
stratified,beam,25,500,5000,0.0,"[0.0, 0.0]",19.072,4.928,1.0,2.206,0.0,1.0,2.9556873813271523e-05,25.0
stratified,beam,50,500,5000,0.0,"[0.0, 0.0]",28.366,19.548,2.086,2.8704,0.0,2.0,4.9882400780916214e-05,50.0
stratified,beam,100,500,5000,0.0502,"[0.0324, 0.07060499999999997]",52.8618,41.942,4.914,7.484,0.0,2.072,8.767946381121873e-05,99.7178
stratified,beam,200,500,5000,0.776,"[0.74, 0.812]",61.626,48.648,6.738,8.6994,0.0,3.0,0.00010410491619259119,117.012
stratified,beam,500,500,5000,0.776,"[0.742, 0.814]",61.626,48.648,6.738,8.6994,0.0,3.0,0.000103831865824759,117.012
stratified,beam,1500,500,5000,0.776,"[0.738, 0.812]",61.626,48.648,6.738,8.6994,0.0,3.0,0.00010315367896109819,117.012
stratified,best_first,25,500,5000,0.0,"[0.0, 0.0]",19.072,4.928,1.0,2.206,0.0,1.0,2.9420379921793938e-05,25.0
stratified,best_first,50,500,5000,0.028,"[0.014, 0.0434]",28.2418,19.546,2.086,2.832,0.0,2.086,4.8704371601343155e-05,49.8738
stratified,best_first,100,500,5000,0.674,"[0.6341950000000001, 0.7155999999999999]",40.2984,32.874,4.018,4.2858,0.0,4.018,7.047102339565755e-05,77.1904
stratified,best_first,200,500,5000,0.8626,"[0.8328, 0.891]",51.9194,40.968,5.454,7.7394,0.0,5.454,8.792784344404936e-05,98.3414
stratified,best_first,500,500,5000,1.0,"[1.0, 1.0]",57.5428,43.366,6.224,10.511,0.0,6.224,9.582778196781873e-05,107.1328
stratified,best_first,1500,500,5000,1.0,"[1.0, 1.0]",57.5428,43.366,6.224,10.511,0.0,6.224,9.535059500485658e-05,107.1328
stratified,bfs,25,500,5000,0.0,"[0.0, 0.0]",23.008,0.0,1.992,2.2592,0.0,1.992,4.120888616889715e-05,25.0
stratified,bfs,50,500,5000,0.0,"[0.0, 0.0]",45.7832,0.0,4.2168,5.0388,0.0,4.2168,7.095635049045086e-05,50.0
stratified,bfs,100,500,5000,0.0038,"[0.0008, 0.0078]",90.9642,0.0,9.0156,20.2618,0.0,9.0156,0.00012937466371804477,99.9798
stratified,bfs,200,500,5000,0.18480000000000002,"[0.15419999999999998, 0.21740999999999996]",173.7824,0.0,18.8978,66.4186,0.0,18.8978,0.00023152875434607266,192.6802
stratified,bfs,500,500,5000,0.8432000000000001,"[0.82358, 0.8642000000000001]",272.0614,0.0,47.7096,110.9174,0.0,47.7096,0.00036123249903321266,319.771
stratified,bfs,1500,500,5000,1.0,"[1.0, 1.0]",281.9572,0.0,50.7902,116.1742,0.0,50.7902,0.000373471050709486,332.7474
stratified,factorial_m0j0s0,25,500,5000,0.0,"[0.0, 0.0]",23.008,0.0,1.992,0.0,0.0,1.992,4.67753604054451e-05,25.0
stratified,factorial_m0j0s0,50,500,5000,0.1016,"[0.08979499999999999, 0.11420499999999997]",44.0494,0.0,5.0872,0.0,0.0,5.0872,7.567932680249214e-05,49.1366
stratified,factorial_m0j0s0,100,500,5000,0.30979999999999996,"[0.2844, 0.3368]",65.858,0.0,9.5012,0.0,0.0,9.5012,0.0001041681457310915,75.3592
stratified,factorial_m0j0s0,200,500,5000,0.3101999999999999,"[0.28159500000000004, 0.3362]",65.9172,0.0,9.5102,0.0,0.0,9.5102,0.0001032198864966631,75.4274
stratified,factorial_m0j0s0,500,500,5000,0.3101999999999999,"[0.28479499999999996, 0.33760999999999997]",65.9172,0.0,9.5102,0.0,0.0,9.5102,0.00010293347798287869,75.4274
stratified,factorial_m0j0s0,1500,500,5000,0.3101999999999999,"[0.28459, 0.3368099999999999]",65.9172,0.0,9.5102,0.0,0.0,9.5102,0.00010240210834890605,75.4274
stratified,factorial_m0j0s1,25,500,5000,0.0,"[0.0, 0.0]",23.008,0.0,1.992,0.0,0.0,1.992,4.239691812545061e-05,25.0
stratified,factorial_m0j0s1,50,500,5000,0.0,"[0.0, 0.0]",45.7896,0.0,4.2104,0.0,0.0,2.0,6.995885018259288e-05,50.0
stratified,factorial_m0j0s1,100,500,5000,0.2396,"[0.21638999999999997, 0.26259999999999994]",68.1778,0.0,8.6054,0.0,0.0,3.0,0.00010215608440339565,76.7832
stratified,factorial_m0j0s1,200,500,5000,0.2396,"[0.21619499999999997, 0.263005]",68.1778,0.0,8.6054,0.0,0.0,3.0,0.00010118979029357434,76.7832
stratified,factorial_m0j0s1,500,500,5000,0.2396,"[0.21619499999999997, 0.26380000000000003]",68.1778,0.0,8.6054,0.0,0.0,3.0,0.00010108298286795616,76.7832
stratified,factorial_m0j0s1,1500,500,5000,0.2396,"[0.21680000000000002, 0.26140499999999994]",68.1778,0.0,8.6054,0.0,0.0,3.0,0.00010053820181638002,76.7832
stratified,factorial_m0j1s0,25,500,5000,0.0,"[0.0, 0.0]",19.072,4.928,1.0,0.0,0.4444,1.0,2.8929125331342222e-05,25.0
stratified,factorial_m0j1s0,50,500,5000,0.0,"[0.0, 0.0]",27.67,20.33,2.0,0.0,2.4688,2.0,4.9566644802689554e-05,50.0
stratified,factorial_m0j1s0,100,500,5000,0.6486000000000001,"[0.6058000000000001, 0.690415]",39.552,36.342,3.952,0.0,14.5244,3.952,7.312063872814178e-05,79.846
stratified,factorial_m0j1s0,200,500,5000,0.756,"[0.718, 0.796]",43.2738,39.736,4.546,0.0,17.514,4.546,7.864504940807819e-05,87.5558
stratified,factorial_m0j1s0,500,500,5000,0.756,"[0.718, 0.794]",43.2738,39.736,4.546,0.0,17.514,4.546,7.870066724717617e-05,87.5558
stratified,factorial_m0j1s0,1500,500,5000,0.756,"[0.72, 0.794]",43.2738,39.736,4.546,0.0,17.514,4.546,7.827523779124021e-05,87.5558
stratified,factorial_m0j1s1,25,500,5000,0.0,"[0.0, 0.0]",19.072,4.928,1.0,0.0,0.4444,1.0,2.876914069056511e-05,25.0
stratified,factorial_m0j1s1,50,500,5000,0.0,"[0.0, 0.0]",27.67,20.33,2.0,0.0,2.4688,2.0,4.862077981233597e-05,50.0
stratified,factorial_m0j1s1,100,500,5000,0.0,"[0.0, 0.0]",49.32,46.068,4.612,0.0,21.3476,2.0,8.630010932683945e-05,100.0
stratified,factorial_m0j1s1,200,500,5000,0.758,"[0.72, 0.796]",60.2882,57.056,6.29,0.0,29.832,2.912,0.00010407264474779368,123.6342
stratified,factorial_m0j1s1,500,500,5000,0.758,"[0.71995, 0.796]",60.2882,57.056,6.29,0.0,29.832,2.912,0.00010404441729187965,123.6342
stratified,factorial_m0j1s1,1500,500,5000,0.758,"[0.72, 0.794]",60.2882,57.056,6.29,0.0,29.832,2.912,0.00010342421345412732,123.6342
stratified,factorial_m1j0s0,25,500,5000,0.0,"[0.0, 0.0]",23.008,0.0,1.992,2.2602,0.0,1.992,4.3292366154491904e-05,25.0
stratified,factorial_m1j0s0,50,500,5000,0.1066,"[0.09519499999999999, 0.12]",43.8498,0.0,5.1198,4.3172,0.0,5.1198,7.407910153269768e-05,48.9696
stratified,factorial_m1j0s0,100,500,5000,0.27719999999999995,"[0.25460000000000005, 0.3008]",65.1836,0.0,9.4372,7.9734,0.0,9.4372,0.00010243760701268912,74.6208
stratified,factorial_m1j0s0,200,500,5000,0.2776,"[0.25559500000000007, 0.30060000000000003]",65.2106,0.0,9.4416,7.982,0.0,9.4416,0.00010192004851996898,74.6522
stratified,factorial_m1j0s0,500,500,5000,0.2776,"[0.25439500000000004, 0.300205]",65.2106,0.0,9.4416,7.982,0.0,9.4416,0.00010183049757033586,74.6522
stratified,factorial_m1j0s0,1500,500,5000,0.2776,"[0.2542, 0.29980499999999993]",65.2106,0.0,9.4416,7.982,0.0,9.4416,0.00010123742688447237,74.6522
stratified,factorial_m1j0s1,25,500,5000,0.0,"[0.0, 0.0]",23.008,0.0,1.992,2.2602,0.0,1.992,4.2213172651827334e-05,25.0
stratified,factorial_m1j0s1,50,500,5000,0.0,"[0.0, 0.0]",45.79,0.0,4.21,5.2772,0.0,2.0,7.005587164312601e-05,50.0
stratified,factorial_m1j0s1,100,500,5000,0.222,"[0.202, 0.2412]",68.3586,0.0,8.6354,8.991,0.0,3.0,0.00010132225137203932,76.994
stratified,factorial_m1j0s1,200,500,5000,0.222,"[0.201995, 0.243]",68.3586,0.0,8.6354,8.991,0.0,3.0,0.00010074714999645948,76.994
stratified,factorial_m1j0s1,500,500,5000,0.222,"[0.20219499999999999, 0.243005]",68.3586,0.0,8.6354,8.991,0.0,3.0,0.000100679518468678,76.994
stratified,factorial_m1j0s1,1500,500,5000,0.222,"[0.20200000000000004, 0.24260499999999996]",68.3586,0.0,8.6354,8.991,0.0,3.0,0.00010001799557358027,76.994
stratified,factorial_m1j1s0,25,500,5000,0.0,"[0.0, 0.0]",19.072,4.928,1.0,2.206,0.4524,1.0,2.9527523927390574e-05,25.0
stratified,factorial_m1j1s0,50,500,5000,0.028,"[0.014595, 0.0434]",28.2418,19.546,2.086,2.832,3.2296,2.086,5.054023545235395e-05,49.8738
stratified,factorial_m1j1s0,100,500,5000,0.6705999999999999,"[0.6271900000000001, 0.711205]",40.2096,32.82,4.004,4.2784,13.6956,4.004,7.286257874220609e-05,77.0336
stratified,factorial_m1j1s0,200,500,5000,0.764,"[0.726, 0.8]",43.0614,35.186,4.488,4.692,15.806,4.488,7.706687767058611e-05,82.7354
stratified,factorial_m1j1s0,500,500,5000,0.764,"[0.726, 0.8]",43.0614,35.186,4.488,4.692,15.806,4.488,7.715875394642353e-05,82.7354
stratified,factorial_m1j1s0,1500,500,5000,0.764,"[0.728, 0.8]",43.0614,35.186,4.488,4.692,15.806,4.488,7.673983313143253e-05,82.7354
stratified,factorial_m1j1s1,25,500,5000,0.0,"[0.0, 0.0]",19.072,4.928,1.0,2.206,0.4524,1.0,2.9525882937014103e-05,25.0
stratified,factorial_m1j1s1,50,500,5000,0.0,"[0.0, 0.0]",28.366,19.548,2.086,2.8704,3.2304,2.0,4.984281454235315e-05,50.0
stratified,factorial_m1j1s1,100,500,5000,0.0502,"[0.0328, 0.06920499999999997]",52.842,41.938,4.912,7.468,20.7784,2.072,8.903411962091922e-05,99.692
stratified,factorial_m1j1s1,200,500,5000,0.772,"[0.734, 0.808]",60.0628,48.644,6.24,8.5234,26.39,2.916,0.00010092930048704147,114.9468
stratified,factorial_m1j1s1,500,500,5000,0.772,"[0.732, 0.81]",60.0628,48.644,6.24,8.5234,26.39,2.916,0.00010094567816704512,114.9468
stratified,factorial_m1j1s1,1500,500,5000,0.772,"[0.736, 0.81]",60.0628,48.644,6.24,8.5234,26.39,2.916,0.00010035618413239717,114.9468
stratified,frontier_without_merging,25,500,5000,0.0,"[0.0, 0.0]",19.072,4.928,1.0,0.0,0.4444,1.0,2.8854150883853434e-05,25.0
stratified,frontier_without_merging,50,500,5000,0.0,"[0.0, 0.0]",27.67,20.33,2.0,0.0,2.4688,2.0,4.8624527454376224e-05,50.0
stratified,frontier_without_merging,100,500,5000,0.0,"[0.0, 0.0]",49.32,46.068,4.612,0.0,21.3476,2.0,8.625581599771976e-05,100.0
stratified,frontier_without_merging,200,500,5000,0.758,"[0.72, 0.794]",60.2882,57.056,6.29,0.0,29.832,2.912,0.00010409574266523123,123.6342
stratified,frontier_without_merging,500,500,5000,0.758,"[0.72, 0.796]",60.2882,57.056,6.29,0.0,29.832,2.912,0.00010409554876387119,123.6342
stratified,frontier_without_merging,1500,500,5000,0.758,"[0.72, 0.796]",60.2882,57.056,6.29,0.0,29.832,2.912,0.00010348901376128196,123.6342
stratified,full_interference_search,25,500,5000,0.0,"[0.0, 0.0]",19.072,4.928,1.0,2.206,0.4524,1.0,2.958005052059889e-05,25.0
stratified,full_interference_search,50,500,5000,0.0,"[0.0, 0.0]",28.366,19.548,2.086,2.8704,3.2304,2.0,4.9816711992025374e-05,50.0
stratified,full_interference_search,100,500,5000,0.0502,"[0.032600000000000004, 0.069]",52.842,41.938,4.912,7.468,20.7784,2.072,8.896030914038419e-05,99.692
stratified,full_interference_search,200,500,5000,0.772,"[0.734, 0.8060499999999998]",60.0628,48.644,6.24,8.5234,26.39,2.916,0.00010083835627883673,114.9468
stratified,full_interference_search,500,500,5000,0.772,"[0.736, 0.808]",60.0628,48.644,6.24,8.5234,26.39,2.916,0.00010091530792415142,114.9468
stratified,full_interference_search,1500,500,5000,0.772,"[0.734, 0.808]",60.0628,48.644,6.24,8.5234,26.39,2.916,0.00010031764730811119,114.9468
stratified,hand_bound_frontier,25,500,5000,0.0,"[0.0, 0.0]",23.008,0.0,1.992,2.2576,0.6312,1.992,5.1327312178909776e-05,25.0
stratified,hand_bound_frontier,50,500,5000,0.0,"[0.0, 0.0]",45.7904,0.0,4.2096,5.2542,2.85,2.0,8.639898076653481e-05,50.0
stratified,hand_bound_frontier,100,500,5000,0.2384,"[0.21780000000000002, 0.25880000000000003]",68.251,0.0,8.6076,8.8762,3.8668,3.0,0.00012016526516526938,76.8586
stratified,hand_bound_frontier,200,500,5000,0.2384,"[0.21860000000000002, 0.25939999999999996]",68.251,0.0,8.6076,8.8762,3.8668,3.0,0.00011972919758409262,76.8586
stratified,hand_bound_frontier,500,500,5000,0.2384,"[0.21760000000000002, 0.2592]",68.251,0.0,8.6076,8.8762,3.8668,3.0,0.00011972339618951082,76.8586
stratified,hand_bound_frontier,1500,500,5000,0.2384,"[0.21760000000000002, 0.25880499999999995]",68.251,0.0,8.6076,8.8762,3.8668,3.0,0.0001191214768216014,76.8586
stratified,independent_parallel,25,500,5000,0.0,"[0.0, 0.0]",19.072,4.928,1.0,0.0,0.0,1.0,2.8898191824555396e-05,25.0
stratified,independent_parallel,50,500,5000,0.0,"[0.0, 0.0]",27.5894,20.4106,2.0,0.0,0.0,2.0,5.8990442380309105e-05,50.0
stratified,independent_parallel,100,500,5000,0.0,"[0.0, 0.0]",49.2922,46.0606,4.6472,0.0,0.0,2.0,9.530116152018308e-05,100.0
stratified,independent_parallel,200,500,5000,0.6322000000000001,"[0.6046, 0.659805]",76.9346,67.2568,8.6886,0.0,0.0,3.7302,0.00015187124386429788,152.88
stratified,independent_parallel,500,500,5000,0.8415999999999999,"[0.8207949999999999, 0.8613999999999999]",111.5778,97.1382,13.3064,0.0,0.0,5.085,0.00021721621621400119,222.0224
stratified,independent_parallel,1500,500,5000,0.9646,"[0.9538, 0.974]",147.3222,126.39,18.107,0.0,0.0,6.6942,0.00028544522114098075,291.8192
stratified,merging_without_learned_judge,25,500,5000,0.0,"[0.0, 0.0]",23.008,0.0,1.992,2.2602,0.0,1.992,4.236252959817648e-05,25.0
stratified,merging_without_learned_judge,50,500,5000,0.0,"[0.0, 0.0]",45.79,0.0,4.21,5.2772,0.0,2.0,7.023730464279652e-05,50.0
stratified,merging_without_learned_judge,100,500,5000,0.222,"[0.2014, 0.24200999999999995]",68.3586,0.0,8.6354,8.991,0.0,3.0,0.00010156253706663846,76.994
stratified,merging_without_learned_judge,200,500,5000,0.222,"[0.20220000000000002, 0.24280500000000002]",68.3586,0.0,8.6354,8.991,0.0,3.0,0.00010091662034392356,76.994
stratified,merging_without_learned_judge,500,500,5000,0.222,"[0.201995, 0.24340499999999998]",68.3586,0.0,8.6354,8.991,0.0,3.0,0.00010078291203826666,76.994
stratified,merging_without_learned_judge,1500,500,5000,0.222,"[0.2014, 0.24259999999999998]",68.3586,0.0,8.6354,8.991,0.0,3.0,0.00010019913166761398,76.994
stratified,single_line,25,500,5000,0.0,"[0.0, 0.0]",19.072,4.928,1.0,0.0,0.0,1.0,2.891407534480095e-05,25.0
stratified,single_line,50,500,5000,0.0,"[0.0, 0.0]",27.5894,20.4106,2.0,0.0,0.0,2.0,5.050346441566944e-05,50.0
stratified,single_line,100,500,5000,0.30360000000000004,"[0.27999500000000005, 0.3276]",45.028,39.5106,3.957,0.0,0.0,3.957,8.16883960738778e-05,88.4956
stratified,single_line,200,500,5000,0.536,"[0.5085949999999999, 0.565]",74.9764,63.7738,7.0746,0.0,0.0,7.0746,0.00013208414949476718,145.8248
stratified,single_line,500,500,5000,0.743,"[0.7173900000000001, 0.7684000000000001]",125.8662,112.4276,11.9654,0.0,0.0,11.9654,0.00022104099914431572,250.2592
stratified,single_line,1500,500,5000,0.9148000000000001,"[0.8984000000000001, 0.93]",196.9824,178.174,18.7918,0.0,0.0,18.7918,0.0003453280657529831,393.9482
stratum_1,beam,25,175,1750,0.0,"[0.0, 0.0]",18.86857142857143,5.131428571428572,1.0,0.37142857142857144,0.0,1.0,2.9657330363988875e-05,25.0
stratum_1,beam,50,175,1750,0.0,"[0.0, 0.0]",27.765714285714285,20.234285714285715,2.0,0.5182857142857142,0.0,2.0,4.976856761745044e-05,50.0
stratum_1,beam,100,175,1750,0.0,"[0.0, 0.0]",51.205714285714286,43.96,4.8342857142857145,3.5765714285714285,0.0,2.0,8.756209111639431e-05,100.0
stratum_1,beam,200,175,1750,0.32,"[0.24571428571428572, 0.38857142857142857]",65.78857142857143,51.90857142857143,8.085714285714285,5.451428571428571,0.0,3.0,0.00011194558548075813,125.78285714285714
stratum_1,beam,500,175,1750,0.32,"[0.25142857142857145, 0.3942857142857143]",65.78857142857143,51.90857142857143,8.085714285714285,5.451428571428571,0.0,3.0,0.00011160825778331075,125.78285714285714
stratum_1,beam,1500,175,1750,0.32,"[0.25142857142857145, 0.38857142857142857]",65.78857142857143,51.90857142857143,8.085714285714285,5.451428571428571,0.0,3.0,0.00011098270543984005,125.78285714285714
stratum_1,best_first,25,175,1750,0.0,"[0.0, 0.0]",18.86857142857143,5.131428571428572,1.0,0.37142857142857144,0.0,1.0,2.9556993395090105e-05,25.0
stratum_1,best_first,50,175,1750,0.0,"[0.0, 0.0]",27.765714285714285,20.234285714285715,2.0,0.5182857142857142,0.0,2.0,4.8773315868207386e-05,50.0
stratum_1,best_first,100,175,1750,0.18171428571428572,"[0.12855714285714284, 0.2382857142857143]",49.33371428571429,41.77142857142857,4.925714285714286,3.149714285714286,0.0,4.925714285714286,8.640837988683155e-05,96.03085714285714
stratum_1,best_first,200,175,1750,0.6131428571428571,"[0.5405571428571428, 0.6828571428571428]",82.58628571428571,65.02857142857142,8.925714285714285,13.145714285714286,0.0,8.925714285714285,0.00013661533540913038,156.54057142857144
stratum_1,best_first,500,175,1750,1.0,"[1.0, 1.0]",100.28228571428572,72.53714285714285,11.28,22.021142857142856,0.0,11.28,0.00016115028304713113,184.09942857142858
stratum_1,best_first,1500,175,1750,1.0,"[1.0, 1.0]",100.28228571428572,72.53714285714285,11.28,22.021142857142856,0.0,11.28,0.00016048571201307432,184.09942857142858
stratum_1,bfs,25,175,1750,0.0,"[0.0, 0.0]",23.005714285714287,0.0,1.9942857142857142,0.38742857142857146,0.0,1.9942857142857142,4.1927579258169446e-05,25.0
stratum_1,bfs,50,175,1750,0.0,"[0.0, 0.0]",45.77257142857143,0.0,4.227428571428572,2.276,0.0,4.227428571428572,7.194932496973447e-05,50.0
stratum_1,bfs,100,175,1750,0.0,"[0.0, 0.0]",90.972,0.0,9.028,15.332571428571429,0.0,9.028,0.00013101395804967199,100.0
stratum_1,bfs,200,175,1750,0.002857142857142857,"[0.0, 0.0068571428571428585]",181.01257142857142,0.0,18.934285714285714,65.31028571428571,0.0,18.934285714285714,0.00024306765092270714,199.94685714285714
stratum_1,bfs,500,175,1750,0.5251428571428571,"[0.4925714285714285, 0.5582999999999999]",360.5422857142857,0.0,73.08,146.86457142857142,0.0,73.08,0.0004831176783357348,433.62228571428574
stratum_1,bfs,1500,175,1750,1.0,"[1.0, 1.0]",392.7177142857143,0.0,83.132,164.00057142857142,0.0,83.132,0.0005253464542329311,475.8497142857143
stratum_1,factorial_m0j0s0,25,175,1750,0.0,"[0.0, 0.0]",23.005714285714287,0.0,1.9942857142857142,0.0,0.0,1.9942857142857142,4.691747682435172e-05,25.0
stratum_1,factorial_m0j0s0,50,175,1750,0.006285714285714286,"[0.002857142857142857, 0.010285714285714285]",44.69942857142857,0.0,5.2622857142857145,0.0,0.0,5.2622857142857145,7.705962924020631e-05,49.96171428571429
stratum_1,factorial_m0j0s0,100,175,1750,0.03371428571428572,"[0.025714285714285714, 0.042285714285714295]",70.67428571428572,0.0,10.638285714285715,0.0,0.0,10.638285714285715,0.0001109157848571028,81.31257142857143
stratum_1,factorial_m0j0s0,200,175,1750,0.03371428571428572,"[0.025142857142857144, 0.04285714285714286]",70.74514285714285,0.0,10.649714285714285,0.0,0.0,10.649714285714285,0.0001099299852337156,81.39485714285715
stratum_1,factorial_m0j0s0,500,175,1750,0.03371428571428572,"[0.025142857142857144, 0.04285714285714285]",70.74514285714285,0.0,10.649714285714285,0.0,0.0,10.649714285714285,0.00010964160678642136,81.39485714285715
stratum_1,factorial_m0j0s0,1500,175,1750,0.03371428571428572,"[0.025714285714285714, 0.04285714285714286]",70.74514285714285,0.0,10.649714285714285,0.0,0.0,10.649714285714285,0.0001091066524386406,81.39485714285715
stratum_1,factorial_m0j0s1,25,175,1750,0.0,"[0.0, 0.0]",23.005714285714287,0.0,1.9942857142857142,0.0,0.0,1.9942857142857142,4.23601402768067e-05,25.0
stratum_1,factorial_m0j0s1,50,175,1750,0.0,"[0.0, 0.0]",45.770857142857146,0.0,4.2291428571428575,0.0,0.0,2.0,6.992175696151597e-05,50.0
stratum_1,factorial_m0j0s1,100,175,1750,0.020571428571428574,"[0.013714285714285717, 0.028]",69.096,0.0,8.965714285714286,0.0,0.0,3.0,0.00010328370492373194,78.06171428571429
stratum_1,factorial_m0j0s1,200,175,1750,0.020571428571428574,"[0.013714285714285717, 0.02857142857142857]",69.096,0.0,8.965714285714286,0.0,0.0,3.0,0.00010238185844251088,78.06171428571429
stratum_1,factorial_m0j0s1,500,175,1750,0.020571428571428574,"[0.013714285714285717, 0.028]",69.096,0.0,8.965714285714286,0.0,0.0,3.0,0.00010228903431977545,78.06171428571429
stratum_1,factorial_m0j0s1,1500,175,1750,0.020571428571428574,"[0.013714285714285717, 0.028]",69.096,0.0,8.965714285714286,0.0,0.0,3.0,0.00010175812989473343,78.06171428571429
stratum_1,factorial_m0j1s0,25,175,1750,0.0,"[0.0, 0.0]",18.86857142857143,5.131428571428572,1.0,0.0,0.5754285714285714,1.0,2.8934857142823083e-05,25.0
stratum_1,factorial_m0j1s0,50,175,1750,0.0,"[0.0, 0.0]",27.702857142857145,20.297142857142855,2.0,0.0,3.3137142857142856,2.0,4.9533921160868234e-05,50.0
stratum_1,factorial_m0j1s0,100,175,1750,0.1697142857142857,"[0.11085714285714285, 0.22685714285714287]",47.79085714285714,43.49142857142857,4.817142857142857,0.0,24.373714285714286,4.817142857142857,8.653597640139716e-05,96.09942857142858
stratum_1,factorial_m0j1s0,200,175,1750,0.29714285714285715,"[0.22857142857142856, 0.3658571428571421]",56.754285714285714,51.57142857142857,6.188571428571429,0.0,31.925714285714285,6.188571428571429,9.973292957459177e-05,114.51428571428572
stratum_1,factorial_m0j1s0,500,175,1750,0.29714285714285715,"[0.23414285714285715, 0.36]",56.754285714285714,51.57142857142857,6.188571428571429,0.0,31.925714285714285,6.188571428571429,9.964415537459509e-05,114.51428571428572
stratum_1,factorial_m0j1s0,1500,175,1750,0.29714285714285715,"[0.2342857142857143, 0.3657142857142857]",56.754285714285714,51.57142857142857,6.188571428571429,0.0,31.925714285714285,6.188571428571429,9.912046470812388e-05,114.51428571428572
stratum_1,factorial_m0j1s1,25,175,1750,0.0,"[0.0, 0.0]",18.86857142857143,5.131428571428572,1.0,0.0,0.5754285714285714,1.0,2.8755265687193188e-05,25.0
stratum_1,factorial_m0j1s1,50,175,1750,0.0,"[0.0, 0.0]",27.702857142857145,20.297142857142855,2.0,0.0,3.3137142857142856,2.0,4.8541377697672165e-05,50.0
stratum_1,factorial_m0j1s1,100,175,1750,0.0,"[0.0, 0.0]",49.22857142857143,46.06857142857143,4.702857142857143,0.0,26.780571428571427,2.0,8.686359599232674e-05,100.0
stratum_1,factorial_m0j1s1,200,175,1750,0.3142857142857143,"[0.24571428571428572, 0.38285714285714284]",61.57257142857143,56.502857142857145,6.702857142857143,0.0,36.565714285714286,2.76,0.00010508733934589794,124.77828571428572
stratum_1,factorial_m0j1s1,500,175,1750,0.3142857142857143,"[0.24571428571428572, 0.38285714285714284]",61.57257142857143,56.502857142857145,6.702857142857143,0.0,36.565714285714286,2.76,0.00010517617581146104,124.77828571428572
stratum_1,factorial_m0j1s1,1500,175,1750,0.3142857142857143,"[0.24, 0.38285714285714284]",61.57257142857143,56.502857142857145,6.702857142857143,0.0,36.565714285714286,2.76,0.0001045233995786735,124.77828571428572
stratum_1,factorial_m1j0s0,25,175,1750,0.0,"[0.0, 0.0]",23.005714285714287,0.0,1.9942857142857142,0.3965714285714286,0.0,1.9942857142857142,4.4005115117345536e-05,25.0
stratum_1,factorial_m1j0s0,50,175,1750,0.008,"[0.004, 0.012]",44.662285714285716,0.0,5.281714285714286,1.9554285714285715,0.0,5.281714285714286,7.675327413848469e-05,49.944
stratum_1,factorial_m1j0s0,100,175,1750,0.03885714285714286,"[0.03085714285714286, 0.046857142857142854]",70.98057142857142,0.0,10.664,6.162857142857143,0.0,10.664,0.00011196052016956465,81.64457142857142
stratum_1,factorial_m1j0s0,200,175,1750,0.03885714285714286,"[0.031414285714285714, 0.046857142857142854]",71.00628571428571,0.0,10.667428571428571,6.1737142857142855,0.0,10.667428571428571,0.00011143042200378009,81.67371428571428
stratum_1,factorial_m1j0s0,500,175,1750,0.03885714285714286,"[0.03085714285714286, 0.046857142857142854]",71.00628571428571,0.0,10.667428571428571,6.1737142857142855,0.0,10.667428571428571,0.00011132139286824634,81.67371428571428
stratum_1,factorial_m1j0s0,1500,175,1750,0.03885714285714286,"[0.03085714285714286, 0.046857142857142854]",71.00628571428571,0.0,10.667428571428571,6.1737142857142855,0.0,10.667428571428571,0.00011069850304297039,81.67371428571428
stratum_1,factorial_m1j0s1,25,175,1750,0.0,"[0.0, 0.0]",23.005714285714287,0.0,1.9942857142857142,0.3965714285714286,0.0,1.9942857142857142,4.292495495506695e-05,25.0
stratum_1,factorial_m1j0s1,50,175,1750,0.0,"[0.0, 0.0]",45.77314285714286,0.0,4.226857142857143,2.4405714285714284,0.0,2.0,7.100349983998708e-05,50.0
stratum_1,factorial_m1j0s1,100,175,1750,0.024,"[0.017142857142857144, 0.03142857142857143]",69.07714285714286,0.0,8.965714285714286,5.602285714285714,0.0,3.0,0.0001037155772958483,78.04285714285714
stratum_1,factorial_m1j0s1,200,175,1750,0.024,"[0.017142857142857144, 0.03142857142857143]",69.07714285714286,0.0,8.965714285714286,5.602285714285714,0.0,3.0,0.00010310030036738941,78.04285714285714
stratum_1,factorial_m1j0s1,500,175,1750,0.024,"[0.017142857142857144, 0.03142857142857143]",69.07714285714286,0.0,8.965714285714286,5.602285714285714,0.0,3.0,0.00010305132184709822,78.04285714285714
stratum_1,factorial_m1j0s1,1500,175,1750,0.024,"[0.016571428571428574, 0.03142857142857143]",69.07714285714286,0.0,8.965714285714286,5.602285714285714,0.0,3.0,0.00010243410457457815,78.04285714285714
stratum_1,factorial_m1j1s0,25,175,1750,0.0,"[0.0, 0.0]",18.86857142857143,5.131428571428572,1.0,0.37142857142857144,0.576,1.0,2.9628087899514607e-05,25.0
stratum_1,factorial_m1j1s0,50,175,1750,0.0,"[0.0, 0.0]",27.765714285714285,20.234285714285715,2.0,0.5182857142857142,3.5862857142857143,2.0,5.0431994455201284e-05,50.0
stratum_1,factorial_m1j1s0,100,175,1750,0.18171428571428572,"[0.1257, 0.23887142857142848]",49.168,41.70857142857143,4.908571428571428,3.1285714285714286,23.12857142857143,4.908571428571428,8.823856604950769e-05,95.78514285714286
stratum_1,factorial_m1j1s0,200,175,1750,0.3028571428571429,"[0.2342857142857143, 0.37142857142857144]",56.362857142857145,47.84,6.062857142857143,4.16,28.92,6.062857142857143,9.88717121737344e-05,110.26571428571428
stratum_1,factorial_m1j1s0,500,175,1750,0.3028571428571429,"[0.2342857142857143, 0.37142857142857144]",56.362857142857145,47.84,6.062857142857143,4.16,28.92,6.062857142857143,9.889446784343038e-05,110.26571428571428
stratum_1,factorial_m1j1s0,1500,175,1750,0.3028571428571429,"[0.2342857142857143, 0.37142857142857144]",56.362857142857145,47.84,6.062857142857143,4.16,28.92,6.062857142857143,9.83162501028606e-05,110.26571428571428
stratum_1,factorial_m1j1s1,25,175,1750,0.0,"[0.0, 0.0]",18.86857142857143,5.131428571428572,1.0,0.37142857142857144,0.576,1.0,2.9593302203076226e-05,25.0
stratum_1,factorial_m1j1s1,50,175,1750,0.0,"[0.0, 0.0]",27.765714285714285,20.234285714285715,2.0,0.5182857142857142,3.5862857142857143,2.0,4.958207639200347e-05,50.0
stratum_1,factorial_m1j1s1,100,175,1750,0.0,"[0.0, 0.0]",51.205714285714286,43.96,4.8342857142857145,3.5765714285714285,25.257142857142856,2.0,8.921922956194197e-05,100.0
stratum_1,factorial_m1j1s1,200,175,1750,0.32,"[0.25142857142857145, 0.38857142857142857]",61.17142857142857,51.90857142857143,6.594285714285714,5.0285714285714285,32.78285714285714,2.7657142857142856,0.00010423158534935542,119.67428571428572
stratum_1,factorial_m1j1s1,500,175,1750,0.32,"[0.25142857142857145, 0.38857142857142857]",61.17142857142857,51.90857142857143,6.594285714285714,5.0285714285714285,32.78285714285714,2.7657142857142856,0.00010430995800665447,119.67428571428572
stratum_1,factorial_m1j1s1,1500,175,1750,0.32,"[0.25142857142857145, 0.38857142857142857]",61.17142857142857,51.90857142857143,6.594285714285714,5.0285714285714285,32.78285714285714,2.7657142857142856,0.00010374706930347852,119.67428571428572
stratum_1,frontier_without_merging,25,175,1750,0.0,"[0.0, 0.0]",18.86857142857143,5.131428571428572,1.0,0.0,0.5754285714285714,1.0,2.883870473929814e-05,25.0
stratum_1,frontier_without_merging,50,175,1750,0.0,"[0.0, 0.0]",27.702857142857145,20.297142857142855,2.0,0.0,3.3137142857142856,2.0,4.859141686132976e-05,50.0
stratum_1,frontier_without_merging,100,175,1750,0.0,"[0.0, 0.0]",49.22857142857143,46.06857142857143,4.702857142857143,0.0,26.780571428571427,2.0,8.688704775912421e-05,100.0
stratum_1,frontier_without_merging,200,175,1750,0.3142857142857143,"[0.24571428571428572, 0.38857142857142857]",61.57257142857143,56.502857142857145,6.702857142857143,0.0,36.565714285714286,2.76,0.00010518249390380723,124.77828571428572
stratum_1,frontier_without_merging,500,175,1750,0.3142857142857143,"[0.24571428571428572, 0.38299999999999923]",61.57257142857143,56.502857142857145,6.702857142857143,0.0,36.565714285714286,2.76,0.0001051889615399497,124.77828571428572
stratum_1,frontier_without_merging,1500,175,1750,0.3142857142857143,"[0.25142857142857145, 0.38285714285714284]",61.57257142857143,56.502857142857145,6.702857142857143,0.0,36.565714285714286,2.76,0.00010466810954468591,124.77828571428572
stratum_1,full_interference_search,25,175,1750,0.0,"[0.0, 0.0]",18.86857142857143,5.131428571428572,1.0,0.37142857142857144,0.576,1.0,2.964970575911658e-05,25.0
stratum_1,full_interference_search,50,175,1750,0.0,"[0.0, 0.0]",27.765714285714285,20.234285714285715,2.0,0.5182857142857142,3.5862857142857143,2.0,4.9546635576656886e-05,50.0
stratum_1,full_interference_search,100,175,1750,0.0,"[0.0, 0.0]",51.205714285714286,43.96,4.8342857142857145,3.5765714285714285,25.257142857142856,2.0,8.916356308119638e-05,100.0
stratum_1,full_interference_search,200,175,1750,0.32,"[0.25142857142857145, 0.38857142857142857]",61.17142857142857,51.90857142857143,6.594285714285714,5.0285714285714285,32.78285714285714,2.7657142857142856,0.00010414721657122885,119.67428571428572
stratum_1,full_interference_search,500,175,1750,0.32,"[0.25142857142857145, 0.3942857142857143]",61.17142857142857,51.90857142857143,6.594285714285714,5.0285714285714285,32.78285714285714,2.7657142857142856,0.00010427650756069592,119.67428571428572
stratum_1,full_interference_search,1500,175,1750,0.32,"[0.25142857142857145, 0.38857142857142857]",61.17142857142857,51.90857142857143,6.594285714285714,5.0285714285714285,32.78285714285714,2.7657142857142856,0.00010366923149142946,119.67428571428572
stratum_1,hand_bound_frontier,25,175,1750,0.0,"[0.0, 0.0]",23.005714285714287,0.0,1.9942857142857142,0.39257142857142857,0.9891428571428571,1.9942857142857142,5.287611111998558e-05,25.0
stratum_1,hand_bound_frontier,50,175,1750,0.0,"[0.0, 0.0]",45.772,0.0,4.228,2.408,4.368571428571428,2.0,8.860777531351361e-05,50.0
stratum_1,hand_bound_frontier,100,175,1750,0.03428571428571429,"[0.025142857142857144, 0.044571428571428574]",69.00457142857142,0.0,8.954857142857144,5.451428571428571,5.910857142857143,3.0,0.0001238302764083658,77.95942857142857
stratum_1,hand_bound_frontier,200,175,1750,0.03428571428571429,"[0.025142857142857144, 0.04457142857142857]",69.00457142857142,0.0,8.954857142857144,5.451428571428571,5.910857142857143,3.0,0.00012333671801856587,77.95942857142857
stratum_1,hand_bound_frontier,500,175,1750,0.03428571428571429,"[0.025142857142857144, 0.04457142857142857]",69.00457142857142,0.0,8.954857142857144,5.451428571428571,5.910857142857143,3.0,0.000123309570231608,77.95942857142857
stratum_1,hand_bound_frontier,1500,175,1750,0.03428571428571429,"[0.025714285714285714, 0.044000000000000004]",69.00457142857142,0.0,8.954857142857144,5.451428571428571,5.910857142857143,3.0,0.00012273658758827618,77.95942857142857
stratum_1,independent_parallel,25,175,1750,0.0,"[0.0, 0.0]",18.86857142857143,5.131428571428572,1.0,0.0,0.0,1.0,2.9025476958070482e-05,25.0
stratum_1,independent_parallel,50,175,1750,0.0,"[0.0, 0.0]",27.678285714285714,20.321714285714286,2.0,0.0,0.0,2.0,5.907862899558885e-05,50.0
stratum_1,independent_parallel,100,175,1750,0.0,"[0.0, 0.0]",49.16628571428571,46.12228571428572,4.711428571428572,0.0,0.0,2.0,9.563983497875077e-05,100.0
stratum_1,independent_parallel,200,175,1750,0.24685714285714289,"[0.22057142857142858, 0.2720142857142857]",93.14742857142858,77.92857142857143,10.741714285714286,0.0,0.0,4.502857142857143,0.00018044896743127278,181.8177142857143
stratum_1,independent_parallel,500,175,1750,0.5308571428571429,"[0.4948571428571429, 0.5657142857142857]",180.96114285714285,152.6697142857143,22.33142857142857,0.0,0.0,7.968571428571429,0.00034614474698901177,355.9622857142857
stratum_1,independent_parallel,1500,175,1750,0.8662857142857144,"[0.8354285714285714, 0.896]",302.8891428571429,252.18114285714285,38.632,0.0,0.0,13.428,0.0005804153851100376,593.7022857142857
stratum_1,merging_without_learned_judge,25,175,1750,0.0,"[0.0, 0.0]",23.005714285714287,0.0,1.9942857142857142,0.3965714285714286,0.0,1.9942857142857142,4.309802129864693e-05,25.0
stratum_1,merging_without_learned_judge,50,175,1750,0.0,"[0.0, 0.0]",45.77314285714286,0.0,4.226857142857143,2.4405714285714284,0.0,2.0,7.119148331029074e-05,50.0
stratum_1,merging_without_learned_judge,100,175,1750,0.024,"[0.017142857142857144, 0.032]",69.07714285714286,0.0,8.965714285714286,5.602285714285714,0.0,3.0,0.00010398802586964198,78.04285714285714
stratum_1,merging_without_learned_judge,200,175,1750,0.024,"[0.016571428571428574, 0.032]",69.07714285714286,0.0,8.965714285714286,5.602285714285714,0.0,3.0,0.00010332839776362691,78.04285714285714
stratum_1,merging_without_learned_judge,500,175,1750,0.024,"[0.017142857142857144, 0.03142857142857143]",69.07714285714286,0.0,8.965714285714286,5.602285714285714,0.0,3.0,0.00010313925838896206,78.04285714285714
stratum_1,merging_without_learned_judge,1500,175,1750,0.024,"[0.017142857142857144, 0.03142857142857143]",69.07714285714286,0.0,8.965714285714286,5.602285714285714,0.0,3.0,0.00010259480401873588,78.04285714285714
stratum_1,single_line,25,175,1750,0.0,"[0.0, 0.0]",18.86857142857143,5.131428571428572,1.0,0.0,0.0,1.0,2.9037309012242725e-05,25.0
stratum_1,single_line,50,175,1750,0.0,"[0.0, 0.0]",27.678285714285714,20.321714285714286,2.0,0.0,0.0,2.0,5.0682021038872854e-05,50.0
stratum_1,single_line,100,175,1750,0.06228571428571428,"[0.05028571428571428, 0.07542857142857143]",49.62571428571429,43.65942857142857,4.321714285714286,0.0,0.0,4.321714285714286,8.975260491882052e-05,97.60685714285714
stratum_1,single_line,200,175,1750,0.16,"[0.14, 0.18057142857142858]",97.93142857142857,79.72971428571428,9.178857142857144,0.0,0.0,9.178857142857144,0.00016924774487103736,186.84
stratum_1,single_line,500,175,1750,0.36571428571428566,"[0.3331428571428572, 0.3960142857142857]",205.96057142857143,181.66171428571428,19.588571428571427,0.0,0.0,19.588571428571427,0.00035856092455131665,407.21085714285715
stratum_1,single_line,1500,175,1750,0.7125714285714285,"[0.6748571428571428, 0.7485714285714286]",416.8645714285714,375.56514285714286,39.78342857142857,0.0,0.0,39.78342857142857,0.0007288532837160996,832.2131428571429
stratum_2-5,beam,25,312,3120,0.0,"[0.0, 0.0]",19.067307692307693,4.9326923076923075,1.0,0.7596153846153846,0.0,1.0,2.9722212825734647e-05,25.0
stratum_2-5,beam,50,312,3120,0.0,"[0.0, 0.0]",28.028846153846153,19.958333333333332,2.0128205128205128,0.9833333333333333,0.0,2.0,4.9890293918836574e-05,50.0
stratum_2-5,beam,100,312,3120,0.0,"[0.0, 0.0]",51.294871794871796,43.93910256410256,4.766025641025641,3.9368589743589744,0.0,2.0064102564102564,8.743504116025109e-05,100.0
stratum_2-5,beam,200,312,3120,0.8205128205128205,"[0.7787660256410257, 0.8621794871794872]",61.43589743589744,52.07692307692308,6.657051282051282,5.306410256410256,0.0,3.0,0.0001062395161567017,120.1698717948718
stratum_2-5,beam,500,312,3120,0.8205128205128205,"[0.7788461538461539, 0.8590544871794867]",61.43589743589744,52.07692307692308,6.657051282051282,5.306410256410256,0.0,3.0,0.0001059152356062371,120.1698717948718
stratum_2-5,beam,1500,312,3120,0.8205128205128205,"[0.7788461538461539, 0.8621794871794872]",61.43589743589744,52.07692307692308,6.657051282051282,5.306410256410256,0.0,3.0,0.00010519610413421805,120.1698717948718
stratum_2-5,best_first,25,312,3120,0.0,"[0.0, 0.0]",19.067307692307693,4.9326923076923075,1.0,0.7596153846153846,0.0,1.0,2.9596141897715053e-05,25.0
stratum_2-5,best_first,50,312,3120,0.0,"[0.0, 0.0]",28.028846153846153,19.958333333333332,2.0128205128205128,0.9833333333333333,0.0,2.0128205128205128,4.886684115402973e-05,50.0
stratum_2-5,best_first,100,312,3120,0.653525641025641,"[0.6012820512820513, 0.7057772435897435]",41.34070512820513,35.57692307692308,4.134615384615385,2.4076923076923076,0.0,4.134615384615385,7.33527145945491e-05,81.05224358974358
stratum_2-5,best_first,200,312,3120,0.8983974358974359,"[0.8634535256410256, 0.930136217948718]",52.151923076923076,43.14102564102564,5.512820512820513,5.543910256410256,0.0,5.512820512820513,8.96736528748312e-05,100.80576923076923
stratum_2-5,best_first,500,312,3120,1.0,"[1.0, 1.0]",56.579166666666666,45.118589743589745,6.105769230769231,7.670512820512821,0.0,6.105769230769231,9.59960701994789e-05,107.80352564102564
stratum_2-5,best_first,1500,312,3120,1.0,"[1.0, 1.0]",56.579166666666666,45.118589743589745,6.105769230769231,7.670512820512821,0.0,6.105769230769231,9.55456133502034e-05,107.80352564102564
stratum_2-5,bfs,25,312,3120,0.0,"[0.0, 0.0]",23.003205128205128,0.0,1.9967948717948718,0.778525641025641,0.0,1.9967948717948718,4.188139260245057e-05,25.0
stratum_2-5,bfs,50,312,3120,0.0,"[0.0, 0.0]",45.81153846153846,0.0,4.188461538461539,2.7423076923076923,0.0,4.188461538461539,7.159377519900982e-05,50.0
stratum_2-5,bfs,100,312,3120,0.0,"[0.0, 0.0]",91.01025641025642,0.0,8.98974358974359,15.762179487179488,0.0,8.98974358974359,0.00013110705782683232,100.0
stratum_2-5,bfs,200,312,3120,0.01217948717948718,"[0.007692307692307694, 0.01730769230769231]",180.64583333333334,0.0,19.13621794871795,64.7951923076923,0.0,19.13621794871795,0.00024297439869349965,199.78205128205127
stratum_2-5,bfs,500,312,3120,0.8410256410256409,"[0.8240384615384616, 0.8586538461538461]",314.1192307692308,0.0,58.05673076923077,125.07307692307693,0.0,58.05673076923077,0.00041987271113798786,372.17596153846154
stratum_2-5,bfs,1500,312,3120,1.0,"[1.0, 1.0]",322.00192307692305,0.0,60.502884615384616,129.18365384615385,0.0,60.502884615384616,0.0004292335856753664,382.5048076923077
stratum_2-5,factorial_m0j0s0,25,312,3120,0.0,"[0.0, 0.0]",23.003205128205128,0.0,1.9967948717948718,0.0,0.0,1.9967948717948718,4.7288547592380875e-05,25.0
stratum_2-5,factorial_m0j0s0,50,312,3120,0.025961538461538466,"[0.020512820512820513, 0.03205128205128205]",44.575641025641026,0.0,5.181410256410256,0.0,0.0,5.181410256410256,7.691205246374011e-05,49.75705128205128
stratum_2-5,factorial_m0j0s0,100,312,3120,0.10096153846153848,"[0.08974358974358974, 0.11249999999999998]",70.00352564102565,0.0,10.386217948717949,0.0,0.0,10.386217948717949,0.00011029460509188282,80.38974358974359
stratum_2-5,factorial_m0j0s0,200,312,3120,0.10096153846153848,"[0.09006410256410256, 0.11217948717948718]",70.07532051282051,0.0,10.395833333333334,0.0,0.0,10.395833333333334,0.00010922930549639158,80.47115384615384
stratum_2-5,factorial_m0j0s0,500,312,3120,0.10096153846153848,"[0.08974358974358974, 0.11217948717948718]",70.07532051282051,0.0,10.395833333333334,0.0,0.0,10.395833333333334,0.00010901873495477515,80.47115384615384
stratum_2-5,factorial_m0j0s0,1500,312,3120,0.10096153846153848,"[0.0907051282051282, 0.11185897435897435]",70.07532051282051,0.0,10.395833333333334,0.0,0.0,10.395833333333334,0.00010839793532609175,80.47115384615384
stratum_2-5,factorial_m0j0s1,25,312,3120,0.0,"[0.0, 0.0]",23.003205128205128,0.0,1.9967948717948718,0.0,0.0,1.9967948717948718,4.251425285847523e-05,25.0
stratum_2-5,factorial_m0j0s1,50,312,3120,0.0,"[0.0, 0.0]",45.8150641025641,0.0,4.1849358974358974,0.0,0.0,2.0,6.99363257855368e-05,50.0
stratum_2-5,factorial_m0j0s1,100,312,3120,0.06314102564102565,"[0.05416666666666666, 0.07243589743589744]",69.3349358974359,0.0,8.898397435897436,0.0,0.0,3.0,0.00010368007665070203,78.23333333333333
stratum_2-5,factorial_m0j0s1,200,312,3120,0.06314102564102565,"[0.05448717948717949, 0.07211538461538461]",69.3349358974359,0.0,8.898397435897436,0.0,0.0,3.0,0.00010268142064794516,78.23333333333333
stratum_2-5,factorial_m0j0s1,500,312,3120,0.06314102564102565,"[0.053838141025641016, 0.07243589743589744]",69.3349358974359,0.0,8.898397435897436,0.0,0.0,3.0,0.00010265201294364837,78.23333333333333
stratum_2-5,factorial_m0j0s1,1500,312,3120,0.06314102564102565,"[0.05448717948717949, 0.07307692307692307]",69.3349358974359,0.0,8.898397435897436,0.0,0.0,3.0,0.00010207088735814278,78.23333333333333
stratum_2-5,factorial_m0j1s0,25,312,3120,0.0,"[0.0, 0.0]",19.067307692307693,4.9326923076923075,1.0,0.0,0.4935897435897436,1.0,2.9033262175149644e-05,25.0
stratum_2-5,factorial_m0j1s0,50,312,3120,0.0,"[0.0, 0.0]",27.798076923076923,20.201923076923077,2.0,0.0,2.6791666666666667,2.0,4.9679482785555033e-05,50.0
stratum_2-5,factorial_m0j1s0,100,312,3120,0.6099358974358975,"[0.5551121794871794, 0.6612259615384615]",40.43814102564102,37.17948717948718,4.019230769230769,0.0,16.254487179487178,4.019230769230769,7.44138614465602e-05,81.63685897435897
stratum_2-5,factorial_m0j1s0,200,312,3120,0.7948717948717948,"[0.75, 0.8397435897435898]",44.711858974358975,40.881410256410255,4.756410256410256,0.0,19.32051282051282,4.756410256410256,8.100205107042805e-05,90.34967948717949
stratum_2-5,factorial_m0j1s0,500,312,3120,0.7948717948717948,"[0.75, 0.8397435897435898]",44.711858974358975,40.881410256410255,4.756410256410256,0.0,19.32051282051282,4.756410256410256,8.104553935715022e-05,90.34967948717949
stratum_2-5,factorial_m0j1s0,1500,312,3120,0.7948717948717948,"[0.75, 0.8397435897435898]",44.711858974358975,40.881410256410255,4.756410256410256,0.0,19.32051282051282,4.756410256410256,8.055699738458945e-05,90.34967948717949
stratum_2-5,factorial_m0j1s1,25,312,3120,0.0,"[0.0, 0.0]",19.067307692307693,4.9326923076923075,1.0,0.0,0.4935897435897436,1.0,2.8866845875596388e-05,25.0
stratum_2-5,factorial_m0j1s1,50,312,3120,0.0,"[0.0, 0.0]",27.798076923076923,20.201923076923077,2.0,0.0,2.6791666666666667,2.0,4.86870230629276e-05,50.0
stratum_2-5,factorial_m0j1s1,100,312,3120,0.0,"[0.0, 0.0]",49.256410256410255,46.17628205128205,4.5673076923076925,0.0,24.35544871794872,2.0,8.64311500500219e-05,100.0
stratum_2-5,factorial_m0j1s1,200,312,3120,0.7916666666666666,"[0.7467948717948718, 0.8365384615384616]",60.527884615384615,57.10576923076923,6.355769230769231,0.0,33.97115384615385,2.9358974358974357,0.00010429974496125792,123.98942307692307
stratum_2-5,factorial_m0j1s1,500,312,3120,0.7916666666666666,"[0.7467948717948718, 0.8365384615384616]",60.527884615384615,57.10576923076923,6.355769230769231,0.0,33.97115384615385,2.9358974358974357,0.00010435279363240951,123.98942307692307
stratum_2-5,factorial_m0j1s1,1500,312,3120,0.7916666666666666,"[0.7467948717948718, 0.8365384615384616]",60.527884615384615,57.10576923076923,6.355769230769231,0.0,33.97115384615385,2.9358974358974357,0.000103743604491823,123.98942307692307
stratum_2-5,factorial_m1j0s0,25,312,3120,0.0,"[0.0, 0.0]",23.003205128205128,0.0,1.9967948717948718,0.7810897435897436,0.0,1.9967948717948718,4.400082487756243e-05,25.0
stratum_2-5,factorial_m1j0s0,50,312,3120,0.02564102564102564,"[0.020192307692307693, 0.03141025641025641]",44.54294871794872,0.0,5.1967948717948715,2.3814102564102564,0.0,5.1967948717948715,7.624765231202428e-05,49.73974358974359
stratum_2-5,factorial_m1j0s0,100,312,3120,0.10705128205128207,"[0.09583333333333333, 0.11891025641025642]",69.97115384615384,0.0,10.338461538461539,6.426923076923077,0.0,10.338461538461539,0.00011031659415517098,80.30961538461538
stratum_2-5,factorial_m1j0s0,200,312,3120,0.10737179487179487,"[0.09583333333333334, 0.11858974358974358]",70.01442307692308,0.0,10.34551282051282,6.439423076923077,0.0,10.34551282051282,0.00010977650258260277,80.3599358974359
stratum_2-5,factorial_m1j0s0,500,312,3120,0.10737179487179487,"[0.09583333333333334, 0.11858974358974358]",70.01442307692308,0.0,10.34551282051282,6.439423076923077,0.0,10.34551282051282,0.0001096897979434102,80.3599358974359
stratum_2-5,factorial_m1j0s0,1500,312,3120,0.10737179487179487,"[0.09615384615384616, 0.11891826923076919]",70.01442307692308,0.0,10.34551282051282,6.439423076923077,0.0,10.34551282051282,0.00010908721373058283,80.3599358974359
stratum_2-5,factorial_m1j0s1,25,312,3120,0.0,"[0.0, 0.0]",23.003205128205128,0.0,1.9967948717948718,0.7810897435897436,0.0,1.9967948717948718,4.290729516352981e-05,25.0
stratum_2-5,factorial_m1j0s1,50,312,3120,0.0,"[0.0, 0.0]",45.81602564102564,0.0,4.183974358974359,2.9221153846153847,0.0,2.0,7.08150190826601e-05,50.0
stratum_2-5,factorial_m1j0s1,100,312,3120,0.07115384615384615,"[0.062179487179487174, 0.08076923076923077]",69.37532051282051,0.0,8.902564102564103,6.186858974358974,0.0,3.0,0.00010389432502098573,78.27788461538462
stratum_2-5,factorial_m1j0s1,200,312,3120,0.07115384615384615,"[0.06282051282051282, 0.08076923076923077]",69.37532051282051,0.0,8.902564102564103,6.186858974358974,0.0,3.0,0.00010323264092827836,78.27788461538462
stratum_2-5,factorial_m1j0s1,500,312,3120,0.07115384615384615,"[0.0625, 0.08076923076923077]",69.37532051282051,0.0,8.902564102564103,6.186858974358974,0.0,3.0,0.00010322837684399043,78.27788461538462
stratum_2-5,factorial_m1j0s1,1500,312,3120,0.07115384615384615,"[0.06185897435897436, 0.08044871794871795]",69.37532051282051,0.0,8.902564102564103,6.186858974358974,0.0,3.0,0.00010258054557757883,78.27788461538462
stratum_2-5,factorial_m1j1s0,25,312,3120,0.0,"[0.0, 0.0]",19.067307692307693,4.9326923076923075,1.0,0.7596153846153846,0.49583333333333335,1.0,2.9682399681172308e-05,25.0
stratum_2-5,factorial_m1j1s0,50,312,3120,0.0,"[0.0, 0.0]",28.028846153846153,19.958333333333332,2.0128205128205128,0.9833333333333333,3.0612179487179487,2.0128205128205128,5.058880047633862e-05,50.0
stratum_2-5,factorial_m1j1s0,100,312,3120,0.6512820512820513,"[0.5993429487179487, 0.7019230769230769]",41.20448717948718,35.51923076923077,4.112179487179487,2.3903846153846153,15.503205128205128,4.112179487179487,7.557863435254265e-05,80.83589743589744
stratum_2-5,factorial_m1j1s0,200,312,3120,0.8076923076923077,"[0.7628205128205128, 0.8493589743589743]",44.28846153846154,38.09615384615385,4.653846153846154,2.817948717948718,17.615384615384617,4.653846153846154,8.028414643680056e-05,87.03846153846153
stratum_2-5,factorial_m1j1s0,500,312,3120,0.8076923076923077,"[0.7628205128205128, 0.8493589743589743]",44.28846153846154,38.09615384615385,4.653846153846154,2.817948717948718,17.615384615384617,4.653846153846154,8.03821379891955e-05,87.03846153846153
stratum_2-5,factorial_m1j1s0,1500,312,3120,0.8076923076923077,"[0.7628205128205128, 0.8493589743589743]",44.28846153846154,38.09615384615385,4.653846153846154,2.817948717948718,17.615384615384617,4.653846153846154,7.991844471782828e-05,87.03846153846153
stratum_2-5,factorial_m1j1s1,25,312,3120,0.0,"[0.0, 0.0]",19.067307692307693,4.9326923076923075,1.0,0.7596153846153846,0.49583333333333335,1.0,2.9676737717519968e-05,25.0
stratum_2-5,factorial_m1j1s1,50,312,3120,0.0,"[0.0, 0.0]",28.028846153846153,19.958333333333332,2.0128205128205128,0.9833333333333333,3.0612179487179487,2.0,4.973194669359005e-05,50.0
stratum_2-5,factorial_m1j1s1,100,312,3120,0.0,"[0.0, 0.0]",51.294871794871796,43.93910256410256,4.766025641025641,3.9368589743589744,23.273397435897436,2.0064102564102564,8.89916928150715e-05,100.0
stratum_2-5,factorial_m1j1s1,200,312,3120,0.8141025641025641,"[0.7724358974358975, 0.8589743589743589]",60.308653846153845,52.07692307692308,6.298076923076923,5.175,30.625,2.9455128205128207,0.00010328988323752315,118.68365384615385
stratum_2-5,factorial_m1j1s1,500,312,3120,0.8141025641025641,"[0.7691506410256411, 0.8525641025641025]",60.308653846153845,52.07692307692308,6.298076923076923,5.175,30.625,2.9455128205128207,0.00010335867364819233,118.68365384615385
stratum_2-5,factorial_m1j1s1,1500,312,3120,0.8141025641025641,"[0.7692307692307693, 0.8557692307692307]",60.308653846153845,52.07692307692308,6.298076923076923,5.175,30.625,2.9455128205128207,0.00010277524005430631,118.68365384615385
stratum_2-5,frontier_without_merging,25,312,3120,0.0,"[0.0, 0.0]",19.067307692307693,4.9326923076923075,1.0,0.0,0.4935897435897436,1.0,2.894323790828005e-05,25.0
stratum_2-5,frontier_without_merging,50,312,3120,0.0,"[0.0, 0.0]",27.798076923076923,20.201923076923077,2.0,0.0,2.6791666666666667,2.0,4.869725119370298e-05,50.0
stratum_2-5,frontier_without_merging,100,312,3120,0.0,"[0.0, 0.0]",49.256410256410255,46.17628205128205,4.5673076923076925,0.0,24.35544871794872,2.0,8.639644694108611e-05,100.0
stratum_2-5,frontier_without_merging,200,312,3120,0.7916666666666666,"[0.7467948717948718, 0.8365384615384616]",60.527884615384615,57.10576923076923,6.355769230769231,0.0,33.97115384615385,2.9358974358974357,0.00010428574736206195,123.98942307692307
stratum_2-5,frontier_without_merging,500,312,3120,0.7916666666666666,"[0.7467948717948718, 0.8366185897435894]",60.527884615384615,57.10576923076923,6.355769230769231,0.0,33.97115384615385,2.9358974358974357,0.00010432565035537268,123.98942307692307
stratum_2-5,frontier_without_merging,1500,312,3120,0.7916666666666666,"[0.7435897435897436, 0.8333333333333334]",60.527884615384615,57.10576923076923,6.355769230769231,0.0,33.97115384615385,2.9358974358974357,0.0001037802636766663,123.98942307692307
stratum_2-5,full_interference_search,25,312,3120,0.0,"[0.0, 0.0]",19.067307692307693,4.9326923076923075,1.0,0.7596153846153846,0.49583333333333335,1.0,2.974008078663013e-05,25.0
stratum_2-5,full_interference_search,50,312,3120,0.0,"[0.0, 0.0]",28.028846153846153,19.958333333333332,2.0128205128205128,0.9833333333333333,3.0612179487179487,2.0,4.972467849699733e-05,50.0
stratum_2-5,full_interference_search,100,312,3120,0.0,"[0.0, 0.0]",51.294871794871796,43.93910256410256,4.766025641025641,3.9368589743589744,23.273397435897436,2.0064102564102564,8.89156142082543e-05,100.0
stratum_2-5,full_interference_search,200,312,3120,0.8141025641025641,"[0.7723557692307693, 0.8558493589743585]",60.308653846153845,52.07692307692308,6.298076923076923,5.175,30.625,2.9455128205128207,0.00010319234660038581,118.68365384615385
stratum_2-5,full_interference_search,500,312,3120,0.8141025641025641,"[0.7692307692307693, 0.8557692307692307]",60.308653846153845,52.07692307692308,6.298076923076923,5.175,30.625,2.9455128205128207,0.00010326130745502619,118.68365384615385
stratum_2-5,full_interference_search,1500,312,3120,0.8141025641025641,"[0.7692307692307693, 0.8557692307692307]",60.308653846153845,52.07692307692308,6.298076923076923,5.175,30.625,2.9455128205128207,0.00010269984262637222,118.68365384615385
stratum_2-5,hand_bound_frontier,25,312,3120,0.0,"[0.0, 0.0]",23.003205128205128,0.0,1.9967948717948718,0.7798076923076923,0.7817307692307692,1.9967948717948718,5.268378195185692e-05,25.0
stratum_2-5,hand_bound_frontier,50,312,3120,0.0,"[0.0, 0.0]",45.8150641025641,0.0,4.1849358974358974,2.8987179487179486,3.7634615384615384,2.0,8.825425040693237e-05,50.0
stratum_2-5,hand_bound_frontier,100,312,3120,0.08076923076923077,"[0.07083333333333333, 0.09134615384615384]",69.2448717948718,0.0,8.877884615384616,6.056089743589744,5.131089743589744,3.0,0.00012381668292129269,78.12275641025641
stratum_2-5,hand_bound_frontier,200,312,3120,0.08076923076923077,"[0.07115384615384615, 0.09134615384615384]",69.2448717948718,0.0,8.877884615384616,6.056089743589744,5.131089743589744,3.0,0.00012339824476303199,78.12275641025641
stratum_2-5,hand_bound_frontier,500,312,3120,0.08076923076923077,"[0.07083333333333333, 0.0907051282051282]",69.2448717948718,0.0,8.877884615384616,6.056089743589744,5.131089743589744,3.0,0.0001233790616075007,78.12275641025641
stratum_2-5,hand_bound_frontier,1500,312,3120,0.08076923076923077,"[0.07019230769230769, 0.0907051282051282]",69.2448717948718,0.0,8.877884615384616,6.056089743589744,5.131089743589744,3.0,0.00012277325836177437,78.12275641025641
stratum_2-5,independent_parallel,25,312,3120,0.0,"[0.0, 0.0]",19.067307692307693,4.9326923076923075,1.0,0.0,0.0,1.0,2.9020545741495414e-05,25.0
stratum_2-5,independent_parallel,50,312,3120,0.0,"[0.0, 0.0]",27.700641025641026,20.299358974358974,2.0,0.0,0.0,2.0,5.918039958207653e-05,50.0
stratum_2-5,independent_parallel,100,312,3120,0.0,"[0.0, 0.0]",49.186217948717946,46.1875,4.626282051282051,0.0,0.0,2.0,9.549773710135083e-05,100.0
stratum_2-5,independent_parallel,200,312,3120,0.5237179487179487,"[0.5009615384615385, 0.5477644230769231]",81.96410256410256,70.3275641025641,9.394871794871795,0.0,0.0,3.9403846153846156,0.00016097391937644435,161.68653846153848
stratum_2-5,independent_parallel,500,312,3120,0.8467948717948719,"[0.8269150641025641, 0.8669951923076923]",121.24102564102564,104.43397435897435,14.659935897435897,0.0,0.0,5.467948717948718,0.000235613595503263,240.33493589743588
stratum_2-5,independent_parallel,1500,312,3120,0.985897435897436,"[0.9794871794871796, 0.9913461538461539]",145.32115384615383,124.4150641025641,17.871794871794872,0.0,0.0,6.53974358974359,0.0002817013092004718,287.60801282051284
stratum_2-5,merging_without_learned_judge,25,312,3120,0.0,"[0.0, 0.0]",23.003205128205128,0.0,1.9967948717948718,0.7810897435897436,0.0,1.9967948717948718,4.3060661604007085e-05,25.0
stratum_2-5,merging_without_learned_judge,50,312,3120,0.0,"[0.0, 0.0]",45.81602564102564,0.0,4.183974358974359,2.9221153846153847,0.0,2.0,7.103124979692391e-05,50.0
stratum_2-5,merging_without_learned_judge,100,312,3120,0.07115384615384615,"[0.06217948717948719, 0.08044871794871795]",69.37532051282051,0.0,8.902564102564103,6.186858974358974,0.0,3.0,0.00010411274762680897,78.27788461538462
stratum_2-5,merging_without_learned_judge,200,312,3120,0.07115384615384615,"[0.06185897435897436, 0.08045673076923072]",69.37532051282051,0.0,8.902564102564103,6.186858974358974,0.0,3.0,0.00010344255775308762,78.27788461538462
stratum_2-5,merging_without_learned_judge,500,312,3120,0.07115384615384615,"[0.062179487179487174, 0.08012820512820513]",69.37532051282051,0.0,8.902564102564103,6.186858974358974,0.0,3.0,0.00010333240079956177,78.27788461538462
stratum_2-5,merging_without_learned_judge,1500,312,3120,0.07115384615384615,"[0.06153846153846155, 0.08012820512820513]",69.37532051282051,0.0,8.902564102564103,6.186858974358974,0.0,3.0,0.00010278025427116798,78.27788461538462
stratum_2-5,single_line,25,312,3120,0.0,"[0.0, 0.0]",19.067307692307693,4.9326923076923075,1.0,0.0,0.0,1.0,2.9043751195646248e-05,25.0
stratum_2-5,single_line,50,312,3120,0.0,"[0.0, 0.0]",27.700641025641026,20.299358974358974,2.0,0.0,0.0,2.0,5.070941898828516e-05,50.0
stratum_2-5,single_line,100,312,3120,0.17115384615384618,"[0.15673076923076926, 0.18621794871794875]",47.72403846153846,41.667307692307695,4.093910256410257,0.0,0.0,4.093910256410257,8.582807211682964e-05,93.48525641025641
stratum_2-5,single_line,200,312,3120,0.41634615384615375,"[0.3923076923076923, 0.4400721153846154]",84.81538461538462,71.65673076923076,7.988141025641026,0.0,0.0,7.988141025641026,0.00014895147058921747,164.46025641025642
stratum_2-5,single_line,500,312,3120,0.705448717948718,"[0.6820432692307692, 0.730136217948718]",147.40384615384616,131.91634615384615,13.932051282051281,0.0,0.0,13.932051282051281,0.0002584444030593985,293.2522435897436
stratum_2-5,single_line,1500,312,3120,0.9394230769230768,"[0.925320512820513, 0.9528926282051283]",216.2022435897436,195.49871794871794,20.492628205128206,0.0,0.0,20.492628205128206,0.00037902095623744224,432.19358974358977
stratum_6-20,beam,25,350,3500,0.0,"[0.0, 0.0]",18.934285714285714,5.065714285714286,1.0,1.7085714285714286,0.0,1.0,2.960004284977913e-05,25.0
stratum_6-20,beam,50,350,3500,0.0,"[0.0, 0.0]",28.094285714285714,19.87142857142857,2.0342857142857143,2.255714285714286,0.0,2.0,4.9717543380601065e-05,50.0
stratum_6-20,beam,100,350,3500,0.01742857142857143,"[0.006, 0.03085714285714286]",52.76942857142857,42.294285714285714,4.8914285714285715,6.902285714285714,0.0,2.0285714285714285,8.783284681183952e-05,99.95514285714286
stratum_6-20,beam,200,350,3500,0.9628571428571429,"[0.9428571428571428, 0.98]",59.19828571428572,48.83714285714286,6.148571428571429,7.926857142857143,0.0,3.0,0.00010155197632099901,114.184
stratum_6-20,beam,500,350,3500,0.9628571428571429,"[0.9427857142857142, 0.98]",59.19828571428572,48.83714285714286,6.148571428571429,7.926857142857143,0.0,3.0,0.00010129786362605435,114.184
stratum_6-20,beam,1500,350,3500,0.9628571428571429,"[0.94, 0.9828571428571429]",59.19828571428572,48.83714285714286,6.148571428571429,7.926857142857143,0.0,3.0,0.00010061979240604809,114.184
stratum_6-20,best_first,25,350,3500,0.0,"[0.0, 0.0]",18.934285714285714,5.065714285714286,1.0,1.7085714285714286,0.0,1.0,2.9434287920594216e-05,25.0
stratum_6-20,best_first,50,350,3500,0.004857142857142857,"[0.0, 0.012571428571428572]",28.085428571428572,19.87142857142857,2.0342857142857143,2.25,0.0,2.0342857142857143,4.861770570278168e-05,49.991142857142854
stratum_6-20,best_first,100,350,3500,0.8768571428571428,"[0.8417071428571429, 0.9094285714285715]",36.55457142857143,30.748571428571427,3.677142857142857,3.350285714285714,0.0,3.677142857142857,6.510505532579762e-05,70.98028571428571
stratum_6-20,best_first,200,350,3500,0.9914285714285714,"[0.98, 1.0]",38.56514285714286,32.13142857142857,3.96,3.9057142857142857,0.0,3.96,6.803949496575765e-05,74.65657142857143
stratum_6-20,best_first,500,350,3500,1.0,"[1.0, 1.0]",38.89457142857143,32.29142857142857,4.005714285714285,4.076,0.0,4.005714285714285,6.865327725453036e-05,75.19171428571428
stratum_6-20,best_first,1500,350,3500,1.0,"[1.0, 1.0]",38.89457142857143,32.29142857142857,4.005714285714285,4.076,0.0,4.005714285714285,6.82589699115072e-05,75.19171428571428
stratum_6-20,bfs,25,350,3500,0.0,"[0.0, 0.0]",23.0,0.0,2.0,1.7397142857142858,0.0,2.0,4.1460074484348295e-05,25.0
stratum_6-20,bfs,50,350,3500,0.0,"[0.0, 0.0]",45.750571428571426,0.0,4.249428571428571,4.231714285714285,0.0,4.249428571428571,7.134554189230715e-05,50.0
stratum_6-20,bfs,100,350,3500,0.00028571428571428574,"[0.0, 0.0008571428571428573]",90.92428571428572,0.0,9.074571428571428,19.028285714285715,0.0,9.074571428571428,0.0001303809615118163,99.99885714285715
stratum_6-20,bfs,200,350,3500,0.0837142857142857,"[0.06684999999999999, 0.10257142857142856]",178.26857142857142,0.0,19.764,67.97571428571429,0.0,19.764,0.00023859165848365852,198.03257142857143
stratum_6-20,bfs,500,350,3500,0.9914285714285714,"[0.988, 0.9945714285714287]",240.41857142857143,0.0,37.35028571428571,95.67971428571428,0.0,37.35028571428571,0.0003199968747794628,277.76885714285714
stratum_6-20,bfs,1500,350,3500,1.0,"[1.0, 1.0]",240.66714285714286,0.0,37.426857142857145,95.80857142857143,0.0,37.426857142857145,0.00031908921312008586,278.094
stratum_6-20,factorial_m0j0s0,25,350,3500,0.0,"[0.0, 0.0]",23.0,0.0,2.0,0.0,0.0,2.0,4.713803769222328e-05,25.0
stratum_6-20,factorial_m0j0s0,50,350,3500,0.11599999999999998,"[0.10628571428571429, 0.12657142857142856]",43.94171428571428,0.0,5.091714285714286,0.0,0.0,5.091714285714286,7.576865516602993e-05,49.03342857142857
stratum_6-20,factorial_m0j0s0,100,350,3500,0.4,"[0.38, 0.42]",64.66714285714286,0.0,9.273428571428571,0.0,0.0,9.273428571428571,0.00010290029059563364,73.94057142857143
stratum_6-20,factorial_m0j0s0,200,350,3500,0.40057142857142863,"[0.38142857142857145, 0.42]",64.714,0.0,9.278857142857143,0.0,0.0,9.278857142857143,0.00010181682982615063,73.99285714285715
stratum_6-20,factorial_m0j0s0,500,350,3500,0.40057142857142863,"[0.38057142857142856, 0.4200071428571428]",64.714,0.0,9.278857142857143,0.0,0.0,9.278857142857143,0.00010152956444237913,73.99285714285715
stratum_6-20,factorial_m0j0s0,1500,350,3500,0.40057142857142863,"[0.38057142857142856, 0.4202928571428572]",64.714,0.0,9.278857142857143,0.0,0.0,9.278857142857143,0.00010105911562485355,73.99285714285715
stratum_6-20,factorial_m0j0s1,25,350,3500,0.0,"[0.0, 0.0]",23.0,0.0,2.0,0.0,0.0,2.0,4.25133045230593e-05,25.0
stratum_6-20,factorial_m0j0s1,50,350,3500,0.0,"[0.0, 0.0]",45.75257142857143,0.0,4.247428571428571,0.0,0.0,2.0,7.013487895684583e-05,50.0
stratum_6-20,factorial_m0j0s1,100,350,3500,0.29285714285714287,"[0.27513571428571426, 0.3108571428571429]",67.48971428571429,0.0,8.538857142857143,0.0,0.0,3.0,0.00010163197932498796,76.02857142857142
stratum_6-20,factorial_m0j0s1,200,350,3500,0.29285714285714287,"[0.27485714285714286, 0.31057142857142855]",67.48971428571429,0.0,8.538857142857143,0.0,0.0,3.0,0.00010058940335043839,76.02857142857142
stratum_6-20,factorial_m0j0s1,500,350,3500,0.29285714285714287,"[0.27542857142857147, 0.31114285714285717]",67.48971428571429,0.0,8.538857142857143,0.0,0.0,3.0,0.00010051326054547515,76.02857142857142
stratum_6-20,factorial_m0j0s1,1500,350,3500,0.29285714285714287,"[0.2742857142857143, 0.31142857142857144]",67.48971428571429,0.0,8.538857142857143,0.0,0.0,3.0,9.995854645967484e-05,76.02857142857142
stratum_6-20,factorial_m0j1s0,25,350,3500,0.0,"[0.0, 0.0]",18.934285714285714,5.065714285714286,1.0,0.0,0.4328571428571429,1.0,2.896571026316711e-05,25.0
stratum_6-20,factorial_m0j1s0,50,350,3500,0.0,"[0.0, 0.0]",27.737142857142857,20.262857142857143,2.0,0.0,2.430285714285714,2.0,4.962288348802499e-05,50.0
stratum_6-20,factorial_m0j1s0,100,350,3500,0.835142857142857,"[0.7957142857142857, 0.8722857142857141]",36.21457142857143,33.537142857142854,3.6314285714285712,0.0,11.050285714285714,3.6314285714285712,6.818174810281822e-05,73.38314285714286
stratum_6-20,factorial_m0j1s0,200,350,3500,0.9457142857142857,"[0.92, 0.9657142857142857]",37.82342857142857,34.87714285714286,3.9457142857142857,0.0,12.034285714285714,3.9457142857142857,7.06089184220348e-05,76.64628571428571
stratum_6-20,factorial_m0j1s0,500,350,3500,0.9457142857142857,"[0.92, 0.9685714285714285]",37.82342857142857,34.87714285714286,3.9457142857142857,0.0,12.034285714285714,3.9457142857142857,7.07039324832814e-05,76.64628571428571
stratum_6-20,factorial_m0j1s0,1500,350,3500,0.9457142857142857,"[0.92, 0.9685714285714285]",37.82342857142857,34.87714285714286,3.9457142857142857,0.0,12.034285714285714,3.9457142857142857,7.030240260064602e-05,76.64628571428571
stratum_6-20,factorial_m0j1s1,25,350,3500,0.0,"[0.0, 0.0]",18.934285714285714,5.065714285714286,1.0,0.0,0.4328571428571429,1.0,2.8815996434007372e-05,25.0
stratum_6-20,factorial_m0j1s1,50,350,3500,0.0,"[0.0, 0.0]",27.737142857142857,20.262857142857143,2.0,0.0,2.430285714285714,2.0,4.8670046031475066e-05,50.0
stratum_6-20,factorial_m0j1s1,100,350,3500,0.0,"[0.0, 0.0]",49.18571428571428,46.182857142857145,4.631428571428572,0.0,19.762857142857143,2.0,8.646866546145508e-05,100.0
stratum_6-20,factorial_m0j1s1,200,350,3500,0.9485714285714286,"[0.9228571428571428, 0.9714285714285714]",59.298,56.77428571428572,6.14,0.0,27.237142857142857,2.9885714285714284,0.00010338107283626284,122.21228571428571
stratum_6-20,factorial_m0j1s1,500,350,3500,0.9485714285714286,"[0.9257142857142857, 0.9685714285714285]",59.298,56.77428571428572,6.14,0.0,27.237142857142857,2.9885714285714284,0.00010325752118868487,122.21228571428571
stratum_6-20,factorial_m0j1s1,1500,350,3500,0.9485714285714286,"[0.9228571428571428, 0.9714285714285714]",59.298,56.77428571428572,6.14,0.0,27.237142857142857,2.9885714285714284,0.00010266411969704288,122.21228571428571
stratum_6-20,factorial_m1j0s0,25,350,3500,0.0,"[0.0, 0.0]",23.0,0.0,2.0,1.7437142857142858,0.0,2.0,4.357943763690335e-05,25.0
stratum_6-20,factorial_m1j0s0,50,350,3500,0.126,"[0.11542142857142856, 0.13714285714285715]",43.790285714285716,0.0,5.147428571428572,3.6574285714285715,0.0,5.147428571428572,7.446928322315216e-05,48.937714285714286
stratum_6-20,factorial_m1j0s0,100,350,3500,0.3868571428571429,"[0.36457142857142855, 0.4082857142857143]",63.754,0.0,9.170857142857143,7.075142857142857,0.0,9.170857142857143,0.00010118437505194119,72.92485714285715
stratum_6-20,factorial_m1j0s0,200,350,3500,0.3871428571428571,"[0.36570714285714284, 0.4094285714285715]",63.776,0.0,9.173428571428571,7.082857142857143,0.0,9.173428571428571,0.00010060966839747769,72.94942857142857
stratum_6-20,factorial_m1j0s0,500,350,3500,0.3871428571428571,"[0.3642785714285714, 0.40800000000000003]",63.776,0.0,9.173428571428571,7.082857142857143,0.0,9.173428571428571,0.00010056707582303457,72.94942857142857
stratum_6-20,factorial_m1j0s0,1500,350,3500,0.3871428571428571,"[0.36485, 0.41057142857142853]",63.776,0.0,9.173428571428571,7.082857142857143,0.0,9.173428571428571,9.997124943350042e-05,72.94942857142857
stratum_6-20,factorial_m1j0s1,25,350,3500,0.0,"[0.0, 0.0]",23.0,0.0,2.0,1.7437142857142858,0.0,2.0,4.248852282762527e-05,25.0
stratum_6-20,factorial_m1j0s1,50,350,3500,0.0,"[0.0, 0.0]",45.755714285714284,0.0,4.244285714285715,4.456285714285714,0.0,2.0,7.046787148075444e-05,50.0
stratum_6-20,factorial_m1j0s1,100,350,3500,0.3025714285714286,"[0.2837071428571428, 0.3217142857142857]",67.326,0.0,8.48542857142857,7.852285714285714,0.0,3.0,0.00010075094364583492,75.81142857142858
stratum_6-20,factorial_m1j0s1,200,350,3500,0.3025714285714286,"[0.28371428571428575, 0.3208642857142857]",67.326,0.0,8.48542857142857,7.852285714285714,0.0,3.0,0.00010012980177998542,75.81142857142858
stratum_6-20,factorial_m1j0s1,500,350,3500,0.3025714285714286,"[0.28342142857142855, 0.3208571428571429]",67.326,0.0,8.48542857142857,7.852285714285714,0.0,3.0,0.00010011748224496841,75.81142857142858
stratum_6-20,factorial_m1j0s1,1500,350,3500,0.3025714285714286,"[0.28285714285714286, 0.3220071428571428]",67.326,0.0,8.48542857142857,7.852285714285714,0.0,3.0,9.944565940116133e-05,75.81142857142858
stratum_6-20,factorial_m1j1s0,25,350,3500,0.0,"[0.0, 0.0]",18.934285714285714,5.065714285714286,1.0,1.7085714285714286,0.43885714285714283,1.0,2.9561035867248262e-05,25.0
stratum_6-20,factorial_m1j1s0,50,350,3500,0.004857142857142857,"[0.0, 0.012571428571428572]",28.085428571428572,19.87142857142857,2.0342857142857143,2.25,3.2968571428571427,2.0342857142857143,5.04593588411808e-05,49.991142857142854
stratum_6-20,factorial_m1j1s0,100,350,3500,0.8797142857142857,"[0.8451428571428572, 0.9122857142857144]",36.53885714285714,30.748571428571427,3.68,3.342,10.254285714285714,3.68,6.795273455125945e-05,70.96742857142857
stratum_6-20,factorial_m1j1s0,200,350,3500,0.9571428571428572,"[0.9342857142857143, 0.9771428571428571]",37.527142857142856,31.31142857142857,3.894285714285714,3.5022857142857142,10.642857142857142,3.894285714285714,6.934256638799395e-05,72.73285714285714
stratum_6-20,factorial_m1j1s0,500,350,3500,0.9571428571428572,"[0.9342857142857143, 0.9771428571428571]",37.527142857142856,31.31142857142857,3.894285714285714,3.5022857142857142,10.642857142857142,3.894285714285714,6.945142655500343e-05,72.73285714285714
stratum_6-20,factorial_m1j1s0,1500,350,3500,0.9571428571428572,"[0.9342857142857143, 0.9771428571428571]",37.527142857142856,31.31142857142857,3.894285714285714,3.5022857142857142,10.642857142857142,3.894285714285714,6.906940654984542e-05,72.73285714285714
stratum_6-20,factorial_m1j1s1,25,350,3500,0.0,"[0.0, 0.0]",18.934285714285714,5.065714285714286,1.0,1.7085714285714286,0.43885714285714283,1.0,2.959170112652438e-05,25.0
stratum_6-20,factorial_m1j1s1,50,350,3500,0.0,"[0.0, 0.0]",28.094285714285714,19.87142857142857,2.0342857142857143,2.255714285714286,3.2968571428571427,2.0,4.970422041203294e-05,50.0
stratum_6-20,factorial_m1j1s1,100,350,3500,0.01742857142857143,"[0.005714285714285714, 0.032285714285714286]",52.76942857142857,42.294285714285714,4.8914285714285715,6.902285714285714,19.004571428571428,2.0285714285714285,8.926032004611833e-05,99.95514285714286
stratum_6-20,factorial_m1j1s1,200,350,3500,0.9628571428571429,"[0.9428571428571428, 0.98]",59.11257142857143,48.83714285714286,6.12,7.912571428571429,24.054285714285715,2.994285714285714,0.00010055260679551533,114.06971428571428
stratum_6-20,factorial_m1j1s1,500,350,3500,0.9628571428571429,"[0.9428571428571428, 0.98]",59.11257142857143,48.83714285714286,6.12,7.912571428571429,24.054285714285715,2.994285714285714,0.00010054021647998264,114.06971428571428
stratum_6-20,factorial_m1j1s1,1500,350,3500,0.9628571428571429,"[0.9428571428571428, 0.9828571428571429]",59.11257142857143,48.83714285714286,6.12,7.912571428571429,24.054285714285715,2.994285714285714,9.993578413767474e-05,114.06971428571428
stratum_6-20,frontier_without_merging,25,350,3500,0.0,"[0.0, 0.0]",18.934285714285714,5.065714285714286,1.0,0.0,0.4328571428571429,1.0,2.8873861102121218e-05,25.0
stratum_6-20,frontier_without_merging,50,350,3500,0.0,"[0.0, 0.0]",27.737142857142857,20.262857142857143,2.0,0.0,2.430285714285714,2.0,4.8630749806761744e-05,50.0
stratum_6-20,frontier_without_merging,100,350,3500,0.0,"[0.0, 0.0]",49.18571428571428,46.182857142857145,4.631428571428572,0.0,19.762857142857143,2.0,8.644372490899904e-05,100.0
stratum_6-20,frontier_without_merging,200,350,3500,0.9485714285714286,"[0.9228571428571428, 0.9685714285714285]",59.298,56.77428571428572,6.14,0.0,27.237142857142857,2.9885714285714284,0.00010332084234271731,122.21228571428571
stratum_6-20,frontier_without_merging,500,350,3500,0.9485714285714286,"[0.9256428571428571, 0.9714285714285714]",59.298,56.77428571428572,6.14,0.0,27.237142857142857,2.9885714285714284,0.00010333883203566074,122.21228571428571
stratum_6-20,frontier_without_merging,1500,350,3500,0.9485714285714286,"[0.9228571428571428, 0.9714285714285714]",59.298,56.77428571428572,6.14,0.0,27.237142857142857,2.9885714285714284,0.00010272910791848387,122.21228571428571
stratum_6-20,full_interference_search,25,350,3500,0.0,"[0.0, 0.0]",18.934285714285714,5.065714285714286,1.0,1.7085714285714286,0.43885714285714283,1.0,2.961458611701216e-05,25.0
stratum_6-20,full_interference_search,50,350,3500,0.0,"[0.0, 0.0]",28.094285714285714,19.87142857142857,2.0342857142857143,2.255714285714286,3.2968571428571427,2.0,4.9688415335757394e-05,50.0
stratum_6-20,full_interference_search,100,350,3500,0.01742857142857143,"[0.005714285714285714, 0.03143571428571425]",52.76942857142857,42.294285714285714,4.8914285714285715,6.902285714285714,19.004571428571428,2.0285714285714285,8.917392763708319e-05,99.95514285714286
stratum_6-20,full_interference_search,200,350,3500,0.9628571428571429,"[0.94, 0.98]",59.11257142857143,48.83714285714286,6.12,7.912571428571429,24.054285714285715,2.994285714285714,0.00010047686206442969,114.06971428571428
stratum_6-20,full_interference_search,500,350,3500,0.9628571428571429,"[0.94, 0.9828571428571429]",59.11257142857143,48.83714285714286,6.12,7.912571428571429,24.054285714285715,2.994285714285714,0.00010046725560511861,114.06971428571428
stratum_6-20,full_interference_search,1500,350,3500,0.9628571428571429,"[0.9428571428571428, 0.98]",59.11257142857143,48.83714285714286,6.12,7.912571428571429,24.054285714285715,2.994285714285714,9.990404439823968e-05,114.06971428571428
stratum_6-20,hand_bound_frontier,25,350,3500,0.0,"[0.0, 0.0]",23.0,0.0,2.0,1.7402857142857142,0.3997142857142857,2.0,5.1831977974091255e-05,25.0
stratum_6-20,hand_bound_frontier,50,350,3500,0.0,"[0.0, 0.0]",45.755714285714284,0.0,4.244285714285715,4.432571428571428,1.5697142857142856,2.0,8.70059992053679e-05,50.0
stratum_6-20,hand_bound_frontier,100,350,3500,0.316,"[0.29685, 0.3345785714285714]",67.24171428571428,0.0,8.461142857142857,7.793142857142857,2.1065714285714288,3.0,0.00011990117547767502,75.70285714285714
stratum_6-20,hand_bound_frontier,200,350,3500,0.316,"[0.29800000000000004, 0.3357142857142857]",67.24171428571428,0.0,8.461142857142857,7.793142857142857,2.1065714285714288,3.0,0.00011947111652365753,75.70285714285714
stratum_6-20,hand_bound_frontier,500,350,3500,0.316,"[0.29827857142857145, 0.33486428571428567]",67.24171428571428,0.0,8.461142857142857,7.793142857142857,2.1065714285714288,3.0,0.00011946246906050614,75.70285714285714
stratum_6-20,hand_bound_frontier,1500,350,3500,0.316,"[0.29742142857142856, 0.33515]",67.24171428571428,0.0,8.461142857142857,7.793142857142857,2.1065714285714288,3.0,0.00011884075988616263,75.70285714285714
stratum_6-20,independent_parallel,25,350,3500,0.0,"[0.0, 0.0]",18.934285714285714,5.065714285714286,1.0,0.0,0.0,1.0,2.886484589959894e-05,25.0
stratum_6-20,independent_parallel,50,350,3500,0.0,"[0.0, 0.0]",27.665142857142857,20.334857142857143,2.0,0.0,0.0,2.0,5.8941445446440154e-05,50.0
stratum_6-20,independent_parallel,100,350,3500,0.0,"[0.0, 0.0]",49.220285714285716,46.11142857142857,4.668285714285714,0.0,0.0,2.0,9.543638836060252e-05,100.0
stratum_6-20,independent_parallel,200,350,3500,0.8117142857142858,"[0.7925714285714285, 0.82915]",69.27771428571428,61.82714285714286,7.896857142857143,0.0,0.0,3.374,0.00013899037827338491,139.00171428571429
stratum_6-20,independent_parallel,500,350,3500,0.9834285714285715,"[0.9777142857142859, 0.9885714285714285]",79.36714285714285,70.96914285714286,9.272285714285715,0.0,0.0,3.7545714285714284,0.00015817970409989356,159.60857142857142
stratum_6-20,independent_parallel,1500,350,3500,0.9991428571428572,"[0.9979999999999999, 1.0]",81.14342857142857,72.48714285714286,9.502285714285714,0.0,0.0,3.8314285714285714,0.0001608843526669911,163.13285714285715
stratum_6-20,merging_without_learned_judge,25,350,3500,0.0,"[0.0, 0.0]",23.0,0.0,2.0,1.7437142857142858,0.0,2.0,4.2630328929850036e-05,25.0
stratum_6-20,merging_without_learned_judge,50,350,3500,0.0,"[0.0, 0.0]",45.755714285714284,0.0,4.244285714285715,4.456285714285714,0.0,2.0,7.068102700369699e-05,50.0
stratum_6-20,merging_without_learned_judge,100,350,3500,0.3025714285714286,"[0.28457142857142853, 0.3211428571428572]",67.326,0.0,8.48542857142857,7.852285714285714,0.0,3.0,0.00010094645060598851,75.81142857142858
stratum_6-20,merging_without_learned_judge,200,350,3500,0.3025714285714286,"[0.2831428571428572, 0.3217142857142857]",67.326,0.0,8.48542857142857,7.852285714285714,0.0,3.0,0.00010032886905329568,75.81142857142858
stratum_6-20,merging_without_learned_judge,500,350,3500,0.3025714285714286,"[0.28342142857142855, 0.3217142857142857]",67.326,0.0,8.48542857142857,7.852285714285714,0.0,3.0,0.00010022888279386929,75.81142857142858
stratum_6-20,merging_without_learned_judge,1500,350,3500,0.3025714285714286,"[0.28457142857142853, 0.3211428571428571]",67.326,0.0,8.48542857142857,7.852285714285714,0.0,3.0,9.963412130517619e-05,75.81142857142858
stratum_6-20,single_line,25,350,3500,0.0,"[0.0, 0.0]",18.934285714285714,5.065714285714286,1.0,0.0,0.0,1.0,2.8908960787313324e-05,25.0
stratum_6-20,single_line,50,350,3500,0.0,"[0.0, 0.0]",27.665142857142857,20.334857142857143,2.0,0.0,0.0,2.0,5.0605319706457e-05,50.0
stratum_6-20,single_line,100,350,3500,0.33314285714285713,"[0.3154214285714286, 0.35028571428571426]",44.12457142857143,39.062285714285714,3.9145714285714286,0.0,0.0,3.9145714285714286,8.078389189073018e-05,87.10142857142857
stratum_6-20,single_line,200,350,3500,0.6848571428571429,"[0.6637142857142857, 0.7057142857142857]",68.31628571428571,59.767428571428574,6.546571428571428,0.0,0.0,6.546571428571428,0.00012257762545985835,134.63028571428572
stratum_6-20,single_line,500,350,3500,0.92,"[0.9051428571428571, 0.9322857142857142]",93.61714285714285,84.88685714285714,8.958571428571428,0.0,0.0,8.958571428571428,0.00016680248214730195,187.46257142857144
stratum_6-20,single_line,1500,350,3500,0.9971428571428571,"[0.995142857142857, 0.9988571428571429]",103.76714285714286,94.55142857142857,9.928285714285714,0.0,0.0,9.928285714285714,0.00018398424131529673,208.24685714285715
stratum_>20,beam,25,163,1630,0.0,"[0.0, 0.0]",19.41717791411043,4.58282208588957,1.0,5.392638036809816,0.0,1.0,2.9590336800170093e-05,25.0
stratum_>20,beam,50,163,1630,0.0,"[0.0, 0.0]",29.25153374233129,18.484662576687118,2.263803680981595,7.011656441717792,0.0,2.0,5.0460989444168065e-05,50.0
stratum_>20,beam,100,163,1630,0.15766871165644172,"[0.10858895705521474, 0.21351226993865022]",55.484662576687114,38.423312883435585,5.134969325153374,14.422699386503067,0.0,2.2515337423312882,8.866663942216364e-05,99.04294478527608
stratum_>20,beam,200,163,1630,0.9938650306748467,"[0.9815950920245399, 1.0]",59.942944785276076,42.717791411042946,6.042944785276074,15.08159509202454,0.0,3.0,9.815725469333263e-05,108.7036809815951
stratum_>20,beam,500,163,1630,0.9938650306748467,"[0.9815950920245399, 1.0]",59.942944785276076,42.717791411042946,6.042944785276074,15.08159509202454,0.0,3.0,9.80157302292578e-05,108.7036809815951
stratum_>20,beam,1500,163,1630,0.9938650306748467,"[0.9815950920245399, 1.0]",59.942944785276076,42.717791411042946,6.042944785276074,15.08159509202454,0.0,3.0,9.735699777314268e-05,108.7036809815951
stratum_>20,best_first,25,163,1630,0.0,"[0.0, 0.0]",19.41717791411043,4.58282208588957,1.0,5.392638036809816,0.0,1.0,2.9456982834756008e-05,25.0
stratum_>20,best_first,50,163,1630,0.09386503067484663,"[0.049079754601226995, 0.141150306748466]",28.784662576687115,18.478527607361965,2.263803680981595,6.87239263803681,0.0,2.263803680981595,4.893778623338857e-05,49.526993865030676
stratum_>20,best_first,100,163,1630,0.9558282208588957,"[0.9239263803680982, 0.9865030674846627]",34.290184049079755,24.196319018404907,3.411042944785276,7.5036809815950924,0.0,3.411042944785276,5.864444834414435e-05,61.89754601226994
stratum_>20,best_first,200,163,1630,1.0,"[1.0, 1.0]",34.665030674846626,24.552147239263803,3.4907975460122698,7.555828220858896,0.0,3.4907975460122698,5.920439890008763e-05,62.7079754601227
stratum_>20,best_first,500,163,1630,1.0,"[1.0, 1.0]",34.665030674846626,24.552147239263803,3.4907975460122698,7.555828220858896,0.0,3.4907975460122698,5.936733349883483e-05,62.7079754601227
stratum_>20,best_first,1500,163,1630,1.0,"[1.0, 1.0]",34.665030674846626,24.552147239263803,3.4907975460122698,7.555828220858896,0.0,3.4907975460122698,5.901410798627906e-05,62.7079754601227
stratum_>20,bfs,25,163,1630,0.0,"[0.0, 0.0]",23.012269938650306,0.0,1.9877300613496933,5.538036809815951,0.0,1.9877300613496933,4.028855805839498e-05,25.0
stratum_>20,bfs,50,163,1630,0.0,"[0.0, 0.0]",45.86319018404908,0.0,4.136809815950921,10.023926380368097,0.0,4.136809815950921,6.944310674272433e-05,50.0
stratum_>20,bfs,100,163,1630,0.011656441717791411,"[0.00245398773006135, 0.02392638036809816]",90.97423312883436,0.0,8.963803680981595,29.284049079754602,0.0,8.963803680981595,0.00012689406006522705,99.93803680981596
stratum_>20,bfs,200,163,1630,0.6190184049079756,"[0.5509049079754601, 0.6871165644171779]",156.57300613496932,0.0,17.67484662576687,66.14233128834356,0.0,17.67484662576687,0.00020668850468894456,174.2478527607362
stratum_>20,bfs,500,163,1630,0.9963190184049079,"[0.992638036809816, 0.9993865030674847]",179.5680981595092,0.0,22.942944785276072,77.39386503067485,0.0,22.942944785276072,0.00023530346735671986,202.5110429447853
stratum_>20,bfs,1500,163,1630,1.0,"[1.0, 1.0]",179.7,0.0,22.98159509202454,77.46871165644171,0.0,22.98159509202454,0.00023457032851189192,202.68159509202454
stratum_>20,factorial_m0j0s0,25,163,1630,0.0,"[0.0, 0.0]",23.012269938650306,0.0,1.9877300613496933,0.0,0.0,1.9877300613496933,4.655178407767068e-05,25.0
stratum_>20,factorial_m0j0s0,50,163,1630,0.24662576687116566,"[0.2245398773006135, 0.2687116564417178]",43.05766871165644,0.0,4.80920245398773,0.0,0.0,4.80920245398773,7.383872189221938e-05,47.86687116564417
stratum_>20,factorial_m0j0s0,100,163,1630,0.6840490797546013,"[0.652760736196319, 0.7159509202453987]",59.02024539877301,0.0,7.859509202453988,0.0,0.0,7.859509202453988,9.461498470759831e-05,66.87975460122699
stratum_>20,factorial_m0j0s0,200,163,1630,0.6846625766871165,"[0.6496932515337424, 0.7184049079754601]",59.06380368098159,0.0,7.866257668711657,0.0,0.0,7.866257668711657,9.378613618436767e-05,66.93006134969325
stratum_>20,factorial_m0j0s0,500,163,1630,0.6846625766871165,"[0.6521472392638037, 0.7171932515337424]",59.06380368098159,0.0,7.866257668711657,0.0,0.0,7.866257668711657,9.359638920865176e-05,66.93006134969325
stratum_>20,factorial_m0j0s0,1500,163,1630,0.6846625766871165,"[0.6515337423312884, 0.7171779141104295]",59.06380368098159,0.0,7.866257668711657,0.0,0.0,7.866257668711657,9.306750483125266e-05,66.93006134969325
stratum_>20,factorial_m0j0s1,25,163,1630,0.0,"[0.0, 0.0]",23.012269938650306,0.0,1.9877300613496933,0.0,0.0,1.9877300613496933,4.265520755955778e-05,25.0
stratum_>20,factorial_m0j0s1,50,163,1630,0.0,"[0.0, 0.0]",45.867484662576686,0.0,4.132515337423313,0.0,0.0,2.0,7.00987629775255e-05,50.0
stratum_>20,factorial_m0j0s1,100,163,1630,0.5748466257668713,"[0.5429447852760736, 0.6030828220858896]",66.92699386503068,0.0,8.031901840490798,0.0,0.0,3.0,0.0001010727628699841,74.95889570552147
stratum_>20,factorial_m0j0s1,200,163,1630,0.5748466257668713,"[0.543558282208589, 0.6049079754601226]",66.92699386503068,0.0,8.031901840490798,0.0,0.0,3.0,0.00010003905309124227,74.95889570552147
stratum_>20,factorial_m0j0s1,500,163,1630,0.5748466257668713,"[0.5447852760736196, 0.6024539877300613]",66.92699386503068,0.0,8.031901840490798,0.0,0.0,3.0,9.989712410177921e-05,74.95889570552147
stratum_>20,factorial_m0j0s1,1500,163,1630,0.5748466257668713,"[0.5460122699386503, 0.6049079754601226]",66.92699386503068,0.0,8.031901840490798,0.0,0.0,3.0,9.929962124835494e-05,74.95889570552147
stratum_>20,factorial_m0j1s0,25,163,1630,0.0,"[0.0, 0.0]",19.41717791411043,4.58282208588957,1.0,0.0,0.2803680981595092,1.0,2.9096127904814446e-05,25.0
stratum_>20,factorial_m0j1s0,50,163,1630,0.0,"[0.0, 0.0]",27.57668711656442,20.42331288343558,2.0,0.0,1.456441717791411,2.0,4.9774091050851566e-05,50.0
stratum_>20,factorial_m0j1s0,100,163,1630,0.9141104294478528,"[0.8711656441717791, 0.9570552147239264]",34.18282208588957,31.30674846625767,3.374233128834356,0.0,6.92760736196319,3.374233128834356,6.448514073904306e-05,68.86380368098159
stratum_>20,factorial_m0j1s0,200,163,1630,0.9754601226993865,"[0.950920245398773, 0.9938650306748467]",34.62638036809816,31.957055214723926,3.4846625766871164,0.0,7.257668711656442,3.4846625766871164,6.525230199738514e-05,70.0680981595092
stratum_>20,factorial_m0j1s0,500,163,1630,0.9754601226993865,"[0.950920245398773, 0.9938650306748467]",34.62638036809816,31.957055214723926,3.4846625766871164,0.0,7.257668711656442,3.4846625766871164,6.534989489002462e-05,70.0680981595092
stratum_>20,factorial_m0j1s0,1500,163,1630,0.9754601226993865,"[0.950920245398773, 0.9938650306748467]",34.62638036809816,31.957055214723926,3.4846625766871164,0.0,7.257668711656442,3.4846625766871164,6.497941134166132e-05,70.0680981595092
stratum_>20,factorial_m0j1s1,25,163,1630,0.0,"[0.0, 0.0]",19.41717791411043,4.58282208588957,1.0,0.0,0.2803680981595092,1.0,2.896623697383272e-05,25.0
stratum_>20,factorial_m0j1s1,50,163,1630,0.0,"[0.0, 0.0]",27.57668711656442,20.42331288343558,2.0,0.0,1.456441717791411,2.0,4.892296734854488e-05,50.0
stratum_>20,factorial_m0j1s1,100,163,1630,0.0,"[0.0, 0.0]",49.5398773006135,45.938650306748464,4.521472392638037,0.0,15.184662576687117,2.0,8.604564229769209e-05,100.0
stratum_>20,factorial_m0j1s1,200,163,1630,0.9815950920245399,"[0.9570552147239264, 1.0]",59.94846625766871,57.66257668711656,6.067484662576687,0.0,22.03680981595092,3.0,0.00010471391702996441,123.67852760736196
stratum_>20,factorial_m0j1s1,500,163,1630,0.9815950920245399,"[0.9570552147239264, 1.0]",59.94846625766871,57.66257668711656,6.067484662576687,0.0,22.03680981595092,3.0,0.00010453611440910883,123.67852760736196
stratum_>20,factorial_m0j1s1,1500,163,1630,0.9815950920245399,"[0.9570552147239264, 1.0]",59.94846625766871,57.66257668711656,6.067484662576687,0.0,22.03680981595092,3.0,0.00010390193972942288,123.67852760736196
stratum_>20,factorial_m1j0s0,25,163,1630,0.0,"[0.0, 0.0]",23.012269938650306,0.0,1.9877300613496933,5.519631901840491,0.0,1.9877300613496933,4.2270507914888344e-05,25.0
stratum_>20,factorial_m1j0s0,50,163,1630,0.25950920245398773,"[0.2361963190184049, 0.2815950920245399]",42.487730061349694,0.0,4.825153374233129,8.563803680981595,0.0,4.825153374233129,6.980924792816302e-05,47.31288343558282
stratum_>20,factorial_m1j0s0,100,163,1630,0.5662576687116564,"[0.5398619631901841, 0.5914110429447853]",56.65950920245399,0.0,7.649079754601227,11.477300613496933,0.0,7.649079754601227,8.839023716610633e-05,64.30858895705522
stratum_>20,factorial_m1j0s0,200,163,1630,0.5668711656441717,"[0.5411042944785276, 0.5932515337423313]",56.68098159509202,0.0,7.653374233128834,11.482208588957056,0.0,7.653374233128834,8.789669276655086e-05,64.33435582822086
stratum_>20,factorial_m1j0s0,500,163,1630,0.5668711656441717,"[0.5398773006134969, 0.5920245398773006]",56.68098159509202,0.0,7.653374233128834,11.482208588957056,0.0,7.653374233128834,8.786207384949812e-05,64.33435582822086
stratum_>20,factorial_m1j0s0,1500,163,1630,0.5668711656441717,"[0.5411042944785277, 0.5932515337423312]",56.68098159509202,0.0,7.653374233128834,11.482208588957056,0.0,7.653374233128834,8.728710214601703e-05,64.33435582822086
stratum_>20,factorial_m1j0s1,25,163,1630,0.0,"[0.0, 0.0]",23.012269938650306,0.0,1.9877300613496933,5.519631901840491,0.0,1.9877300613496933,4.120845850442816e-05,25.0
stratum_>20,factorial_m1j0s1,50,163,1630,0.0,"[0.0, 0.0]",45.86564417177914,0.0,4.134355828220859,10.50122699386503,0.0,2.0,6.85388113777696e-05,50.0
stratum_>20,factorial_m1j0s1,100,163,1630,0.47300613496932514,"[0.447239263803681, 0.5006134969325153]",67.9079754601227,0.0,8.233128834355828,15.360736196319019,0.0,3.0,9.85738724195884e-05,76.14110429447852
stratum_>20,factorial_m1j0s1,200,163,1630,0.47300613496932514,"[0.44783742331288345, 0.498159509202454]",67.9079754601227,0.0,8.233128834355828,15.360736196319019,0.0,3.0,9.800657527121299e-05,76.14110429447852
stratum_>20,factorial_m1j0s1,500,163,1630,0.47300613496932514,"[0.44601226993865023, 0.4987730061349692]",67.9079754601227,0.0,8.233128834355828,15.360736196319019,0.0,3.0,9.789678719511793e-05,76.14110429447852
stratum_>20,factorial_m1j0s1,1500,163,1630,0.47300613496932514,"[0.4466257668711656, 0.498159509202454]",67.9079754601227,0.0,8.233128834355828,15.360736196319019,0.0,3.0,9.72589432187607e-05,76.14110429447852
stratum_>20,factorial_m1j1s0,25,163,1630,0.0,"[0.0, 0.0]",19.41717791411043,4.58282208588957,1.0,5.392638036809816,0.3006134969325153,1.0,2.9562399408385796e-05,25.0
stratum_>20,factorial_m1j1s0,50,163,1630,0.09386503067484663,"[0.05521472392638037, 0.1411042944785276]",28.784662576687115,18.478527607361965,2.263803680981595,6.87239263803681,3.1233128834355828,2.263803680981595,5.103127425250832e-05,49.526993865030676
stratum_>20,factorial_m1j1s0,100,163,1630,0.9447852760736196,"[0.9079754601226994, 0.9754601226993865]",34.12760736196319,24.0920245398773,3.3803680981595092,7.479141104294478,6.352760736196319,3.3803680981595092,6.114867190184768e-05,61.6
stratum_>20,factorial_m1j1s0,200,163,1630,0.9754601226993865,"[0.950920245398773, 0.9938650306748467]",34.36441717791411,24.349693251533743,3.441717791411043,7.500613496932515,6.5030674846625764,3.441717791411043,6.143595349112171e-05,62.15582822085889
stratum_>20,factorial_m1j1s0,500,163,1630,0.9754601226993865,"[0.950920245398773, 0.9938650306748467]",34.36441717791411,24.349693251533743,3.441717791411043,7.500613496932515,6.5030674846625764,3.441717791411043,6.163227571848711e-05,62.15582822085889
stratum_>20,factorial_m1j1s0,1500,163,1630,0.9754601226993865,"[0.9447852760736196, 0.9938650306748467]",34.36441717791411,24.349693251533743,3.441717791411043,7.500613496932515,6.5030674846625764,3.441717791411043,6.129772293787061e-05,62.15582822085889
stratum_>20,factorial_m1j1s1,25,163,1630,0.0,"[0.0, 0.0]",19.41717791411043,4.58282208588957,1.0,5.392638036809816,0.3006134969325153,1.0,2.9640193411543326e-05,25.0
stratum_>20,factorial_m1j1s1,50,163,1630,0.0,"[0.0, 0.0]",29.25153374233129,18.484662576687118,2.263803680981595,7.011656441717792,3.125766871165644,2.0,5.059873091022661e-05,50.0
stratum_>20,factorial_m1j1s1,100,163,1630,0.15766871165644172,"[0.1067484662576687, 0.21226993865030674]",55.4239263803681,38.41104294478528,5.128834355828221,14.37361963190184,16.14969325153374,2.2515337423312882,8.953057309509786e-05,98.9638036809816
stratum_>20,factorial_m1j1s1,200,163,1630,0.9938650306748467,"[0.9815950920245399, 1.0]",59.882208588957056,42.70552147239264,6.03680981595092,15.032515337423312,18.975460122699385,3.0,9.753164132497063e-05,108.62453987730062
stratum_>20,factorial_m1j1s1,500,163,1630,0.9938650306748467,"[0.9815950920245399, 1.0]",59.882208588957056,42.70552147239264,6.03680981595092,15.032515337423312,18.975460122699385,3.0,9.750821656244663e-05,108.62453987730062
stratum_>20,factorial_m1j1s1,1500,163,1630,0.9938650306748467,"[0.9815950920245399, 1.0]",59.882208588957056,42.70552147239264,6.03680981595092,15.032515337423312,18.975460122699385,3.0,9.689576283920031e-05,108.62453987730062
stratum_>20,frontier_without_merging,25,163,1630,0.0,"[0.0, 0.0]",19.41717791411043,4.58282208588957,1.0,0.0,0.2803680981595092,1.0,2.9033528743711718e-05,25.0
stratum_>20,frontier_without_merging,50,163,1630,0.0,"[0.0, 0.0]",27.57668711656442,20.42331288343558,2.0,0.0,1.456441717791411,2.0,4.8946021296129636e-05,50.0
stratum_>20,frontier_without_merging,100,163,1630,0.0,"[0.0, 0.0]",49.5398773006135,45.938650306748464,4.521472392638037,0.0,15.184662576687117,2.0,8.603834027161627e-05,100.0
stratum_>20,frontier_without_merging,200,163,1630,0.9815950920245399,"[0.9570552147239264, 1.0]",59.94846625766871,57.66257668711656,6.067484662576687,0.0,22.03680981595092,3.0,0.00010477124421965857,123.67852760736196
stratum_>20,frontier_without_merging,500,163,1630,0.9815950920245399,"[0.9570552147239264, 1.0]",59.94846625766871,57.66257668711656,6.067484662576687,0.0,22.03680981595092,3.0,0.00010472934156016338,123.67852760736196
stratum_>20,frontier_without_merging,1500,163,1630,0.9815950920245399,"[0.9570552147239264, 1.0]",59.94846625766871,57.66257668711656,6.067484662576687,0.0,22.03680981595092,3.0,0.00010399777225098727,123.67852760736196
stratum_>20,full_interference_search,25,163,1630,0.0,"[0.0, 0.0]",19.41717791411043,4.58282208588957,1.0,5.392638036809816,0.3006134969325153,1.0,2.9639459209390943e-05,25.0
stratum_>20,full_interference_search,50,163,1630,0.0,"[0.0, 0.0]",29.25153374233129,18.484662576687118,2.263803680981595,7.011656441717792,3.125766871165644,2.0,5.0601270621173954e-05,50.0
stratum_>20,full_interference_search,100,163,1630,0.15766871165644172,"[0.10613496932515337, 0.2128987730061349]",55.4239263803681,38.41104294478528,5.128834355828221,14.37361963190184,16.14969325153374,2.2515337423312882,8.946458174864208e-05,98.9638036809816
stratum_>20,full_interference_search,200,163,1630,0.9938650306748467,"[0.9815950920245399, 1.0]",59.882208588957056,42.70552147239264,6.03680981595092,15.032515337423312,18.975460122699385,3.0,9.74193426774689e-05,108.62453987730062
stratum_>20,full_interference_search,500,163,1630,0.9938650306748467,"[0.9815950920245399, 1.0]",59.882208588957056,42.70552147239264,6.03680981595092,15.032515337423312,18.975460122699385,3.0,9.751562943304975e-05,108.62453987730062
stratum_>20,full_interference_search,1500,163,1630,0.9938650306748467,"[0.9815950920245399, 1.0]",59.882208588957056,42.70552147239264,6.03680981595092,15.032515337423312,18.975460122699385,3.0,9.690070799066246e-05,108.62453987730062
stratum_>20,hand_bound_frontier,25,163,1630,0.0,"[0.0, 0.0]",23.012269938650306,0.0,1.9877300613496933,5.516564417177914,0.3325153374233129,1.9877300613496933,4.890747196926661e-05,25.0
stratum_>20,hand_bound_frontier,50,163,1630,0.0,"[0.0, 0.0]",45.870552147239266,0.0,4.129447852760737,10.461349693251533,1.5061349693251533,2.0,8.274581671858127e-05,50.0
stratum_>20,hand_bound_frontier,100,163,1630,0.4993865030674847,"[0.47361963190184053, 0.5251533742331288]",67.75766871165644,0.0,8.185889570552147,15.245398773006135,2.033128834355828,3.0,0.00011518471274364945,75.94355828220858
stratum_>20,hand_bound_frontier,200,163,1630,0.4993865030674847,"[0.4742331288343558, 0.5245552147239263]",67.75766871165644,0.0,8.185889570552147,15.245398773006135,2.033128834355828,3.0,0.00011478767336054813,75.94355828220858
stratum_>20,hand_bound_frontier,500,163,1630,0.4993865030674847,"[0.47300613496932514, 0.5251533742331288]",67.75766871165644,0.0,8.185889570552147,15.245398773006135,2.033128834355828,3.0,0.00011477640378603175,75.94355828220858
stratum_>20,hand_bound_frontier,1500,163,1630,0.4993865030674847,"[0.4723773006134969, 0.5251533742331288]",67.75766871165644,0.0,8.185889570552147,15.245398773006135,2.033128834355828,3.0,0.00011419678004058592,75.94355828220858
stratum_>20,independent_parallel,25,163,1630,0.0,"[0.0, 0.0]",19.41717791411043,4.58282208588957,1.0,0.0,0.0,1.0,2.9015453658038123e-05,25.0
stratum_>20,independent_parallel,50,163,1630,0.0,"[0.0, 0.0]",27.49570552147239,20.50429447852761,2.0,0.0,0.0,2.0,5.929556166741746e-05,50.0
stratum_>20,independent_parallel,100,163,1630,0.0,"[0.0, 0.0]",49.4521472392638,45.999386503067484,4.548466257668712,0.0,0.0,2.0,9.541241909188727e-05,100.0
stratum_>20,independent_parallel,200,163,1630,0.9496932515337424,"[0.9343558282208589, 0.9638036809815952]",63.18282208588957,58.83558282208589,6.742331288343558,0.0,0.0,3.096932515337423,0.00012862272046369278,128.76073619631902
stratum_>20,independent_parallel,500,163,1630,0.9981595092024539,"[0.9957055214723927, 1.0]",65.47116564417178,60.971165644171776,7.042944785276074,0.0,0.0,3.1742331288343557,0.00013267647852104134,133.48527607361964
stratum_>20,independent_parallel,1500,163,1630,1.0,"[1.0, 1.0]",65.5361963190184,61.02944785276074,7.052760736196319,0.0,0.0,3.176687116564417,0.00013210736272250949,133.61840490797547
stratum_>20,merging_without_learned_judge,25,163,1630,0.0,"[0.0, 0.0]",23.012269938650306,0.0,1.9877300613496933,5.519631901840491,0.0,1.9877300613496933,4.130385279015529e-05,25.0
stratum_>20,merging_without_learned_judge,50,163,1630,0.0,"[0.0, 0.0]",45.86564417177914,0.0,4.134355828220859,10.50122699386503,0.0,2.0,6.870392858524995e-05,50.0
stratum_>20,merging_without_learned_judge,100,163,1630,0.47300613496932514,"[0.4466104294478527, 0.4993865030674846]",67.9079754601227,0.0,8.233128834355828,15.360736196319019,0.0,3.0,9.875293375432857e-05,76.14110429447852
stratum_>20,merging_without_learned_judge,200,163,1630,0.47300613496932514,"[0.447239263803681, 0.5006134969325153]",67.9079754601227,0.0,8.233128834355828,15.360736196319019,0.0,3.0,9.815632679893927e-05,76.14110429447852
stratum_>20,merging_without_learned_judge,500,163,1630,0.47300613496932514,"[0.4466257668711656, 0.49877300613496933]",67.9079754601227,0.0,8.233128834355828,15.360736196319019,0.0,3.0,9.802354076888664e-05,76.14110429447852
stratum_>20,merging_without_learned_judge,1500,163,1630,0.47300613496932514,"[0.4447852760736196, 0.4994018404907975]",67.9079754601227,0.0,8.233128834355828,15.360736196319019,0.0,3.0,9.738598361702784e-05,76.14110429447852
stratum_>20,single_line,25,163,1630,0.0,"[0.0, 0.0]",19.41717791411043,4.58282208588957,1.0,0.0,0.0,1.0,2.8989371483677004e-05,25.0
stratum_>20,single_line,50,163,1630,0.0,"[0.0, 0.0]",27.49570552147239,20.50429447852761,2.0,0.0,0.0,2.0,5.062795844089034e-05,50.0
stratum_>20,single_line,100,163,1630,0.6282208588957056,"[0.5901840490797545, 0.6644171779141104]",38.95092024539877,34.06319018404908,3.457055214723926,0.0,0.0,3.457055214723926,7.138515771166679e-05,76.47116564417178
stratum_>20,single_line,200,163,1630,0.8773006134969326,"[0.852760736196319, 0.9006288343558282]",49.298159509202456,44.625766871165645,4.6582822085889575,0.0,0.0,4.6582822085889575,9.033838229859533e-05,98.58220858895706
stratum_>20,single_line,500,163,1630,0.9846625766871165,"[0.9766717791411043, 0.9914110429447854]",56.46871165644172,51.76993865030675,5.3417177914110425,0.0,0.0,5.3417177914110425,0.0001028108559091764,113.58036809815951
stratum_>20,single_line,1500,163,1630,1.0,"[1.0, 1.0]",57.392638036809814,52.709815950920245,5.429447852760736,0.0,0.0,5.429447852760736,0.00010385016219381906,115.5319018404908
