cohort,method,budget,problems,trials,solve_rate,problem_cluster_ci95,states_proposed_mean,states_judged_mean,states_expanded_mean,states_merged_mean,states_pruned_mean,sequential_rounds_mean,wall_seconds_mean,work_used_mean
all,beam,25,1000,10000,0.0,"[0.0, 0.0]",25.0,23.0221,2.01,1.9779,0.0,2.0,5.011275121942163e-05,25.0
all,beam,50,1000,10000,0.0,"[0.0, 0.0]",50.0,44.181,4.885,5.819,0.0,2.0,8.811582932248711e-05,50.0
all,beam,100,1000,10000,0.0202,"[0.011800000000000001, 0.029004999999999975]",99.8766,75.0632,10.121,24.7768,0.0,2.021,0.0001561436033807695,99.8766
all,beam,200,1000,10000,0.9812000000000001,"[0.9731000000000001, 0.989]",165.4587,101.9071,17.458,60.7006,0.0,2.999,0.00025147107169032096,165.4587
all,beam,500,1000,10000,0.989,"[0.982, 0.995]",165.811,101.909,17.56,60.7869,0.0,3.0,0.00025104034272953866,165.811
all,beam,1500,1000,10000,0.989,"[0.982, 0.995]",165.811,101.909,17.56,60.7869,0.0,3.0,0.0002497471125796437,165.811
all,best_first,25,1000,10000,0.0,"[0.0, 0.0]",25.0,23.0221,2.0,1.9779,0.0,2.0,4.8835954163223505e-05,25.0
all,best_first,50,1000,10000,0.6895,"[0.661995, 0.71671]",39.1846,33.5977,3.964,3.5028,0.0,3.964,7.064011711627245e-05,39.1846
all,best_first,100,1000,10000,0.8797999999999999,"[0.8600999999999999, 0.8996]",48.9324,39.8756,5.121,6.2105,0.0,5.121,8.467902103438973e-05,48.9324
all,best_first,200,1000,10000,0.9889,"[0.9819, 0.9949]",54.2804,42.0331,5.817,8.8311,0.0,5.817,9.181260215118527e-05,54.2804
all,best_first,500,1000,10000,1.0,"[1.0, 1.0]",54.4656,42.075,5.85,8.9051,0.0,5.85,9.232135359197854e-05,54.4656
all,best_first,1500,1000,10000,1.0,"[1.0, 1.0]",54.4656,42.075,5.85,8.9051,0.0,5.85,9.178604427725076e-05,54.4656
all,bfs,25,1000,10000,0.0,"[0.0, 0.0]",25.0,0.0,2.0,1.8959,0.0,2.0,4.35711782425642e-05,25.0
all,bfs,50,1000,10000,0.0,"[0.0, 0.0]",50.0,0.0,4.8168,5.2614,0.0,4.8168,7.842992870137095e-05,50.0
all,bfs,100,1000,10000,0.0082,"[0.004200000000000001, 0.0127]",99.956,0.0,9.959,23.0923,0.0,9.959,0.00014238287843763828,99.956
all,bfs,200,1000,10000,0.2238,"[0.2036975, 0.243]",191.8251,0.0,22.3623,74.2024,0.0,22.3623,0.0002567485623061657,191.8251
all,bfs,500,1000,10000,0.9662999999999999,"[0.9594000000000001, 0.9728]",281.3212,0.0,49.844,114.3593,0.0,49.844,0.00037798325847834347,281.3212
all,bfs,1500,1000,10000,1.0,"[1.0, 1.0]",282.7148,0.0,50.2704,115.1658,0.0,50.2704,0.00037863082764670255,282.7148
all,factorial_m0j0s0,25,1000,10000,0.0,"[0.0, 0.0]",25.0,0.0,2.0,0.0,0.0,2.0,5.253058318048716e-05,25.0
all,factorial_m0j0s0,50,1000,10000,0.11259999999999999,"[0.1041, 0.12090000000000001]",48.82,0.0,5.646,0.0,0.0,5.646,9.208280816674233e-05,48.82
all,factorial_m0j0s0,100,1000,10000,0.3623,"[0.3437974999999999, 0.3817075]",86.0919,0.0,13.2233,0.0,0.0,13.2233,0.0001522255946882069,86.0919
all,factorial_m0j0s0,200,1000,10000,0.6149,"[0.594195, 0.6350049999999999]",132.8737,0.0,25.0115,0.0,0.0,25.0115,0.00022072980757802726,132.8737
all,factorial_m0j0s0,500,1000,10000,0.6567999999999999,"[0.6363975, 0.676805]",141.1958,0.0,27.4423,0.0,0.0,27.4423,0.00023099580267444252,141.1958
all,factorial_m0j0s0,1500,1000,10000,0.6567999999999999,"[0.6375000000000001, 0.6766025]",141.1958,0.0,27.4423,0.0,0.0,27.4423,0.00022972327694296838,141.1958
all,factorial_m0j0s1,25,1000,10000,0.0,"[0.0, 0.0]",25.0,0.0,2.0045,0.0,0.0,2.0,4.475444061681628e-05,25.0
all,factorial_m0j0s1,50,1000,10000,0.0,"[0.0, 0.0]",50.0,0.0,4.8824,0.0,0.0,2.0,7.769237291067838e-05,50.0
all,factorial_m0j0s1,100,1000,10000,0.0,"[0.0, 0.0]",100.0,0.0,10.096,0.0,0.0,2.0,0.00014216917473822832,100.0
all,factorial_m0j0s1,200,1000,10000,0.36860000000000004,"[0.3490975, 0.38930000000000003]",193.5826,0.0,24.7935,0.0,0.0,2.9947,0.00028960576299577953,193.5826
all,factorial_m0j0s1,500,1000,10000,0.5032,"[0.4817975, 0.5259050000000001]",205.7106,0.0,28.2386,0.0,0.0,3.0,0.00029928515115752816,205.7106
all,factorial_m0j0s1,1500,1000,10000,0.5032,"[0.482, 0.5244]",205.7106,0.0,28.2386,0.0,0.0,3.0,0.0002973449053242803,205.7106
all,factorial_m0j1s0,25,1000,10000,0.0,"[0.0, 0.0]",25.0,25.0,2.0,0.0,5.7774,2.0,5.2457351144403217e-05,25.0
all,factorial_m0j1s0,50,1000,10000,0.6819,"[0.6548, 0.709205]",39.2747,37.085,3.987,0.0,15.2123,3.987,7.78056813403964e-05,39.2747
all,factorial_m0j1s0,100,1000,10000,0.8660999999999999,"[0.8447, 0.8863]",49.645,46.439,5.24,0.0,23.4637,5.24,9.44879355840385e-05,49.645
all,factorial_m0j1s0,200,1000,10000,0.975,"[0.965, 0.984]",55.7934,51.446,6.108,0.0,27.9539,6.108,0.00010408273730427027,55.7934
all,factorial_m0j1s0,500,1000,10000,0.98,"[0.9709749999999999, 0.988]",56.014,51.507,6.158,0.0,28.006,6.158,0.00010455786725506187,56.014
all,factorial_m0j1s0,1500,1000,10000,0.98,"[0.971, 0.988]",56.014,51.507,6.158,0.0,28.006,6.158,0.00010397707456722856,56.014
all,factorial_m0j1s1,25,1000,10000,0.0,"[0.0, 0.0]",25.0,25.0,2.01,0.0,5.7774,2.0,5.041037742048502e-05,25.0
all,factorial_m0j1s1,50,1000,10000,0.0,"[0.0, 0.0]",50.0,50.0,4.88,0.0,24.6917,2.0,9.117135787382722e-05,50.0
all,factorial_m0j1s1,100,1000,10000,0.001,"[0.0, 0.003]",99.9791,99.977,10.13,0.0,64.8352,2.001,0.00017028013812378048,99.9791
all,factorial_m0j1s1,200,1000,10000,0.9607,"[0.9480925, 0.9718025]",170.3182,167.248,18.016,0.0,122.6328,2.991,0.0002845432479865849,170.3182
all,factorial_m0j1s1,500,1000,10000,0.979,"[0.97, 0.988]",170.7471,167.266,18.127,0.0,122.65,2.995,0.0002848557833582163,170.7471
all,factorial_m0j1s1,1500,1000,10000,0.979,"[0.97, 0.988]",170.7471,167.266,18.127,0.0,122.65,2.995,0.0002836970243602991,170.7471
all,factorial_m1j0s0,25,1000,10000,0.0,"[0.0, 0.0]",25.0,0.0,2.0,1.9153,0.0,2.0,4.6941801253706217e-05,25.0
all,factorial_m1j0s0,50,1000,10000,0.1179,"[0.1095, 0.1271025]",48.7073,0.0,5.7443,4.3941,0.0,5.7443,8.987511480227113e-05,48.7073
all,factorial_m1j0s0,100,1000,10000,0.36260000000000003,"[0.34409249999999997, 0.38110000000000005]",86.4233,0.0,13.2366,12.4694,0.0,13.2366,0.00015066649401560426,86.4233
all,factorial_m1j0s0,200,1000,10000,0.646,"[0.6265974999999999, 0.6658]",130.3946,0.0,24.1158,28.4196,0.0,24.1158,0.00021241596359759568,130.3946
all,factorial_m1j0s0,500,1000,10000,0.6688,"[0.65, 0.6874025000000001]",134.5496,0.0,25.3192,30.4846,0.0,25.3192,0.00021739161796867847,134.5496
all,factorial_m1j0s0,1500,1000,10000,0.6688,"[0.6502975, 0.6871025000000002]",134.5496,0.0,25.3192,30.4846,0.0,25.3192,0.00021625100076198578,134.5496
all,factorial_m1j0s1,25,1000,10000,0.0,"[0.0, 0.0]",25.0,0.0,2.003,1.9153,0.0,2.0,4.4529676623642443e-05,25.0
all,factorial_m1j0s1,50,1000,10000,0.0,"[0.0, 0.0]",50.0,0.0,4.8918,5.5556,0.0,2.0,7.775139296427369e-05,50.0
all,factorial_m1j0s1,100,1000,10000,0.0067,"[0.0033974999999999995, 0.010302499999999987]",99.9575,0.0,10.1143,23.1951,0.0,2.021,0.0001388773280195892,99.9575
all,factorial_m1j0s1,200,1000,10000,0.3872,"[0.3678, 0.4061]",188.4001,0.0,24.743,62.2833,0.0,2.997,0.00025796171063557265,188.4001
all,factorial_m1j0s1,500,1000,10000,0.49660000000000004,"[0.4781, 0.5165]",199.0868,0.0,27.7652,64.7004,0.0,3.0,0.0002689941672608256,199.0868
all,factorial_m1j0s1,1500,1000,10000,0.49660000000000004,"[0.4775, 0.5166000000000001]",199.0868,0.0,27.7652,64.7004,0.0,3.0,0.00026748137092217803,199.0868
all,factorial_m1j1s0,25,1000,10000,0.0,"[0.0, 0.0]",25.0,23.0221,2.0,1.9779,5.6306,2.0,5.1118063926696775e-05,25.0
all,factorial_m1j1s0,50,1000,10000,0.6895,"[0.6613, 0.7154024999999999]",39.1846,33.5977,3.964,3.5028,13.9688,3.964,7.516194852069021e-05,39.1846
all,factorial_m1j1s0,100,1000,10000,0.8797999999999999,"[0.8587, 0.8999025000000002]",48.9324,39.8756,5.121,6.2105,19.5328,5.121,8.950284142047167e-05,48.9324
all,factorial_m1j1s0,200,1000,10000,0.983,"[0.974, 0.99]",53.8545,41.876,5.77,8.5466,21.312,5.77,9.597828881815076e-05,53.8545
all,factorial_m1j1s0,500,1000,10000,0.983,"[0.974, 0.99]",53.8545,41.876,5.77,8.5466,21.312,5.77,9.614832885563374e-05,53.8545
all,factorial_m1j1s0,1500,1000,10000,0.983,"[0.974, 0.991]",53.8545,41.876,5.77,8.5466,21.312,5.77,9.55539220944047e-05,53.8545
all,factorial_m1j1s1,25,1000,10000,0.0,"[0.0, 0.0]",25.0,23.0221,2.01,1.9779,5.6306,2.0,5.015125581994653e-05,25.0
all,factorial_m1j1s1,50,1000,10000,0.0,"[0.0, 0.0]",50.0,44.181,4.884,5.819,22.4365,2.0,8.968104906380177e-05,50.0
all,factorial_m1j1s1,100,1000,10000,0.023399999999999997,"[0.0149, 0.0327]",99.7543,75.0211,10.108,24.6879,49.513,2.024,0.00015985295278951527,99.7543
all,factorial_m1j1s1,200,1000,10000,0.9782000000000001,"[0.9692000000000001, 0.9866]",159.9913,99.8851,16.851,57.4167,72.4561,2.994,0.0002395982202142477,159.9913
all,factorial_m1j1s1,500,1000,10000,0.986,"[0.9789749999999999, 0.993]",160.1046,99.887,16.882,57.4381,72.458,2.995,0.0002396483525633812,160.1046
all,factorial_m1j1s1,1500,1000,10000,0.986,"[0.978, 0.993]",160.1046,99.887,16.882,57.4381,72.458,2.995,0.00023870660802349447,160.1046
all,frontier_without_merging,25,1000,10000,0.0,"[0.0, 0.0]",25.0,25.0,2.01,0.0,5.7774,2.0,5.060369661077857e-05,25.0
all,frontier_without_merging,50,1000,10000,0.0,"[0.0, 0.0]",50.0,50.0,4.88,0.0,24.6917,2.0,9.132798006758094e-05,50.0
all,frontier_without_merging,100,1000,10000,0.001,"[0.0, 0.003]",99.9791,99.977,10.13,0.0,64.8352,2.001,0.00017042394457384943,99.9791
all,frontier_without_merging,200,1000,10000,0.9607,"[0.9481, 0.9722000000000001]",170.3182,167.248,18.016,0.0,122.6328,2.991,0.00028480725325644016,170.3182
all,frontier_without_merging,500,1000,10000,0.979,"[0.97, 0.987]",170.7471,167.266,18.127,0.0,122.65,2.995,0.0002851846513338387,170.7471
all,frontier_without_merging,1500,1000,10000,0.979,"[0.969, 0.987]",170.7471,167.266,18.127,0.0,122.65,2.995,0.00028410457130521535,170.7471
all,full_interference_search,25,1000,10000,0.0,"[0.0, 0.0]",25.0,23.0221,2.01,1.9779,5.6306,2.0,5.035027731209994e-05,25.0
all,full_interference_search,50,1000,10000,0.0,"[0.0, 0.0]",50.0,44.181,4.884,5.819,22.4365,2.0,8.991378452628852e-05,50.0
all,full_interference_search,100,1000,10000,0.023399999999999997,"[0.014, 0.032802499999999984]",99.7543,75.0211,10.108,24.6879,49.513,2.024,0.00016004828568547965,99.7543
all,full_interference_search,200,1000,10000,0.9782000000000001,"[0.9686, 0.9867999999999999]",159.9913,99.8851,16.851,57.4167,72.4561,2.994,0.00023983666822314262,159.9913
all,full_interference_search,500,1000,10000,0.986,"[0.979, 0.993]",160.1046,99.887,16.882,57.4381,72.458,2.995,0.00023990806564688682,160.1046
all,full_interference_search,1500,1000,10000,0.986,"[0.9789749999999999, 0.993]",160.1046,99.887,16.882,57.4381,72.458,2.995,0.00023893634025007486,160.1046
all,hand_bound_frontier,25,1000,10000,0.0,"[0.0, 0.0]",25.0,0.0,2.003,1.9096,0.8196,2.0,5.472753020003438e-05,25.0
all,hand_bound_frontier,50,1000,10000,0.0,"[0.0, 0.0]",50.0,0.0,4.891,5.5214,3.084,2.0,9.560383893549442e-05,50.0
all,hand_bound_frontier,100,1000,10000,0.0111,"[0.0063974999999999995, 0.017]",99.9193,0.0,10.1226,23.0369,6.3207,2.025,0.00016891301209107041,99.9193
all,hand_bound_frontier,200,1000,10000,0.4135,"[0.3941, 0.4327025]",187.1579,0.0,24.5552,61.228,8.611,2.997,0.000295255153439939,187.1579
all,hand_bound_frontier,500,1000,10000,0.5290999999999999,"[0.5100975, 0.5482]",197.068,0.0,27.3608,63.3247,8.6115,3.0,0.0003054463223554194,197.068
all,hand_bound_frontier,1500,1000,10000,0.5290999999999999,"[0.509595, 0.5478025]",197.068,0.0,27.3608,63.3247,8.6115,3.0,0.0003039695533923805,197.068
all,independent_parallel,25,1000,10000,0.0,"[0.0, 0.0]",25.0,25.0,2.0029,0.0,0.0,2.0,8.032832257449627e-05,25.0
all,independent_parallel,50,1000,10000,0.0,"[0.0, 0.0]",50.0,50.0,4.9012,0.0,0.0,2.0,0.00011924471827223897,50.0
all,independent_parallel,100,1000,10000,0.0,"[0.0, 0.0]",100.0,100.0,10.1281,0.0,0.0,2.0,0.0001947933204472065,100.0
all,independent_parallel,200,1000,10000,0.8609000000000001,"[0.8466975, 0.8752025000000001]",181.2513,170.1325,20.9586,0.0,0.0,2.9969,0.00036334131611511113,181.2513
all,independent_parallel,500,1000,10000,0.9871,"[0.9831, 0.9906]",191.5655,177.3916,22.5747,0.0,0.0,3.138,0.0003816700095310807,191.5655
all,independent_parallel,1500,1000,10000,0.9992000000000001,"[0.9985, 0.9997]",196.1992,181.095,23.234,0.0,0.0,3.1887,0.0003891340327449143,196.1992
all,merging_without_learned_judge,25,1000,10000,0.0,"[0.0, 0.0]",25.0,0.0,2.003,1.9153,0.0,2.0,4.488244922831655e-05,25.0
all,merging_without_learned_judge,50,1000,10000,0.0,"[0.0, 0.0]",50.0,0.0,4.8918,5.5556,0.0,2.0,7.807148536667227e-05,50.0
all,merging_without_learned_judge,100,1000,10000,0.0067,"[0.0035, 0.0108]",99.9575,0.0,10.1143,23.1951,0.0,2.021,0.0001392560990527272,99.9575
all,merging_without_learned_judge,200,1000,10000,0.3872,"[0.3684975, 0.4061024999999999]",188.4001,0.0,24.743,62.2833,0.0,2.997,0.00025837650122120977,188.4001
all,merging_without_learned_judge,500,1000,10000,0.49660000000000004,"[0.4766975, 0.5167]",199.0868,0.0,27.7652,64.7004,0.0,3.0,0.00026974656293168663,199.0868
all,merging_without_learned_judge,1500,1000,10000,0.49660000000000004,"[0.47720000000000007, 0.5162]",199.0868,0.0,27.7652,64.7004,0.0,3.0,0.0002681880780495703,199.0868
all,single_line,25,1000,10000,0.0,"[0.0, 0.0]",25.0,25.0,2.0,0.0,0.0,2.0,5.2710193954408166e-05,25.0
all,single_line,50,1000,10000,0.28330000000000005,"[0.26849500000000004, 0.29830249999999997]",44.4611,41.6481,3.9674,0.0,0.0,3.9674,8.416642230004073e-05,44.4611
all,single_line,100,1000,10000,0.5423,"[0.5232975, 0.5601999999999999]",73.3468,67.0268,7.1519,0.0,0.0,7.1519,0.0001348674233071506,73.3468
all,single_line,200,1000,10000,0.7115,"[0.6934975, 0.7289]",110.1445,100.3593,10.5136,0.0,0.0,10.5136,0.00019572015386074782,110.1445
all,single_line,500,1000,10000,0.8861000000000001,"[0.8727975, 0.8983025000000001]",163.6558,148.5175,15.6024,0.0,0.0,15.6024,0.00028964888947084544,163.6558
all,single_line,1500,1000,10000,0.9735999999999999,"[0.9671975, 0.9797]",217.4765,196.9592,20.6973,0.0,0.0,20.6973,0.000383714694250375,217.4765
random,beam,25,500,5000,0.0,"[0.0, 0.0]",25.0,23.491,2.004,1.509,0.0,2.0,5.01436373218894e-05,25.0
random,beam,50,500,5000,0.0,"[0.0, 0.0]",50.0,44.895,4.892,5.105,0.0,2.0,8.815451599657535e-05,50.0
random,beam,100,500,5000,0.006,"[0.0, 0.014]",99.9578,76.3638,10.152,23.5842,0.0,2.006,0.00015634118560701608,99.9578
random,beam,200,500,5000,0.9852000000000001,"[0.9743999999999999, 0.9952000000000001]",167.5726,104.312,17.7,60.3964,0.0,3.0,0.00025430729258805513,167.5726
random,beam,500,500,5000,0.99,"[0.98, 0.998]",167.9462,104.312,17.812,60.4926,0.0,3.0,0.0002538565047085285,167.9462
random,beam,1500,500,5000,0.99,"[0.98, 0.998]",167.9462,104.312,17.812,60.4926,0.0,3.0,0.0002525526486337185,167.9462
random,best_first,25,500,5000,0.0,"[0.0, 0.0]",25.0,23.491,2.0,1.509,0.0,2.0,4.889886323362589e-05,25.0
random,best_first,50,500,5000,0.7132000000000001,"[0.6748, 0.7527999999999999]",38.811,33.7556,3.942,2.9128,0.0,3.942,7.005287948995829e-05,38.811
random,best_first,100,500,5000,0.914,"[0.889995, 0.937205]",47.1596,39.048,4.942,5.2354,0.0,4.942,8.189093936234712e-05,47.1596
random,best_first,200,500,5000,0.988,"[0.978, 0.996]",51.2412,40.7462,5.454,7.232,0.0,5.454,8.730060067027808e-05,51.2412
random,best_first,500,500,5000,1.0,"[1.0, 1.0]",51.3884,40.784,5.476,7.2992,0.0,5.476,8.772191517055034e-05,51.3884
random,best_first,1500,500,5000,1.0,"[1.0, 1.0]",51.3884,40.784,5.476,7.2992,0.0,5.476,8.725082296878099e-05,51.3884
random,bfs,25,500,5000,0.0,"[0.0, 0.0]",25.0,0.0,2.0,1.4464,0.0,2.0,4.3509190715849397e-05,25.0
random,bfs,50,500,5000,0.0,"[0.0, 0.0]",50.0,0.0,4.8286,4.538,0.0,4.8286,7.832327224314212e-05,50.0
random,bfs,100,500,5000,0.002,"[0.0, 0.0048]",99.9934,0.0,9.9618,21.8004,0.0,9.9618,0.0001422664912417531,99.9934
random,bfs,200,500,5000,0.183,"[0.16, 0.206805]",194.9332,0.0,22.6656,74.6096,0.0,22.6656,0.00026003547850996254,194.9332
random,bfs,500,500,5000,0.9742000000000001,"[0.9658, 0.9814]",282.4414,0.0,49.434,113.5852,0.0,49.434,0.0003780743483453989,282.4414
random,bfs,1500,500,5000,1.0,"[1.0, 1.0]",283.4724,0.0,49.7506,114.1574,0.0,49.7506,0.0003781422359868884,283.4724
random,factorial_m0j0s0,25,500,5000,0.0,"[0.0, 0.0]",25.0,0.0,2.0,0.0,0.0,2.0,5.2774198725819586e-05,25.0
random,factorial_m0j0s0,50,500,5000,0.0992,"[0.08940000000000001, 0.1096]",48.9644,0.0,5.6654,0.0,0.0,5.6654,9.209024757146835e-05,48.9644
random,factorial_m0j0s0,100,500,5000,0.3504,"[0.326195, 0.37479999999999997]",87.075,0.0,13.4202,0.0,0.0,13.4202,0.00015334984548389912,87.075
random,factorial_m0j0s0,200,500,5000,0.6232000000000001,"[0.5959949999999999, 0.649405]",134.0642,0.0,25.2,0.0,0.0,25.2,0.00022199815604835747,134.0642
random,factorial_m0j0s0,500,500,5000,0.6692,"[0.6434000000000001, 0.6956049999999999]",142.2938,0.0,27.5974,0.0,0.0,27.5974,0.00023204599805176258,142.2938
random,factorial_m0j0s0,1500,500,5000,0.6692,"[0.6426000000000001, 0.6956000000000001]",142.2938,0.0,27.5974,0.0,0.0,27.5974,0.00023067497182637452,142.2938
random,factorial_m0j0s1,25,500,5000,0.0,"[0.0, 0.0]",25.0,0.0,2.0012,0.0,0.0,2.0,4.4595851935446264e-05,25.0
random,factorial_m0j0s1,50,500,5000,0.0,"[0.0, 0.0]",50.0,0.0,4.8976,0.0,0.0,2.0,7.739417515695095e-05,50.0
random,factorial_m0j0s1,100,500,5000,0.0,"[0.0, 0.0]",100.0,0.0,10.1058,0.0,0.0,2.0,0.00014168525543063878,100.0
random,factorial_m0j0s1,200,500,5000,0.36260000000000003,"[0.33719, 0.38920499999999997]",193.6596,0.0,24.8702,0.0,0.0,2.9966,0.00028863586243242027,193.6596
random,factorial_m0j0s1,500,500,5000,0.5005999999999999,"[0.472395, 0.5297999999999999]",206.0474,0.0,28.396,0.0,0.0,3.0,0.00029831666965037586,206.0474
random,factorial_m0j0s1,1500,500,5000,0.5005999999999999,"[0.472995, 0.5302]",206.0474,0.0,28.396,0.0,0.0,3.0,0.0002964332856237888,206.0474
random,factorial_m0j1s0,25,500,5000,0.0,"[0.0, 0.0]",25.0,25.0,2.0,0.0,5.8942,2.0,5.211126878857612e-05,25.0
random,factorial_m0j1s0,50,500,5000,0.7035999999999999,"[0.6653949999999998, 0.742205]",38.9278,36.7,3.968,0.0,14.9202,3.968,7.690463680773974e-05,38.9278
random,factorial_m0j1s0,100,500,5000,0.8981999999999999,"[0.8725949999999999, 0.925]",47.9916,44.77,5.074,0.0,21.8068,5.074,9.141157027333975e-05,47.9916
random,factorial_m0j1s0,200,500,5000,0.978,"[0.964, 0.99]",52.9988,48.922,5.76,0.0,25.568,5.76,9.916467573493719e-05,52.9988
random,factorial_m0j1s0,500,500,5000,0.982,"[0.97, 0.992]",53.146,48.954,5.796,0.0,25.598,5.796,9.957920052111149e-05,53.146
random,factorial_m0j1s0,1500,500,5000,0.982,"[0.97, 0.992]",53.146,48.954,5.796,0.0,25.598,5.796,9.896151069551706e-05,53.146
random,factorial_m0j1s1,25,500,5000,0.0,"[0.0, 0.0]",25.0,25.0,2.004,0.0,5.8942,2.0,5.015923883765936e-05,25.0
random,factorial_m0j1s1,50,500,5000,0.0,"[0.0, 0.0]",50.0,50.0,4.886,0.0,25.0116,2.0,9.085034038871527e-05,50.0
random,factorial_m0j1s1,100,500,5000,0.002,"[0.0, 0.006]",99.9582,99.954,10.156,0.0,65.534,2.002,0.00016976195070892572,99.9582
random,factorial_m0j1s1,200,500,5000,0.9632000000000001,"[0.9456, 0.9792000000000001]",170.3238,167.182,18.046,0.0,124.42,2.996,0.0002833344476297498,170.3238
random,factorial_m0j1s1,500,500,5000,0.982,"[0.97, 0.992]",170.7464,167.182,18.156,0.0,124.42,2.996,0.00028362995255738494,170.7464
random,factorial_m0j1s1,1500,500,5000,0.982,"[0.97, 0.992]",170.7464,167.182,18.156,0.0,124.42,2.996,0.0002824591597542167,170.7464
random,factorial_m1j0s0,25,500,5000,0.0,"[0.0, 0.0]",25.0,0.0,2.0,1.4624,0.0,2.0,4.707552157342434e-05,25.0
random,factorial_m1j0s0,50,500,5000,0.1052,"[0.09480000000000001, 0.11660499999999997]",48.8782,0.0,5.7502,3.8218,0.0,5.7502,9.030720442533492e-05,48.8782
random,factorial_m1j0s0,100,500,5000,0.35619999999999996,"[0.33419, 0.379605]",87.1518,0.0,13.3344,11.8762,0.0,13.3344,0.0001519650699570775,87.1518
random,factorial_m1j0s0,200,500,5000,0.6572,"[0.632, 0.682005]",130.9274,0.0,24.1336,27.5866,0.0,24.1336,0.00021329028066247702,130.9274
random,factorial_m1j0s0,500,500,5000,0.6806,"[0.6567949999999999, 0.7048]",134.9682,0.0,25.3026,29.5858,0.0,25.3026,0.0002181217271834612,134.9682
random,factorial_m1j0s0,1500,500,5000,0.6806,"[0.656, 0.704405]",134.9682,0.0,25.3026,29.5858,0.0,25.3026,0.00021694302521646023,134.9682
random,factorial_m1j0s1,25,500,5000,0.0,"[0.0, 0.0]",25.0,0.0,2.0008,1.4624,0.0,2.0,4.447870217263699e-05,25.0
random,factorial_m1j0s1,50,500,5000,0.0,"[0.0, 0.0]",50.0,0.0,4.906,4.842,0.0,2.0,7.770289685577154e-05,50.0
random,factorial_m1j0s1,100,500,5000,0.0016,"[0.0, 0.0044]",99.9872,0.0,10.1096,21.8874,0.0,2.006,0.00013871447183191776,99.9872
random,factorial_m1j0s1,200,500,5000,0.376,"[0.350795, 0.399]",190.4832,0.0,24.9576,61.8658,0.0,2.9974,0.0002603223755955696,190.4832
random,factorial_m1j0s1,500,500,5000,0.49160000000000004,"[0.4656, 0.5187999999999999]",201.5718,0.0,28.1086,64.357,0.0,3.0,0.0002717448556795716,201.5718
random,factorial_m1j0s1,1500,500,5000,0.49160000000000004,"[0.46459500000000004, 0.51641]",201.5718,0.0,28.1086,64.357,0.0,3.0,0.00027019410952925683,201.5718
random,factorial_m1j1s0,25,500,5000,0.0,"[0.0, 0.0]",25.0,23.491,2.0,1.509,5.7672,2.0,5.1286360621452334e-05,25.0
random,factorial_m1j1s0,50,500,5000,0.7132000000000001,"[0.675, 0.7524]",38.811,33.7556,3.942,2.9128,13.6888,3.942,7.49103058129549e-05,38.811
random,factorial_m1j1s0,100,500,5000,0.914,"[0.889195, 0.937]",47.1596,39.048,4.942,5.2354,18.2454,4.942,8.708921354264021e-05,47.1596
random,factorial_m1j1s0,200,500,5000,0.986,"[0.974, 0.996]",50.8646,40.608,5.41,6.979,19.652,5.41,9.191275835037231e-05,50.8646
random,factorial_m1j1s0,500,500,5000,0.986,"[0.976, 0.996]",50.8646,40.608,5.41,6.979,19.652,5.41,9.208580050617457e-05,50.8646
random,factorial_m1j1s0,1500,500,5000,0.986,"[0.974, 0.996]",50.8646,40.608,5.41,6.979,19.652,5.41,9.152830559760332e-05,50.8646
random,factorial_m1j1s1,25,500,5000,0.0,"[0.0, 0.0]",25.0,23.491,2.004,1.509,5.7672,2.0,5.01871969550848e-05,25.0
random,factorial_m1j1s1,50,500,5000,0.0,"[0.0, 0.0]",50.0,44.895,4.892,5.105,22.7604,2.0,8.97861359640956e-05,50.0
random,factorial_m1j1s1,100,500,5000,0.01,"[0.002, 0.02]",99.8732,76.3256,10.144,23.5284,50.431,2.01,0.00016029103789478541,99.8732
random,factorial_m1j1s1,200,500,5000,0.9832000000000001,"[0.972, 0.9932000000000001]",162.3662,102.334,17.118,57.3318,74.592,2.996,0.00024276356492191554,162.3662
random,factorial_m1j1s1,500,500,5000,0.988,"[0.978, 0.996]",162.4578,102.334,17.146,57.351,74.592,2.996,0.0002427423682063818,162.4578
random,factorial_m1j1s1,1500,500,5000,0.988,"[0.978, 0.996]",162.4578,102.334,17.146,57.351,74.592,2.996,0.0002417679974809289,162.4578
random,frontier_without_merging,25,500,5000,0.0,"[0.0, 0.0]",25.0,25.0,2.004,0.0,5.8942,2.0,5.033522695302963e-05,25.0
random,frontier_without_merging,50,500,5000,0.0,"[0.0, 0.0]",50.0,50.0,4.886,0.0,25.0116,2.0,9.098202604800463e-05,50.0
random,frontier_without_merging,100,500,5000,0.002,"[0.0, 0.006]",99.9582,99.954,10.156,0.0,65.534,2.002,0.0001698915833607316,99.9582
random,frontier_without_merging,200,500,5000,0.9632000000000001,"[0.9464, 0.9783999999999999]",170.3238,167.182,18.046,0.0,124.42,2.996,0.0002835347708314657,170.3238
random,frontier_without_merging,500,500,5000,0.982,"[0.97, 0.992]",170.7464,167.182,18.156,0.0,124.42,2.996,0.0002839213075116277,170.7464
random,frontier_without_merging,1500,500,5000,0.982,"[0.97, 0.992]",170.7464,167.182,18.156,0.0,124.42,2.996,0.0002828688519075513,170.7464
random,full_interference_search,25,500,5000,0.0,"[0.0, 0.0]",25.0,23.491,2.004,1.509,5.7672,2.0,5.037103332579136e-05,25.0
random,full_interference_search,50,500,5000,0.0,"[0.0, 0.0]",50.0,44.895,4.892,5.105,22.7604,2.0,9.003797676414252e-05,50.0
random,full_interference_search,100,500,5000,0.01,"[0.002, 0.02]",99.8732,76.3256,10.144,23.5284,50.431,2.01,0.00016044595763087274,99.8732
random,full_interference_search,200,500,5000,0.9832000000000001,"[0.97118, 0.9932000000000001]",162.3662,102.334,17.118,57.3318,74.592,2.996,0.0002429389989003539,162.3662
random,full_interference_search,500,500,5000,0.988,"[0.978, 0.996]",162.4578,102.334,17.146,57.351,74.592,2.996,0.00024294313993304968,162.4578
random,full_interference_search,1500,500,5000,0.988,"[0.978, 0.996]",162.4578,102.334,17.146,57.351,74.592,2.996,0.00024196295868605375,162.4578
random,hand_bound_frontier,25,500,5000,0.0,"[0.0, 0.0]",25.0,0.0,2.0008,1.4564,0.7918,2.0,5.483689084649086e-05,25.0
random,hand_bound_frontier,50,500,5000,0.0,"[0.0, 0.0]",50.0,0.0,4.9052,4.8058,2.9614,2.0,9.574228152632713e-05,50.0
random,hand_bound_frontier,100,500,5000,0.004200000000000001,"[0.0004, 0.0092]",99.9722,0.0,10.1236,21.7478,6.0792,2.01,0.00016913629472255706,99.9722
random,hand_bound_frontier,200,500,5000,0.40079999999999993,"[0.377195, 0.426]",189.2384,0.0,24.7792,60.8366,8.301,2.9974,0.0002987631993368268,189.2384
random,hand_bound_frontier,500,500,5000,0.5216000000000001,"[0.495, 0.5472049999999999]",199.6418,0.0,27.7336,63.034,8.301,3.0,0.0003090969184413552,199.6418
random,hand_bound_frontier,1500,500,5000,0.5216000000000001,"[0.495995, 0.5478]",199.6418,0.0,27.7336,63.034,8.301,3.0,0.00030756938382983206,199.6418
random,independent_parallel,25,500,5000,0.0,"[0.0, 0.0]",25.0,25.0,2.001,0.0,0.0,2.0,7.996865268796683e-05,25.0
random,independent_parallel,50,500,5000,0.0,"[0.0, 0.0]",50.0,50.0,4.9122,0.0,0.0,2.0,0.00011876069884747267,50.0
random,independent_parallel,100,500,5000,0.0,"[0.0, 0.0]",100.0,100.0,10.141,0.0,0.0,2.0,0.00019408952929079532,100.0
random,independent_parallel,200,500,5000,0.8774000000000001,"[0.8578000000000001, 0.8966]",180.7754,169.964,20.8534,0.0,0.0,2.9996,0.0003614885114133358,180.7754
random,independent_parallel,500,500,5000,0.9886,"[0.9832000000000001, 0.993]",190.1776,176.65,22.3064,0.0,0.0,3.126,0.00037804253064095976,190.1776
random,independent_parallel,1500,500,5000,0.9996,"[0.999, 1.0]",193.3818,179.2524,22.7482,0.0,0.0,3.1588,0.00038274588081985714,193.3818
random,merging_without_learned_judge,25,500,5000,0.0,"[0.0, 0.0]",25.0,0.0,2.0008,1.4624,0.0,2.0,4.488488212227821e-05,25.0
random,merging_without_learned_judge,50,500,5000,0.0,"[0.0, 0.0]",50.0,0.0,4.906,4.842,0.0,2.0,7.8057418204844e-05,50.0
random,merging_without_learned_judge,100,500,5000,0.0016,"[0.0, 0.0044]",99.9872,0.0,10.1096,21.8874,0.0,2.006,0.00013912451602518557,99.9872
random,merging_without_learned_judge,200,500,5000,0.376,"[0.3516, 0.4004]",190.4832,0.0,24.9576,61.8658,0.0,2.9974,0.00026079050321131946,190.4832
random,merging_without_learned_judge,500,500,5000,0.49160000000000004,"[0.4661950000000001, 0.5186]",201.5718,0.0,28.1086,64.357,0.0,3.0,0.0002725573463365436,201.5718
random,merging_without_learned_judge,1500,500,5000,0.49160000000000004,"[0.46640000000000004, 0.5178049999999998]",201.5718,0.0,28.1086,64.357,0.0,3.0,0.0002709919845685363,201.5718
random,single_line,25,500,5000,0.0,"[0.0, 0.0]",25.0,25.0,2.0,0.0,0.0,2.0,5.2450701780617235e-05,25.0
random,single_line,50,500,5000,0.263,"[0.24559499999999998, 0.28121]",44.8168,41.9968,3.9778,0.0,0.0,3.9778,8.432370219379664e-05,44.8168
random,single_line,100,500,5000,0.5472,"[0.521995, 0.5716049999999999]",74.0232,67.6444,7.2282,0.0,0.0,7.2282,0.00013557670917361975,74.0232
random,single_line,200,500,5000,0.7318,"[0.7097950000000001, 0.7557999999999999]",109.5662,99.8418,10.4592,0.0,0.0,10.4592,0.0001939229015260935,109.5662
random,single_line,500,500,5000,0.9042,"[0.8882000000000001, 0.9198]",157.0174,142.5666,14.9382,0.0,0.0,14.9382,0.00027665907200425863,157.0174
random,single_line,1500,500,5000,0.9786,"[0.9694, 0.9862000000000001]",200.2652,181.4966,19.0,0.0,0.0,19.0,0.0003518253883346915,200.2652
stratified,beam,25,500,5000,0.0,"[0.0, 0.0]",25.0,22.5532,2.016,2.4468,0.0,2.0,5.008186511695385e-05,25.0
stratified,beam,50,500,5000,0.0,"[0.0, 0.0]",50.0,43.467,4.878,6.533,0.0,2.0,8.807714264839888e-05,50.0
stratified,beam,100,500,5000,0.0344,"[0.020200000000000003, 0.052]",99.7954,73.7626,10.09,25.9694,0.0,2.036,0.0001559460211545229,99.7954
stratified,beam,200,500,5000,0.9772000000000001,"[0.9625949999999999, 0.989]",163.3448,99.5022,17.216,61.0048,0.0,2.998,0.0002486348507925868,163.3448
stratified,beam,500,500,5000,0.988,"[0.978, 0.996]",163.6758,99.506,17.308,61.0812,0.0,3.0,0.0002482241807505488,163.6758
stratified,beam,1500,500,5000,0.988,"[0.978, 0.996]",163.6758,99.506,17.308,61.0812,0.0,3.0,0.00024694157652556896,163.6758
stratified,best_first,25,500,5000,0.0,"[0.0, 0.0]",25.0,22.5532,2.0,2.4468,0.0,2.0,4.877304509282112e-05,25.0
stratified,best_first,50,500,5000,0.6658000000000001,"[0.6233949999999999, 0.705]",39.5582,33.4398,3.986,4.0928,0.0,3.986,7.122735474258661e-05,39.5582
stratified,best_first,100,500,5000,0.8456,"[0.8112, 0.8776]",50.7052,40.7032,5.3,7.1856,0.0,5.3,8.746710270643234e-05,50.7052
stratified,best_first,200,500,5000,0.9897999999999999,"[0.98, 0.9977999999999999]",57.3196,43.32,6.18,10.4302,0.0,6.18,9.632460363209248e-05,57.3196
stratified,best_first,500,500,5000,1.0,"[1.0, 1.0]",57.5428,43.366,6.224,10.511,0.0,6.224,9.692079201340675e-05,57.5428
stratified,best_first,1500,500,5000,1.0,"[1.0, 1.0]",57.5428,43.366,6.224,10.511,0.0,6.224,9.632126558572055e-05,57.5428
stratified,bfs,25,500,5000,0.0,"[0.0, 0.0]",25.0,0.0,2.0,2.3454,0.0,2.0,4.3633165769279e-05,25.0
stratified,bfs,50,500,5000,0.0,"[0.0, 0.0]",50.0,0.0,4.805,5.9848,0.0,4.805,7.853658515959978e-05,50.0
stratified,bfs,100,500,5000,0.0144,"[0.0072, 0.023200000000000002]",99.9186,0.0,9.9562,24.3842,0.0,9.9562,0.00014249926563352346,99.9186
stratified,bfs,200,500,5000,0.2646,"[0.23259500000000002, 0.29800499999999996]",188.717,0.0,22.059,73.7952,0.0,22.059,0.00025346164610236884,188.717
stratified,bfs,500,500,5000,0.9584000000000001,"[0.947195, 0.9690049999999999]",280.201,0.0,50.254,115.1334,0.0,50.254,0.0003778921686112881,280.201
stratified,bfs,1500,500,5000,1.0,"[1.0, 1.0]",281.9572,0.0,50.7902,116.1742,0.0,50.7902,0.00037911941930651667,281.9572
stratified,factorial_m0j0s0,25,500,5000,0.0,"[0.0, 0.0]",25.0,0.0,2.0,0.0,0.0,2.0,5.228696763515472e-05,25.0
stratified,factorial_m0j0s0,50,500,5000,0.126,"[0.112595, 0.1402]",48.6756,0.0,5.6266,0.0,0.0,5.6266,9.20753687620163e-05,48.6756
stratified,factorial_m0j0s0,100,500,5000,0.37420000000000003,"[0.345995, 0.40259999999999996]",85.1088,0.0,13.0264,0.0,0.0,13.0264,0.0001511013438925147,85.1088
stratified,factorial_m0j0s0,200,500,5000,0.6066,"[0.574595, 0.637205]",131.6832,0.0,24.823,0.0,0.0,24.823,0.00021946145910769701,131.6832
stratified,factorial_m0j0s0,500,500,5000,0.6444,"[0.6164000000000001, 0.673805]",140.0978,0.0,27.2872,0.0,0.0,27.2872,0.00022994560729712248,140.0978
stratified,factorial_m0j0s0,1500,500,5000,0.6444,"[0.6156, 0.6732]",140.0978,0.0,27.2872,0.0,0.0,27.2872,0.0002287715820595622,140.0978
stratified,factorial_m0j0s1,25,500,5000,0.0,"[0.0, 0.0]",25.0,0.0,2.0078,0.0,0.0,2.0,4.49130292981863e-05,25.0
stratified,factorial_m0j0s1,50,500,5000,0.0,"[0.0, 0.0]",50.0,0.0,4.8672,0.0,0.0,2.0,7.799057066440582e-05,50.0
stratified,factorial_m0j0s1,100,500,5000,0.0,"[0.0, 0.0]",100.0,0.0,10.0862,0.0,0.0,2.0,0.00014265309404581786,100.0
stratified,factorial_m0j0s1,200,500,5000,0.37460000000000004,"[0.34479499999999996, 0.40459999999999996]",193.5056,0.0,24.7168,0.0,0.0,2.9928,0.0002905756635591388,193.5056
stratified,factorial_m0j0s1,500,500,5000,0.5058,"[0.47240000000000004, 0.5392049999999999]",205.3738,0.0,28.0812,0.0,0.0,3.0,0.00030025363266468046,205.3738
stratified,factorial_m0j0s1,1500,500,5000,0.5058,"[0.4718, 0.5384]",205.3738,0.0,28.0812,0.0,0.0,3.0,0.0002982565250247717,205.3738
stratified,factorial_m0j1s0,25,500,5000,0.0,"[0.0, 0.0]",25.0,25.0,2.0,0.0,5.6606,2.0,5.280343350023031e-05,25.0
stratified,factorial_m0j1s0,50,500,5000,0.6602,"[0.619195, 0.7018099999999999]",39.6216,37.47,4.006,0.0,15.5044,4.006,7.870672587305307e-05,39.6216
stratified,factorial_m0j1s0,100,500,5000,0.834,"[0.8, 0.8640499999999998]",51.2984,48.108,5.406,0.0,25.1206,5.406,9.756430089473724e-05,51.2984
stratified,factorial_m0j1s0,200,500,5000,0.972,"[0.956, 0.9840499999999998]",58.588,53.97,6.456,0.0,30.3398,6.456,0.00010900079887360334,58.588
stratified,factorial_m0j1s0,500,500,5000,0.978,"[0.964, 0.99]",58.882,54.06,6.52,0.0,30.414,6.52,0.00010953653398901224,58.882
stratified,factorial_m0j1s0,1500,500,5000,0.978,"[0.964, 0.99]",58.882,54.06,6.52,0.0,30.414,6.52,0.00010899263843894005,58.882
stratified,factorial_m0j1s1,25,500,5000,0.0,"[0.0, 0.0]",25.0,25.0,2.016,0.0,5.6606,2.0,5.066151600331068e-05,25.0
stratified,factorial_m0j1s1,50,500,5000,0.0,"[0.0, 0.0]",50.0,50.0,4.874,0.0,24.3718,2.0,9.149237535893917e-05,50.0
stratified,factorial_m0j1s1,100,500,5000,0.0,"[0.0, 0.0]",100.0,100.0,10.104,0.0,64.1364,2.0,0.00017079832553863525,100.0
stratified,factorial_m0j1s1,200,500,5000,0.9582,"[0.941, 0.9748]",170.3126,167.314,17.986,0.0,120.8456,2.986,0.00028575204834342004,170.3126
stratified,factorial_m0j1s1,500,500,5000,0.976,"[0.962, 0.988]",170.7478,167.35,18.098,0.0,120.88,2.994,0.0002860816141590476,170.7478
stratified,factorial_m0j1s1,1500,500,5000,0.976,"[0.962, 0.988]",170.7478,167.35,18.098,0.0,120.88,2.994,0.00028493488896638155,170.7478
stratified,factorial_m1j0s0,25,500,5000,0.0,"[0.0, 0.0]",25.0,0.0,2.0,2.3682,0.0,2.0,4.680808093398809e-05,25.0
stratified,factorial_m1j0s0,50,500,5000,0.13060000000000002,"[0.1174, 0.1454]",48.5364,0.0,5.7384,4.9664,0.0,5.7384,8.944302517920733e-05,48.5364
stratified,factorial_m1j0s0,100,500,5000,0.369,"[0.3406, 0.3966]",85.6948,0.0,13.1388,13.0626,0.0,13.1388,0.000149367918074131,85.6948
stratified,factorial_m1j0s0,200,500,5000,0.6347999999999999,"[0.606795, 0.6625999999999999]",129.8618,0.0,24.098,29.2526,0.0,24.098,0.00021154164653271437,129.8618
stratified,factorial_m1j0s0,500,500,5000,0.657,"[0.6283949999999999, 0.6858049999999999]",134.131,0.0,25.3358,31.3834,0.0,25.3358,0.00021666150875389575,134.131
stratified,factorial_m1j0s0,1500,500,5000,0.657,"[0.6282000000000001, 0.6848000000000001]",134.131,0.0,25.3358,31.3834,0.0,25.3358,0.00021555897630751134,134.131
stratified,factorial_m1j0s1,25,500,5000,0.0,"[0.0, 0.0]",25.0,0.0,2.0052,2.3682,0.0,2.0,4.458065107464791e-05,25.0
stratified,factorial_m1j0s1,50,500,5000,0.0,"[0.0, 0.0]",50.0,0.0,4.8776,6.2692,0.0,2.0,7.779988907277584e-05,50.0
stratified,factorial_m1j0s1,100,500,5000,0.011800000000000001,"[0.0058000000000000005, 0.019]",99.9278,0.0,10.119,24.5028,0.0,2.036,0.0001390401842072606,99.9278
stratified,factorial_m1j0s1,200,500,5000,0.3984,"[0.37099499999999996, 0.428005]",186.317,0.0,24.5284,62.7008,0.0,2.9966,0.00025560104567557573,186.317
stratified,factorial_m1j0s1,500,500,5000,0.5016,"[0.471, 0.530005]",196.6018,0.0,27.4218,65.0438,0.0,3.0,0.00026624347884207964,196.6018
stratified,factorial_m1j0s1,1500,500,5000,0.5016,"[0.473995, 0.5314]",196.6018,0.0,27.4218,65.0438,0.0,3.0,0.00026476863231509923,196.6018
stratified,factorial_m1j1s0,25,500,5000,0.0,"[0.0, 0.0]",25.0,22.5532,2.0,2.4468,5.494,2.0,5.0949767231941224e-05,25.0
stratified,factorial_m1j1s0,50,500,5000,0.6658000000000001,"[0.6242000000000001, 0.7076049999999998]",39.5582,33.4398,3.986,4.0928,14.2488,3.986,7.54135912284255e-05,39.5582
stratified,factorial_m1j1s0,100,500,5000,0.8456,"[0.8116, 0.876]",50.7052,40.7032,5.3,7.1856,20.8202,5.3,9.191646929830313e-05,50.7052
stratified,factorial_m1j1s0,200,500,5000,0.98,"[0.968, 0.992]",56.8444,43.144,6.13,10.1142,22.972,6.13,0.0001000438192859292,56.8444
stratified,factorial_m1j1s0,500,500,5000,0.98,"[0.966, 0.992]",56.8444,43.144,6.13,10.1142,22.972,6.13,0.00010021085720509291,56.8444
stratified,factorial_m1j1s0,1500,500,5000,0.98,"[0.966, 0.99]",56.8444,43.144,6.13,10.1142,22.972,6.13,9.957953859120607e-05,56.8444
stratified,factorial_m1j1s1,25,500,5000,0.0,"[0.0, 0.0]",25.0,22.5532,2.016,2.4468,5.494,2.0,5.011531468480825e-05,25.0
stratified,factorial_m1j1s1,50,500,5000,0.0,"[0.0, 0.0]",50.0,43.467,4.876,6.533,22.1126,2.0,8.957596216350793e-05,50.0
stratified,factorial_m1j1s1,100,500,5000,0.0368,"[0.021, 0.053]",99.6354,73.7166,10.072,25.8474,48.595,2.038,0.00015941486768424512,99.6354
stratified,factorial_m1j1s1,200,500,5000,0.9732000000000001,"[0.9582, 0.9862000000000001]",157.6164,97.4362,16.584,57.5016,70.3202,2.992,0.00023643287550657987,157.6164
stratified,factorial_m1j1s1,500,500,5000,0.984,"[0.972, 0.994]",157.7514,97.44,16.618,57.5252,70.324,2.994,0.0002365543369203806,157.7514
stratified,factorial_m1j1s1,1500,500,5000,0.984,"[0.972, 0.994]",157.7514,97.44,16.618,57.5252,70.324,2.994,0.00023564521856606006,157.7514
stratified,frontier_without_merging,25,500,5000,0.0,"[0.0, 0.0]",25.0,25.0,2.016,0.0,5.6606,2.0,5.087216626852751e-05,25.0
stratified,frontier_without_merging,50,500,5000,0.0,"[0.0, 0.0]",50.0,50.0,4.874,0.0,24.3718,2.0,9.167393408715725e-05,50.0
stratified,frontier_without_merging,100,500,5000,0.0,"[0.0, 0.0]",100.0,100.0,10.104,0.0,64.1364,2.0,0.00017095630578696727,100.0
stratified,frontier_without_merging,200,500,5000,0.9582,"[0.940195, 0.974]",170.3126,167.314,17.986,0.0,120.8456,2.986,0.0002860797356814146,170.3126
stratified,frontier_without_merging,500,500,5000,0.976,"[0.962, 0.988]",170.7478,167.35,18.098,0.0,120.88,2.994,0.00028644799515604975,170.7478
stratified,frontier_without_merging,1500,500,5000,0.976,"[0.962, 0.988]",170.7478,167.35,18.098,0.0,120.88,2.994,0.00028534029070287944,170.7478
stratified,full_interference_search,25,500,5000,0.0,"[0.0, 0.0]",25.0,22.5532,2.016,2.4468,5.494,2.0,5.0329521298408505e-05,25.0
stratified,full_interference_search,50,500,5000,0.0,"[0.0, 0.0]",50.0,43.467,4.876,6.533,22.1126,2.0,8.97895922884345e-05,50.0
stratified,full_interference_search,100,500,5000,0.0368,"[0.0218, 0.054]",99.6354,73.7166,10.072,25.8474,48.595,2.038,0.00015965061374008656,99.6354
stratified,full_interference_search,200,500,5000,0.9732000000000001,"[0.9585999999999999, 0.986]",157.6164,97.4362,16.584,57.5016,70.3202,2.992,0.00023673433754593134,157.6164
stratified,full_interference_search,500,500,5000,0.984,"[0.972, 0.994]",157.7514,97.44,16.618,57.5252,70.324,2.994,0.00023687299136072399,157.7514
stratified,full_interference_search,1500,500,5000,0.984,"[0.972, 0.994]",157.7514,97.44,16.618,57.5252,70.324,2.994,0.00023590972181409598,157.7514
stratified,hand_bound_frontier,25,500,5000,0.0,"[0.0, 0.0]",25.0,0.0,2.0052,2.3628,0.8474,2.0,5.46181695535779e-05,25.0
stratified,hand_bound_frontier,50,500,5000,0.0,"[0.0, 0.0]",50.0,0.0,4.8768,6.237,3.2066,2.0,9.546539634466172e-05,50.0
stratified,hand_bound_frontier,100,500,5000,0.018,"[0.009595, 0.028]",99.8664,0.0,10.1216,24.326,6.5622,2.04,0.00016868972945958377,99.8664
stratified,hand_bound_frontier,200,500,5000,0.4262,"[0.3986, 0.45720000000000005]",185.0774,0.0,24.3312,61.6194,8.921,2.9966,0.00029174710754305126,185.0774
stratified,hand_bound_frontier,500,500,5000,0.5365999999999999,"[0.5066, 0.564805]",194.4942,0.0,26.988,63.6154,8.922,3.0,0.00030179572626948357,194.4942
stratified,hand_bound_frontier,1500,500,5000,0.5365999999999999,"[0.506395, 0.5665999999999999]",194.4942,0.0,26.988,63.6154,8.922,3.0,0.00030036972295492887,194.4942
stratified,independent_parallel,25,500,5000,0.0,"[0.0, 0.0]",25.0,25.0,2.0048,0.0,0.0,2.0,8.068799246102571e-05,25.0
stratified,independent_parallel,50,500,5000,0.0,"[0.0, 0.0]",50.0,50.0,4.8902,0.0,0.0,2.0,0.00011972873769700528,50.0
stratified,independent_parallel,100,500,5000,0.0,"[0.0, 0.0]",100.0,100.0,10.1152,0.0,0.0,2.0,0.00019549711160361767,100.0
stratified,independent_parallel,200,500,5000,0.8444,"[0.8216, 0.8656]",181.7272,170.301,21.0638,0.0,0.0,2.9942,0.00036519412081688644,181.7272
stratified,independent_parallel,500,500,5000,0.9856,"[0.9792000000000001, 0.991]",192.9534,178.1332,22.843,0.0,0.0,3.15,0.0003852974884212017,192.9534
stratified,independent_parallel,1500,500,5000,0.9987999999999999,"[0.9977999999999999, 0.9996]",199.0166,182.9376,23.7198,0.0,0.0,3.2186,0.00039552218466997147,199.0166
stratified,merging_without_learned_judge,25,500,5000,0.0,"[0.0, 0.0]",25.0,0.0,2.0052,2.3682,0.0,2.0,4.488001633435488e-05,25.0
stratified,merging_without_learned_judge,50,500,5000,0.0,"[0.0, 0.0]",50.0,0.0,4.8776,6.2692,0.0,2.0,7.808555252850055e-05,50.0
stratified,merging_without_learned_judge,100,500,5000,0.011800000000000001,"[0.0058000000000000005, 0.019804999999999975]",99.9278,0.0,10.119,24.5028,0.0,2.036,0.00013938768208026885,99.9278
stratified,merging_without_learned_judge,200,500,5000,0.3984,"[0.37, 0.428]",186.317,0.0,24.5284,62.7008,0.0,2.9966,0.0002559624992311001,186.317
stratified,merging_without_learned_judge,500,500,5000,0.5016,"[0.472, 0.531]",196.6018,0.0,27.4218,65.0438,0.0,3.0,0.00026693577952682974,196.6018
stratified,merging_without_learned_judge,1500,500,5000,0.5016,"[0.47320000000000007, 0.5316049999999999]",196.6018,0.0,27.4218,65.0438,0.0,3.0,0.00026538417153060436,196.6018
stratified,single_line,25,500,5000,0.0,"[0.0, 0.0]",25.0,25.0,2.0,0.0,0.0,2.0,5.29696861281991e-05,25.0
stratified,single_line,50,500,5000,0.30360000000000004,"[0.2791950000000001, 0.326805]",44.1054,41.2994,3.957,0.0,0.0,3.957,8.40091424062848e-05,44.1054
stratified,single_line,100,500,5000,0.5374,"[0.5095949999999999, 0.565805]",72.6704,66.4092,7.0756,0.0,0.0,7.0756,0.00013415813744068145,72.6704
stratified,single_line,200,500,5000,0.6912,"[0.6657949999999999, 0.718]",110.7228,100.8768,10.568,0.0,0.0,10.568,0.00019751740619540216,110.7228
stratified,single_line,500,500,5000,0.8680000000000001,"[0.8486, 0.8876]",170.2942,154.4684,16.2666,0.0,0.0,16.2666,0.0003026387069374323,170.2942
stratified,single_line,1500,500,5000,0.9685999999999999,"[0.958795, 0.9776]",234.6878,212.4218,22.3946,0.0,0.0,22.3946,0.00041560400016605855,234.6878
stratum_1,beam,25,175,1750,0.0,"[0.0, 0.0]",25.0,24.561714285714285,2.0,0.4382857142857143,0.0,2.0,5.092645436525345e-05,25.0
stratum_1,beam,50,175,1750,0.0,"[0.0, 0.0]",50.0,46.76228571428572,4.902857142857143,3.2377142857142855,0.0,2.0,8.938731998205184e-05,50.0
stratum_1,beam,100,175,1750,0.0,"[0.0, 0.0]",100.0,80.31657142857142,10.194285714285714,19.68342857142857,0.0,2.0,0.0001588096863457135,100.0
stratum_1,beam,200,175,1750,0.9314285714285714,"[0.8914285714285715, 0.9657142857142857]",172.972,109.72057142857143,18.72,58.93371428571429,0.0,2.994285714285714,0.00026491464408380646,172.972
stratum_1,beam,500,175,1750,0.9485714285714286,"[0.9142857142857143, 0.9771428571428571]",174.28857142857143,109.73142857142857,19.097142857142856,59.25942857142857,0.0,3.0,0.0002654826492071152,174.28857142857143
stratum_1,beam,1500,175,1750,0.9485714285714286,"[0.9142857142857143, 0.9771428571428571]",174.28857142857143,109.73142857142857,19.097142857142856,59.25942857142857,0.0,3.0,0.00026408038873757634,174.28857142857143
stratum_1,best_first,25,175,1750,0.0,"[0.0, 0.0]",25.0,24.561714285714285,2.0,0.4382857142857143,0.0,2.0,4.968794275607382e-05,25.0
stratum_1,best_first,50,175,1750,0.18914285714285714,"[0.13255714285714285, 0.24745714285714268]",47.968,43.549142857142854,4.925714285714286,2.812,0.0,4.925714285714286,8.707999704139573e-05,47.968
stratum_1,best_first,100,175,1750,0.5662857142857143,"[0.4942857142857143, 0.6348571428571428]",79.28742857142858,64.29485714285714,8.514285714285714,11.614857142857144,0.0,8.514285714285714,0.0001329262927174568,79.28742857142858
stratum_1,best_first,200,175,1750,0.96,"[0.9314285714285714, 0.9885714285714285]",99.49771428571428,72.37828571428571,11.137142857142857,21.709142857142858,0.0,11.137142857142857,0.00016030989906617573,99.49771428571428
stratum_1,best_first,500,175,1750,1.0,"[1.0, 1.0]",100.28228571428572,72.53714285714285,11.28,22.021142857142856,0.0,11.28,0.00016165580866592271,100.28228571428572
stratum_1,best_first,1500,175,1750,1.0,"[1.0, 1.0]",100.28228571428572,72.53714285714285,11.28,22.021142857142856,0.0,11.28,0.0001607528371470315,100.28228571428572
stratum_1,bfs,25,175,1750,0.0,"[0.0, 0.0]",25.0,0.0,2.0,0.4268571428571429,0.0,2.0,4.401968579207148e-05,25.0
stratum_1,bfs,50,175,1750,0.0,"[0.0, 0.0]",50.0,0.0,4.865714285714286,3.0022857142857142,0.0,4.865714285714286,7.934179157018662e-05,50.0
stratum_1,bfs,100,175,1750,0.0,"[0.0, 0.0]",100.0,0.0,9.975428571428571,19.07314285714286,0.0,9.975428571428571,0.00014367838948965074,100.0
stratum_1,bfs,200,175,1750,0.014285714285714285,"[0.008571428571428572, 0.021142857142857144]",199.79771428571428,0.0,22.83142857142857,74.59828571428571,0.0,22.83142857142857,0.00026802518644503185,199.79771428571428
stratum_1,bfs,500,175,1750,0.86,"[0.8285714285714286, 0.8902857142857143]",386.784,0.0,81.31428571428572,160.54285714285714,0.0,81.31428571428572,0.0005221721253224782,386.784
stratum_1,bfs,1500,175,1750,1.0,"[1.0, 1.0]",392.7177142857143,0.0,83.132,164.00057142857142,0.0,83.132,0.0005287940613925457,392.7177142857143
stratum_1,factorial_m0j0s0,25,175,1750,0.0,"[0.0, 0.0]",25.0,0.0,2.0,0.0,0.0,2.0,5.226289321269308e-05,25.0
stratum_1,factorial_m0j0s0,50,175,1750,0.009714285714285715,"[0.005714285714285714, 0.014285714285714285]",49.92628571428571,0.0,5.876571428571428,0.0,0.0,5.876571428571428,9.384761165295329e-05,49.92628571428571
stratum_1,factorial_m0j0s0,100,175,1750,0.049142857142857134,"[0.03942857142857143, 0.05942857142857142]",98.20228571428571,0.0,15.792571428571428,0.0,0.0,15.792571428571428,0.00017164135671087673,98.20228571428571
stratum_1,factorial_m0j0s0,200,175,1750,0.1725714285714286,"[0.15600000000000003, 0.18971428571428572]",182.70971428571428,0.0,37.37714285714286,0.0,0.0,37.37714285714286,0.0002950734448220049,182.70971428571428
stratum_1,factorial_m0j0s0,500,175,1750,0.2222857142857143,"[0.20400000000000001, 0.24057142857142855]",201.5577142857143,0.0,42.91085714285714,0.0,0.0,42.91085714285714,0.0003195386167083468,201.5577142857143
stratum_1,factorial_m0j0s0,1500,175,1750,0.2222857142857143,"[0.2039857142857143, 0.24057142857142857]",201.5577142857143,0.0,42.91085714285714,0.0,0.0,42.91085714285714,0.00031800761818885805,201.5577142857143
stratum_1,factorial_m0j0s1,25,175,1750,0.0,"[0.0, 0.0]",25.0,0.0,2.0,0.0,0.0,2.0,4.457681838955198e-05,25.0
stratum_1,factorial_m0j0s1,50,175,1750,0.0,"[0.0, 0.0]",50.0,0.0,4.921142857142857,0.0,0.0,2.0,7.7691308089665e-05,50.0
stratum_1,factorial_m0j0s1,100,175,1750,0.0,"[0.0, 0.0]",100.0,0.0,10.154285714285715,0.0,0.0,2.0,0.00014188297784754208,100.0
stratum_1,factorial_m0j0s1,200,175,1750,0.04914285714285714,"[0.038857142857142854, 0.06]",199.20685714285713,0.0,27.025142857142857,0.0,0.0,2.994285714285714,0.00029609897732734683,199.20685714285713
stratum_1,factorial_m0j0s1,500,175,1750,0.08342857142857142,"[0.07085714285714285, 0.09714285714285714]",218.024,0.0,32.356,0.0,0.0,3.0,0.00031387770282370706,218.024
stratum_1,factorial_m0j0s1,1500,175,1750,0.08342857142857142,"[0.06971428571428571, 0.09714285714285713]",218.024,0.0,32.356,0.0,0.0,3.0,0.00031176208172525676,218.024
stratum_1,factorial_m0j1s0,25,175,1750,0.0,"[0.0, 0.0]",25.0,25.0,2.0,0.0,7.459428571428571,2.0,5.1997774413653786e-05,25.0
stratum_1,factorial_m0j1s0,50,175,1750,0.18285714285714286,"[0.1256857142857143, 0.2434571428571427]",48.011428571428574,46.21142857142857,4.948571428571428,0.0,26.922857142857143,4.948571428571428,9.140402770468167e-05,48.011428571428574
stratum_1,factorial_m0j1s0,100,175,1750,0.5554285714285715,"[0.48114285714285715, 0.6274285714285714]",79.82914285714286,75.64571428571429,8.674285714285714,0.0,54.412,8.674285714285714,0.00014257780728595598,79.82914285714286
stratum_1,factorial_m0j1s0,200,175,1750,0.9028571428571428,"[0.8571428571428571, 0.9428571428571428]",100.64228571428572,92.76,11.617142857142857,0.0,70.04,11.617142857142857,0.00017575658644948688,100.64228571428572
stratum_1,factorial_m0j1s0,500,175,1750,0.92,"[0.88, 0.96]",100.95942857142857,92.77142857142857,11.708571428571428,0.0,70.05142857142857,11.708571428571428,0.00017611647503716605,100.95942857142857
stratum_1,factorial_m0j1s0,1500,175,1750,0.92,"[0.8742857142857143, 0.96]",100.95942857142857,92.77142857142857,11.708571428571428,0.0,70.05142857142857,11.708571428571428,0.0001753378233739308,100.95942857142857
stratum_1,factorial_m0j1s1,25,175,1750,0.0,"[0.0, 0.0]",25.0,25.0,2.0,0.0,7.459428571428571,2.0,5.018727694238935e-05,25.0
stratum_1,factorial_m0j1s1,50,175,1750,0.0,"[0.0, 0.0]",50.0,50.0,4.902857142857143,0.0,30.462857142857143,2.0,9.115068933793476e-05,50.0
stratum_1,factorial_m0j1s1,100,175,1750,0.0,"[0.0, 0.0]",100.0,100.0,10.194285714285714,0.0,77.81942857142857,2.0,0.00017044045722910335,100.0
stratum_1,factorial_m0j1s1,200,175,1750,0.8971428571428571,"[0.8514285714285714, 0.9428571428571428]",168.50114285714287,164.02857142857144,18.177142857142858,0.0,138.99428571428572,2.9714285714285715,0.0002788429648748466,168.50114285714287
stratum_1,factorial_m0j1s1,500,175,1750,0.92,"[0.88, 0.96]",169.38171428571428,164.06285714285715,18.417142857142856,0.0,139.02857142857144,2.9771428571428573,0.00027985504482473645,169.38171428571428
stratum_1,factorial_m0j1s1,1500,175,1750,0.92,"[0.88, 0.96]",169.38171428571428,164.06285714285715,18.417142857142856,0.0,139.02857142857144,2.9771428571428573,0.00027886485680937766,169.38171428571428
stratum_1,factorial_m1j0s0,25,175,1750,0.0,"[0.0, 0.0]",25.0,0.0,2.0,0.44,0.0,2.0,4.8108972076858794e-05,25.0
stratum_1,factorial_m1j0s0,50,175,1750,0.010857142857142857,"[0.006285714285714286, 0.016]",49.91085714285714,0.0,5.908,2.5548571428571427,0.0,5.908,9.365264432770865e-05,49.91085714285714
stratum_1,factorial_m1j0s0,100,175,1750,0.06057142857142857,"[0.05028571428571429, 0.07085714285714285]",98.25314285714286,0.0,15.524,12.370285714285714,0.0,15.524,0.0001720911349569048,98.25314285714286
stratum_1,factorial_m1j0s0,200,175,1750,0.24628571428571433,"[0.22571428571428576, 0.26571428571428574]",176.83885714285714,0.0,35.18342857142857,41.128,0.0,35.18342857142857,0.0002826366855629853,176.83885714285714
stratum_1,factorial_m1j0s0,500,175,1750,0.27885714285714286,"[0.2571428571428571, 0.29829999999999995]",186.21485714285714,0.0,37.91657142857143,45.76457142857143,0.0,37.91657142857143,0.0002943073521767344,186.21485714285714
stratum_1,factorial_m1j0s0,1500,175,1750,0.27885714285714286,"[0.2577142857142858, 0.3000142857142856]",186.21485714285714,0.0,37.91657142857143,45.76457142857143,0.0,37.91657142857143,0.00029290085658431055,186.21485714285714
stratum_1,factorial_m1j0s1,25,175,1750,0.0,"[0.0, 0.0]",25.0,0.0,2.0,0.44,0.0,2.0,4.494531878403255e-05,25.0
stratum_1,factorial_m1j0s1,50,175,1750,0.0,"[0.0, 0.0]",50.0,0.0,4.926285714285714,3.2457142857142856,0.0,2.0,7.848333194851875e-05,50.0
stratum_1,factorial_m1j0s1,100,175,1750,0.0,"[0.0, 0.0]",100.0,0.0,10.154285714285715,19.240571428571428,0.0,2.0,0.0001398775838315487,100.0
stratum_1,factorial_m1j0s1,200,175,1750,0.09428571428571429,"[0.08114285714285714, 0.108]",198.34285714285716,0.0,26.904,60.989714285714285,0.0,2.994285714285714,0.0002725634032062122,198.34285714285716
stratum_1,factorial_m1j0s1,500,175,1750,0.15485714285714286,"[0.1394142857142857, 0.1697142857142857]",215.60285714285715,0.0,31.784,65.00914285714286,0.0,3.0,0.0002912059415663992,215.60285714285715
stratum_1,factorial_m1j0s1,1500,175,1750,0.15485714285714286,"[0.14, 0.17087142857142854]",215.60285714285715,0.0,31.784,65.00914285714286,0.0,3.0,0.0002896215543150902,215.60285714285715
stratum_1,factorial_m1j1s0,25,175,1750,0.0,"[0.0, 0.0]",25.0,24.561714285714285,2.0,0.4382857142857143,7.396,2.0,5.2226416234459197e-05,25.0
stratum_1,factorial_m1j1s0,50,175,1750,0.18914285714285714,"[0.13711428571428572, 0.25031428571428554]",47.968,43.549142857142854,4.925714285714286,2.812,24.869714285714284,4.925714285714286,9.087111641253744e-05,47.968
stratum_1,factorial_m1j1s0,100,175,1750,0.5662857142857143,"[0.4959571428571429, 0.6394428571428571]",79.28742857142858,64.29485714285714,8.514285714285714,11.614857142857144,44.28057142857143,8.514285714285714,0.00013713006941335542,79.28742857142858
stratum_1,factorial_m1j1s0,200,175,1750,0.9257142857142857,"[0.8857142857142857, 0.96]",97.79828571428571,71.75428571428571,10.96,20.538857142857143,51.0,10.96,0.00016206938507301466,97.79828571428571
stratum_1,factorial_m1j1s0,500,175,1750,0.9257142857142857,"[0.8857142857142857, 0.96]",97.79828571428571,71.75428571428571,10.96,20.538857142857143,51.0,10.96,0.0001620846140597548,97.79828571428571
stratum_1,factorial_m1j1s0,1500,175,1750,0.9257142857142857,"[0.8857142857142857, 0.96]",97.79828571428571,71.75428571428571,10.96,20.538857142857143,51.0,10.96,0.00016128911610160555,97.79828571428571
stratum_1,factorial_m1j1s1,25,175,1750,0.0,"[0.0, 0.0]",25.0,24.561714285714285,2.0,0.4382857142857143,7.396,2.0,5.092643999627658e-05,25.0
stratum_1,factorial_m1j1s1,50,175,1750,0.0,"[0.0, 0.0]",50.0,46.76228571428572,4.902857142857143,3.2377142857142855,27.901714285714284,2.0,9.113939212901251e-05,50.0
stratum_1,factorial_m1j1s1,100,175,1750,0.0,"[0.0, 0.0]",100.0,80.31657142857142,10.194285714285714,19.68342857142857,59.885714285714286,2.0,0.00016328797010438782,100.0
stratum_1,factorial_m1j1s1,200,175,1750,0.92,"[0.8742857142857143, 0.9542857142857143]",166.1457142857143,107.37771428571429,17.81142857142857,55.16171428571428,85.50342857142857,2.9714285714285715,0.00025012623997671264,166.1457142857143
stratum_1,factorial_m1j1s1,500,175,1750,0.9371428571428572,"[0.9028571428571428, 0.9714285714285714]",166.45657142857144,107.38857142857142,17.89142857142857,55.208,85.51428571428572,2.9771428571428573,0.0002504163895334516,166.45657142857144
stratum_1,factorial_m1j1s1,1500,175,1750,0.9371428571428572,"[0.8971428571428571, 0.9714285714285714]",166.45657142857144,107.38857142857142,17.89142857142857,55.208,85.51428571428572,2.9771428571428573,0.0002494076054011072,166.45657142857144
stratum_1,frontier_without_merging,25,175,1750,0.0,"[0.0, 0.0]",25.0,25.0,2.0,0.0,7.459428571428571,2.0,5.038711694734437e-05,25.0
stratum_1,frontier_without_merging,50,175,1750,0.0,"[0.0, 0.0]",50.0,50.0,4.902857142857143,0.0,30.462857142857143,2.0,9.138865289943559e-05,50.0
stratum_1,frontier_without_merging,100,175,1750,0.0,"[0.0, 0.0]",100.0,100.0,10.194285714285714,0.0,77.81942857142857,2.0,0.00017078726312943866,100.0
stratum_1,frontier_without_merging,200,175,1750,0.8971428571428571,"[0.8514285714285714, 0.9371428571428572]",168.50114285714287,164.02857142857144,18.177142857142858,0.0,138.99428571428572,2.9714285714285715,0.000279239368225847,168.50114285714287
stratum_1,frontier_without_merging,500,175,1750,0.92,"[0.88, 0.96]",169.38171428571428,164.06285714285715,18.417142857142856,0.0,139.02857142857144,2.9771428571428573,0.0002804022857121059,169.38171428571428
stratum_1,frontier_without_merging,1500,175,1750,0.92,"[0.88, 0.96]",169.38171428571428,164.06285714285715,18.417142857142856,0.0,139.02857142857144,2.9771428571428573,0.00027930757084063123,169.38171428571428
stratum_1,full_interference_search,25,175,1750,0.0,"[0.0, 0.0]",25.0,24.561714285714285,2.0,0.4382857142857143,7.396,2.0,5.110137643558639e-05,25.0
stratum_1,full_interference_search,50,175,1750,0.0,"[0.0, 0.0]",50.0,46.76228571428572,4.902857142857143,3.2377142857142855,27.901714285714284,2.0,9.143597419772829e-05,50.0
stratum_1,full_interference_search,100,175,1750,0.0,"[0.0, 0.0]",100.0,80.31657142857142,10.194285714285714,19.68342857142857,59.885714285714286,2.0,0.00016357857308217457,100.0
stratum_1,full_interference_search,200,175,1750,0.92,"[0.88, 0.96]",166.1457142857143,107.37771428571429,17.81142857142857,55.16171428571428,85.50342857142857,2.9714285714285715,0.00025034396829349653,166.1457142857143
stratum_1,full_interference_search,500,175,1750,0.9371428571428572,"[0.8971428571428571, 0.9714285714285714]",166.45657142857144,107.38857142857142,17.89142857142857,55.208,85.51428571428572,2.9771428571428573,0.0002507687503738063,166.45657142857144
stratum_1,full_interference_search,1500,175,1750,0.9371428571428572,"[0.9028571428571428, 0.9714285714285714]",166.45657142857144,107.38857142857142,17.89142857142857,55.208,85.51428571428572,2.9771428571428573,0.0002496670500508376,166.45657142857144
stratum_1,hand_bound_frontier,25,175,1750,0.0,"[0.0, 0.0]",25.0,0.0,2.0,0.43142857142857144,1.2931428571428571,2.0,5.57802745274135e-05,25.0
stratum_1,hand_bound_frontier,50,175,1750,0.0,"[0.0, 0.0]",50.0,0.0,4.929142857142857,3.202857142857143,4.927428571428571,2.0,9.747477248311043e-05,50.0
stratum_1,hand_bound_frontier,100,175,1750,0.0,"[0.0, 0.0]",100.0,0.0,10.153714285714285,19.10857142857143,10.221714285714286,2.0,0.00017205052237425532,100.0
stratum_1,hand_bound_frontier,200,175,1750,0.11371428571428573,"[0.09828571428571428, 0.13028571428571428]",197.64285714285714,0.0,26.892,59.82742857142857,14.301714285714286,2.994285714285714,0.000312848087400198,197.64285714285714
stratum_1,hand_bound_frontier,500,175,1750,0.18914285714285714,"[0.1714142857142857, 0.20742857142857146]",213.77714285714285,0.0,31.46857142857143,63.309714285714286,14.304571428571428,3.0,0.0003306659715516227,213.77714285714285
stratum_1,hand_bound_frontier,1500,175,1750,0.18914285714285714,"[0.17028571428571432, 0.20742857142857146]",213.77714285714285,0.0,31.46857142857143,63.309714285714286,14.304571428571428,3.0,0.00032905640825629237,213.77714285714285
stratum_1,independent_parallel,25,175,1750,0.0,"[0.0, 0.0]",25.0,25.0,2.0,0.0,0.0,2.0,7.996555949960436e-05,25.0
stratum_1,independent_parallel,50,175,1750,0.0,"[0.0, 0.0]",50.0,50.0,4.930285714285715,0.0,0.0,2.0,0.00011886073223182133,50.0
stratum_1,independent_parallel,100,175,1750,0.0,"[0.0, 0.0]",100.0,100.0,10.189142857142857,0.0,0.0,2.0,0.00019427996182015965,100.0
stratum_1,independent_parallel,200,175,1750,0.5971428571428572,"[0.5542857142857143, 0.6405857142857142]",190.39828571428572,169.2417142857143,24.28,0.0,0.0,2.994285714285714,0.00037456214215074267,190.39828571428572
stratum_1,independent_parallel,500,175,1750,0.9502857142857144,"[0.9314285714285714, 0.9674285714285715]",225.004,193.40857142857143,29.794857142857143,0.0,0.0,3.4731428571428573,0.0004377800045268876,225.004
stratum_1,independent_parallel,1500,175,1750,0.9960000000000001,"[0.9931285714285712, 0.9982857142857143]",245.33942857142858,209.56114285714287,32.71714285714286,0.0,0.0,3.696,0.00047471615725329944,245.33942857142858
stratum_1,merging_without_learned_judge,25,175,1750,0.0,"[0.0, 0.0]",25.0,0.0,2.0,0.44,0.0,2.0,4.550164086478097e-05,25.0
stratum_1,merging_without_learned_judge,50,175,1750,0.0,"[0.0, 0.0]",50.0,0.0,4.926285714285714,3.2457142857142856,0.0,2.0,7.876647316983767e-05,50.0
stratum_1,merging_without_learned_judge,100,175,1750,0.0,"[0.0, 0.0]",100.0,0.0,10.154285714285715,19.240571428571428,0.0,2.0,0.00014037141842501504,100.0
stratum_1,merging_without_learned_judge,200,175,1750,0.09428571428571429,"[0.08114285714285714, 0.10742857142857143]",198.34285714285716,0.0,26.904,60.989714285714285,0.0,2.994285714285714,0.00027303214903388705,198.34285714285716
stratum_1,merging_without_learned_judge,500,175,1750,0.15485714285714286,"[0.13942857142857143, 0.16971428571428573]",215.60285714285715,0.0,31.784,65.00914285714286,0.0,3.0,0.0002920197785965034,215.60285714285715
stratum_1,merging_without_learned_judge,1500,175,1750,0.15485714285714286,"[0.13885714285714285, 0.16971428571428568]",215.60285714285715,0.0,31.784,65.00914285714286,0.0,3.0,0.0002904406823217869,215.60285714285715
stratum_1,single_line,25,175,1750,0.0,"[0.0, 0.0]",25.0,25.0,2.0,0.0,0.0,2.0,5.287951337439673e-05,25.0
stratum_1,single_line,50,175,1750,0.06228571428571428,"[0.04914285714285715, 0.07485714285714284]",48.77428571428572,45.71028571428572,4.321714285714286,0.0,0.0,4.321714285714286,9.192455453532083e-05,48.77428571428572
stratum_1,single_line,100,175,1750,0.16,"[0.13885714285714287, 0.18172857142857135]",93.34457142857143,84.91885714285715,9.180571428571428,0.0,0.0,9.180571428571428,0.00017061967083386011,93.34457142857143
stratum_1,single_line,200,175,1750,0.304,"[0.2765714285714286, 0.3325714285714286]",170.18571428571428,154.5697142857143,16.254857142857144,0.0,0.0,16.254857142857144,0.00029891452406133925,170.18571428571428
stratum_1,single_line,500,175,1750,0.5857142857142857,"[0.5474285714285715, 0.6211428571428571]",330.8342857142857,299.1502857142857,31.64857142857143,0.0,0.0,31.64857142857143,0.000581867767231805,330.8342857142857
stratum_1,single_line,1500,175,1750,0.8714285714285714,"[0.84, 0.8994285714285712]",557.6382857142858,503.31885714285715,53.190285714285714,0.0,0.0,53.190285714285714,0.0009804301623787199,557.6382857142858
stratum_2-5,beam,25,312,3120,0.0,"[0.0, 0.0]",25.0,24.16602564102564,2.0,0.833974358974359,0.0,2.0,5.0886357441926616e-05,25.0
stratum_2-5,beam,50,312,3120,0.0,"[0.0, 0.0]",50.0,46.39294871794872,4.881410256410256,3.607051282051282,0.0,2.0,8.939122781157494e-05,50.0
stratum_2-5,beam,100,312,3120,0.0,"[0.0, 0.0]",100.0,80.2272435897436,10.118589743589743,19.77275641025641,0.0,2.0,0.00015899184852456434,100.0
stratum_2-5,beam,200,312,3120,0.985897435897436,"[0.9717948717948718, 0.9967948717948718]",170.81923076923076,109.05128205128206,18.05448717948718,58.68141025641026,0.0,3.0,0.00026204065980915073,170.81923076923076
stratum_2-5,beam,500,312,3120,0.9935897435897436,"[0.9839743589743589, 1.0]",171.16794871794872,109.05128205128206,18.16025641025641,58.76346153846154,0.0,3.0,0.0002615832684872051,171.16794871794872
stratum_2-5,beam,1500,312,3120,0.9935897435897436,"[0.9839743589743589, 1.0]",171.16794871794872,109.05128205128206,18.16025641025641,58.76346153846154,0.0,3.0,0.0002603329568862533,171.16794871794872
stratum_2-5,best_first,25,312,3120,0.0,"[0.0, 0.0]",25.0,24.16602564102564,2.0,0.833974358974359,0.0,2.0,4.9574375868989873e-05,25.0
stratum_2-5,best_first,50,312,3120,0.6512820512820513,"[0.6003125000000001, 0.7022516025641026]",40.510897435897434,36.12852564102564,4.105769230769231,2.220833333333333,0.0,4.105769230769231,7.360347916778082e-05,40.510897435897434
stratum_2-5,best_first,100,312,3120,0.8695512820512821,"[0.8314102564102563, 0.9054567307692307]",51.15224358974359,42.896153846153844,5.387820512820513,5.13525641025641,0.0,5.387820512820513,8.905867550474329e-05,51.15224358974359
stratum_2-5,best_first,200,312,3120,0.9868589743589743,"[0.9740384615384615, 0.9967948717948718]",56.42564102564103,45.073397435897434,6.080128205128205,7.608333333333333,0.0,6.080128205128205,9.604682071277729e-05,56.42564102564103
stratum_2-5,best_first,500,312,3120,1.0,"[1.0, 1.0]",56.579166666666666,45.118589743589745,6.105769230769231,7.670512820512821,0.0,6.105769230769231,9.649894648016646e-05,56.579166666666666
stratum_2-5,best_first,1500,312,3120,1.0,"[1.0, 1.0]",56.579166666666666,45.118589743589745,6.105769230769231,7.670512820512821,0.0,6.105769230769231,9.59546854480719e-05,56.579166666666666
stratum_2-5,bfs,25,312,3120,0.0,"[0.0, 0.0]",25.0,0.0,2.0,0.8163461538461538,0.0,2.0,4.398904454249602e-05,25.0
stratum_2-5,bfs,50,312,3120,0.0,"[0.0, 0.0]",50.0,0.0,4.818910256410256,3.467628205128205,0.0,4.818910256410256,7.899571836997684e-05,50.0
stratum_2-5,bfs,100,312,3120,0.0,"[0.0, 0.0]",100.0,0.0,9.91698717948718,19.475,0.0,9.91698717948718,0.0001435059558552427,100.0
stratum_2-5,bfs,200,312,3120,0.05512820512820513,"[0.04487179487179487, 0.06570512820512821]",199.17852564102563,0.0,22.69519230769231,74.42307692307692,0.0,22.69519230769231,0.00026705182330587354,199.17852564102563
stratum_2-5,bfs,500,312,3120,0.9717948717948719,"[0.9631410256410257, 0.980128205128205]",320.8878205128205,0.0,60.163141025641025,128.55064102564103,0.0,60.163141025641025,0.0004325074152662777,320.8878205128205
stratum_2-5,bfs,1500,312,3120,1.0,"[1.0, 1.0]",322.00192307692305,0.0,60.502884615384616,129.18365384615385,0.0,60.502884615384616,0.0004326704432829641,322.00192307692305
stratum_2-5,factorial_m0j0s0,25,312,3120,0.0,"[0.0, 0.0]",25.0,0.0,2.0,0.0,0.0,2.0,5.302342932480268e-05,25.0
stratum_2-5,factorial_m0j0s0,50,312,3120,0.030448717948717948,"[0.02467948717948718, 0.03653846153846155]",49.64647435897436,0.0,5.768589743589744,0.0,0.0,5.768589743589744,9.330623986151738e-05,49.64647435897436
stratum_2-5,factorial_m0j0s0,100,312,3120,0.1483974358974359,"[0.13525641025641028, 0.16185897435897437]",95.27019230769231,0.0,15.082692307692307,0.0,0.0,15.082692307692307,0.00016689162450627638,95.27019230769231
stratum_2-5,factorial_m0j0s0,200,312,3120,0.4032051282051282,"[0.38428685897435894, 0.42244391025641026]",164.08108974358976,0.0,32.42147435897436,0.0,0.0,32.42147435897436,0.00026792608237323853,164.08108974358976
stratum_2-5,factorial_m0j0s0,500,312,3120,0.4682692307692308,"[0.44871794871794873, 0.4881410256410257]",177.3448717948718,0.0,36.29102564102564,0.0,0.0,36.29102564102564,0.0002848282417592903,177.3448717948718
stratum_2-5,factorial_m0j0s0,1500,312,3120,0.4682692307692308,"[0.4503125, 0.4884615384615384]",177.3448717948718,0.0,36.29102564102564,0.0,0.0,36.29102564102564,0.00028313638624520256,177.3448717948718
stratum_2-5,factorial_m0j0s1,25,312,3120,0.0,"[0.0, 0.0]",25.0,0.0,2.0,0.0,0.0,2.0,4.4873480398494465e-05,25.0
stratum_2-5,factorial_m0j0s1,50,312,3120,0.0,"[0.0, 0.0]",50.0,0.0,4.892948717948718,0.0,0.0,2.0,7.777184200210449e-05,50.0
stratum_2-5,factorial_m0j0s1,100,312,3120,0.0,"[0.0, 0.0]",100.0,0.0,10.074679487179488,0.0,0.0,2.0,0.00014210953675688077,100.0
stratum_2-5,factorial_m0j0s1,200,312,3120,0.14775641025641026,"[0.13493589743589743, 0.1612259615384615]",197.6775641025641,0.0,26.07147435897436,0.0,0.0,2.993910256410256,0.00029526343658709756,197.6775641025641
stratum_2-5,factorial_m0j0s1,500,312,3120,0.253525641025641,"[0.23589743589743592, 0.27115384615384613]",215.09326923076924,0.0,31.025961538461537,0.0,0.0,3.0,0.0003109606302295549,215.09326923076924
stratum_2-5,factorial_m0j0s1,1500,312,3120,0.253525641025641,"[0.23685096153846155, 0.27115384615384613]",215.09326923076924,0.0,31.025961538461537,0.0,0.0,3.0,0.00030905083239747165,215.09326923076924
stratum_2-5,factorial_m0j1s0,25,312,3120,0.0,"[0.0, 0.0]",25.0,25.0,2.0,0.0,6.331410256410257,2.0,5.231470000954011e-05,25.0
stratum_2-5,factorial_m0j1s0,50,312,3120,0.6432692307692307,"[0.5894150641025641, 0.6939262820512819]",40.56474358974359,38.29807692307692,4.128205128205129,0.0,17.184935897435896,4.128205128205129,7.921318607166028e-05,40.56474358974359
stratum_2-5,factorial_m0j1s0,100,312,3120,0.8576923076923078,"[0.8192227564102564, 0.8939102564102563]",51.92147435897436,48.43589743589744,5.512820512820513,0.0,25.838141025641026,5.512820512820513,9.754021735623097e-05,51.92147435897436
stratum_2-5,factorial_m0j1s0,200,312,3120,0.9775641025641025,"[0.9615384615384616, 0.9935897435897436]",58.54807692307692,53.82692307692308,6.439102564102564,0.0,30.634615384615383,6.439102564102564,0.00010790277767974215,58.54807692307692
stratum_2-5,factorial_m0j1s0,500,312,3120,0.9807692307692307,"[0.9647435897435898, 0.9935897435897436]",58.74423076923077,53.87820512820513,6.483974358974359,0.0,30.682692307692307,6.483974358974359,0.00010835794218553183,58.74423076923077
stratum_2-5,factorial_m0j1s0,1500,312,3120,0.9807692307692307,"[0.9647435897435898, 0.9935897435897436]",58.74423076923077,53.87820512820513,6.483974358974359,0.0,30.682692307692307,6.483974358974359,0.00010775808447924179,58.74423076923077
stratum_2-5,factorial_m0j1s1,25,312,3120,0.0,"[0.0, 0.0]",25.0,25.0,2.0,0.0,6.331410256410257,2.0,5.040859075215382e-05,25.0
stratum_2-5,factorial_m0j1s1,50,312,3120,0.0,"[0.0, 0.0]",50.0,50.0,4.878205128205129,0.0,27.74326923076923,2.0,9.136222816335085e-05,50.0
stratum_2-5,factorial_m0j1s1,100,312,3120,0.003205128205128205,"[0.0, 0.009615384615384616]",99.93301282051281,99.92628205128206,10.10897435897436,0.0,73.12371794871795,2.003205128205128,0.00017057935086389381,99.93301282051281
stratum_2-5,factorial_m0j1s1,200,312,3120,0.9509615384615384,"[0.9259615384615384, 0.9737179487179487]",170.72756410256412,167.1602564102564,18.134615384615383,0.0,136.03205128205127,2.9935897435897436,0.0002838095276950835,170.72756410256412
stratum_2-5,factorial_m0j1s1,500,312,3120,0.9807692307692307,"[0.9647435897435898, 0.9935897435897436]",171.36282051282052,167.19230769230768,18.291666666666668,0.0,136.06410256410257,2.996794871794872,0.00028446831304627734,171.36282051282052
stratum_2-5,factorial_m0j1s1,1500,312,3120,0.9807692307692307,"[0.9647435897435898, 0.9935897435897436]",171.36282051282052,167.19230769230768,18.291666666666668,0.0,136.06410256410257,2.996794871794872,0.00028345710836733,171.36282051282052
stratum_2-5,factorial_m1j0s0,25,312,3120,0.0,"[0.0, 0.0]",25.0,0.0,2.0,0.8243589743589743,0.0,2.0,4.799341281446127e-05,25.0
stratum_2-5,factorial_m1j0s0,50,312,3120,0.03141025641025641,"[0.02532051282051282, 0.037500000000000006]",49.645192307692305,0.0,5.807051282051282,2.973076923076923,0.0,5.807051282051282,9.279266143074403e-05,49.645192307692305
stratum_2-5,factorial_m1j0s0,100,312,3120,0.1653846153846154,"[0.1512820512820513, 0.1794871794871795]",95.00801282051282,0.0,14.817948717948719,12.224358974358974,0.0,14.817948717948719,0.0001664825392743716,95.00801282051282
stratum_2-5,factorial_m1j0s0,200,312,3120,0.4448717948717948,"[0.4240384615384616, 0.46538461538461534]",158.81634615384615,0.0,30.589102564102564,35.10224358974359,0.0,30.589102564102564,0.00025646896310484944,158.81634615384615
stratum_2-5,factorial_m1j0s0,500,312,3120,0.482051282051282,"[0.46153846153846156, 0.5025641025641026]",165.8048076923077,0.0,32.614423076923075,38.59102564102564,0.0,32.614423076923075,0.000265099206724419,165.8048076923077
stratum_2-5,factorial_m1j0s0,1500,312,3120,0.482051282051282,"[0.46282051282051284, 0.5025641025641026]",165.8048076923077,0.0,32.614423076923075,38.59102564102564,0.0,32.614423076923075,0.000263845002075705,165.8048076923077
stratum_2-5,factorial_m1j0s1,25,312,3120,0.0,"[0.0, 0.0]",25.0,0.0,2.0,0.8243589743589743,0.0,2.0,4.50128152106817e-05,25.0
stratum_2-5,factorial_m1j0s1,50,312,3120,0.0,"[0.0, 0.0]",50.0,0.0,4.8961538461538465,3.71474358974359,0.0,2.0,7.841776107222987e-05,50.0
stratum_2-5,factorial_m1j0s1,100,312,3120,0.0,"[0.0, 0.0]",100.0,0.0,10.068589743589744,19.718910256410258,0.0,2.0,0.00013987323842369593,100.0
stratum_2-5,factorial_m1j0s1,200,312,3120,0.18205128205128207,"[0.16474358974358977, 0.19935897435897437]",196.18365384615385,0.0,26.12467948717949,60.639102564102565,0.0,2.9983974358974357,0.00027023880288769037,196.18365384615385
stratum_2-5,factorial_m1j0s1,500,312,3120,0.28044871794871795,"[0.26153044871794867, 0.29967948717948717]",211.5455128205128,0.0,30.475,64.08269230769231,0.0,3.0,0.0002866150127747693,211.5455128205128
stratum_2-5,factorial_m1j0s1,1500,312,3120,0.28044871794871795,"[0.2608974358974359, 0.3009615384615385]",211.5455128205128,0.0,30.475,64.08269230769231,0.0,3.0,0.0002851259220057191,211.5455128205128
stratum_2-5,factorial_m1j1s0,25,312,3120,0.0,"[0.0, 0.0]",25.0,24.16602564102564,2.0,0.833974358974359,6.2375,2.0,5.2210550982123e-05,25.0
stratum_2-5,factorial_m1j1s0,50,312,3120,0.6512820512820513,"[0.5993509615384616, 0.704815705128205]",40.510897435897434,36.12852564102564,4.105769230769231,2.220833333333333,15.97948717948718,4.105769230769231,7.85130004470165e-05,40.510897435897434
stratum_2-5,factorial_m1j1s0,100,312,3120,0.8695512820512821,"[0.8294871794871795, 0.9060977564102565]",51.15224358974359,42.896153846153844,5.387820512820513,5.13525641025641,21.744551282051283,5.387820512820513,9.435536071228293e-05,51.15224358974359
stratum_2-5,factorial_m1j1s0,200,312,3120,0.9871794871794872,"[0.9743589743589743, 0.9967948717948718]",56.01378205128205,44.919871794871796,6.028846153846154,7.352884615384616,23.506410256410255,6.028846153846154,0.00010072104692554627,56.01378205128205
stratum_2-5,factorial_m1j1s0,500,312,3120,0.9871794871794872,"[0.9743589743589743, 0.9967948717948718]",56.01378205128205,44.919871794871796,6.028846153846154,7.352884615384616,23.506410256410255,6.028846153846154,0.00010091047554921645,56.01378205128205
stratum_2-5,factorial_m1j1s0,1500,312,3120,0.9871794871794872,"[0.9743589743589743, 0.9967948717948718]",56.01378205128205,44.919871794871796,6.028846153846154,7.352884615384616,23.506410256410255,6.028846153846154,0.00010027218198117155,56.01378205128205
stratum_2-5,factorial_m1j1s1,25,312,3120,0.0,"[0.0, 0.0]",25.0,24.16602564102564,2.0,0.833974358974359,6.2375,2.0,5.092813949793195e-05,25.0
stratum_2-5,factorial_m1j1s1,50,312,3120,0.0,"[0.0, 0.0]",50.0,46.39294871794872,4.881410256410256,3.607051282051282,25.49903846153846,2.0,9.114969975482195e-05,50.0
stratum_2-5,factorial_m1j1s1,100,312,3120,0.003205128205128205,"[0.0, 0.009615384615384616]",99.93301282051281,80.18205128205128,10.112179487179487,19.744230769230768,56.85224358974359,2.003205128205128,0.00016332160060604414,99.93301282051281
stratum_2-5,factorial_m1j1s1,200,312,3120,0.9826923076923078,"[0.9685897435897436, 0.9955128205128206]",166.28044871794873,107.32051282051282,17.560897435897434,55.97051282051282,82.48397435897436,2.996794871794872,0.00025062972040942465,166.28044871794873
stratum_2-5,factorial_m1j1s1,500,312,3120,0.9903846153846154,"[0.9775641025641025, 1.0]",166.4272435897436,107.32051282051282,17.60576923076923,56.001282051282054,82.48397435897436,2.996794871794872,0.00025077385660738516,166.4272435897436
stratum_2-5,factorial_m1j1s1,1500,312,3120,0.9903846153846154,"[0.9775641025641025, 1.0]",166.4272435897436,107.32051282051282,17.60576923076923,56.001282051282054,82.48397435897436,2.996794871794872,0.00024989751101925204,166.4272435897436
stratum_2-5,frontier_without_merging,25,312,3120,0.0,"[0.0, 0.0]",25.0,25.0,2.0,0.0,6.331410256410257,2.0,5.063711492440257e-05,25.0
stratum_2-5,frontier_without_merging,50,312,3120,0.0,"[0.0, 0.0]",50.0,50.0,4.878205128205129,0.0,27.74326923076923,2.0,9.156857282878496e-05,50.0
stratum_2-5,frontier_without_merging,100,312,3120,0.003205128205128205,"[0.0, 0.009615384615384616]",99.93301282051281,99.92628205128206,10.10897435897436,0.0,73.12371794871795,2.003205128205128,0.00017081838584719942,99.93301282051281
stratum_2-5,frontier_without_merging,200,312,3120,0.9509615384615384,"[0.9275480769230768, 0.9724358974358973]",170.72756410256412,167.1602564102564,18.134615384615383,0.0,136.03205128205127,2.9935897435897436,0.0002842110990642164,170.72756410256412
stratum_2-5,frontier_without_merging,500,312,3120,0.9807692307692307,"[0.9647435897435898, 0.9935897435897436]",171.36282051282052,167.19230769230768,18.291666666666668,0.0,136.06410256410257,2.996794871794872,0.00028496075881263004,171.36282051282052
stratum_2-5,frontier_without_merging,1500,312,3120,0.9807692307692307,"[0.9647435897435898, 0.9935897435897436]",171.36282051282052,167.19230769230768,18.291666666666668,0.0,136.06410256410257,2.996794871794872,0.00028406555513636424,171.36282051282052
stratum_2-5,full_interference_search,25,312,3120,0.0,"[0.0, 0.0]",25.0,24.16602564102564,2.0,0.833974358974359,6.2375,2.0,5.1129627256439285e-05,25.0
stratum_2-5,full_interference_search,50,312,3120,0.0,"[0.0, 0.0]",50.0,46.39294871794872,4.881410256410256,3.607051282051282,25.49903846153846,2.0,9.139083737794023e-05,50.0
stratum_2-5,full_interference_search,100,312,3120,0.003205128205128205,"[0.0, 0.009615384615384616]",99.93301282051281,80.18205128205128,10.112179487179487,19.744230769230768,56.85224358974359,2.003205128205128,0.00016348287134837264,99.93301282051281
stratum_2-5,full_interference_search,200,312,3120,0.9826923076923078,"[0.9672916666666665, 0.9955128205128206]",166.28044871794873,107.32051282051282,17.560897435897434,55.97051282051282,82.48397435897436,2.996794871794872,0.0002508453317344762,166.28044871794873
stratum_2-5,full_interference_search,500,312,3120,0.9903846153846154,"[0.9775641025641025, 1.0]",166.4272435897436,107.32051282051282,17.60576923076923,56.001282051282054,82.48397435897436,2.996794871794872,0.0002509743951332684,166.4272435897436
stratum_2-5,full_interference_search,1500,312,3120,0.9903846153846154,"[0.9775641025641025, 1.0]",166.4272435897436,107.32051282051282,17.60576923076923,56.001282051282054,82.48397435897436,2.996794871794872,0.0002500659589154216,166.4272435897436
stratum_2-5,hand_bound_frontier,25,312,3120,0.0,"[0.0, 0.0]",25.0,0.0,2.0,0.8201923076923077,1.0689102564102564,2.0,5.5720836210709355e-05,25.0
stratum_2-5,hand_bound_frontier,50,312,3120,0.0,"[0.0, 0.0]",50.0,0.0,4.89551282051282,3.6891025641025643,4.249038461538461,2.0,9.717141719869314e-05,50.0
stratum_2-5,hand_bound_frontier,100,312,3120,0.0,"[0.0, 0.0]",100.0,0.0,10.074679487179488,19.608974358974358,8.938461538461539,2.0,0.0001717808650424465,100.0
stratum_2-5,hand_bound_frontier,200,312,3120,0.21346153846153845,"[0.19518429487179487, 0.23365384615384618]",195.2701923076923,0.0,26.037820512820513,59.66442307692308,12.342948717948717,2.9983974358974357,0.0003098667345535106,195.2701923076923
stratum_2-5,hand_bound_frontier,500,312,3120,0.325,"[0.303525641025641, 0.34647435897435896]",209.5349358974359,0.0,30.083653846153847,62.61987179487179,12.342948717948717,3.0,0.0003257064745785334,209.5349358974359
stratum_2-5,hand_bound_frontier,1500,312,3120,0.325,"[0.3041666666666667, 0.34647435897435896]",209.5349358974359,0.0,30.083653846153847,62.61987179487179,12.342948717948717,3.0,0.00032410082371475604,209.5349358974359
stratum_2-5,independent_parallel,25,312,3120,0.0,"[0.0, 0.0]",25.0,25.0,2.0,0.0,0.0,2.0,8.044786936340806e-05,25.0
stratum_2-5,independent_parallel,50,312,3120,0.0,"[0.0, 0.0]",50.0,50.0,4.900961538461538,0.0,0.0,2.0,0.00011936984986114579,50.0
stratum_2-5,independent_parallel,100,312,3120,0.0,"[0.0, 0.0]",100.0,100.0,10.101282051282052,0.0,0.0,2.0,0.0001947452738069189,100.0
stratum_2-5,independent_parallel,200,312,3120,0.8435897435897436,"[0.8182692307692309, 0.8682692307692307]",183.63589743589745,170.40544871794873,21.634615384615383,0.0,0.0,2.9964743589743588,0.000367220749374097,183.63589743589745
stratum_2-5,independent_parallel,500,312,3120,0.9881410256410257,"[0.9814102564102566, 0.9935897435897436]",194.55352564102563,178.17179487179487,23.311858974358973,0.0,0.0,3.142948717948718,0.00038670710114857706,194.55352564102563
stratum_2-5,independent_parallel,1500,312,3120,0.9996794871794871,"[0.9990384615384615, 1.0]",197.7698717948718,180.78397435897435,23.75673076923077,0.0,0.0,3.1778846153846154,0.00039166084920557646,197.7698717948718
stratum_2-5,merging_without_learned_judge,25,312,3120,0.0,"[0.0, 0.0]",25.0,0.0,2.0,0.8243589743589743,0.0,2.0,4.5267273731625236e-05,25.0
stratum_2-5,merging_without_learned_judge,50,312,3120,0.0,"[0.0, 0.0]",50.0,0.0,4.8961538461538465,3.71474358974359,0.0,2.0,7.864353664888021e-05,50.0
stratum_2-5,merging_without_learned_judge,100,312,3120,0.0,"[0.0, 0.0]",100.0,0.0,10.068589743589744,19.718910256410258,0.0,2.0,0.0001401389704253047,100.0
stratum_2-5,merging_without_learned_judge,200,312,3120,0.18205128205128207,"[0.16570512820512823, 0.19935897435897437]",196.18365384615385,0.0,26.12467948717949,60.639102564102565,0.0,2.9983974358974357,0.0002702351444615768,196.18365384615385
stratum_2-5,merging_without_learned_judge,500,312,3120,0.28044871794871795,"[0.2605769230769231, 0.3003205128205128]",211.5455128205128,0.0,30.475,64.08269230769231,0.0,3.0,0.00028714642513734406,211.5455128205128
stratum_2-5,merging_without_learned_judge,1500,312,3120,0.28044871794871795,"[0.26121794871794873, 0.29903846153846153]",211.5455128205128,0.0,30.475,64.08269230769231,0.0,3.0,0.00028554362913545887,211.5455128205128
stratum_2-5,single_line,25,312,3120,0.0,"[0.0, 0.0]",25.0,25.0,2.0,0.0,0.0,2.0,5.298326156126001e-05,25.0
stratum_2-5,single_line,50,312,3120,0.17115384615384618,"[0.15705128205128205, 0.18558493589743585]",46.66089743589744,43.7099358974359,4.093910256410257,0.0,0.0,4.093910256410257,8.789393304584501e-05,46.66089743589744
stratum_2-5,single_line,100,312,3120,0.41794871794871796,"[0.39455128205128204, 0.4419871794871795]",82.04711538461538,74.82083333333334,7.9875,0.0,0.0,7.9875,0.00015040106999759492,82.04711538461538
stratum_2-5,single_line,200,312,3120,0.6240384615384615,"[0.5983974358974359, 0.6493589743589744]",129.71955128205127,117.9926282051282,12.342628205128205,0.0,0.0,12.342628205128205,0.00022946773276019556,129.71955128205127
stratum_2-5,single_line,500,312,3120,0.8807692307692309,"[0.8625, 0.8990384615384616]",194.4676282051282,176.28974358974358,18.453205128205127,0.0,0.0,18.453205128205127,0.0003428771085917759,194.4676282051282
stratum_2-5,single_line,1500,312,3120,0.9875,"[0.9810897435897437, 0.9929487179487178]",237.22019230769232,214.7570512820513,22.47051282051282,0.0,0.0,22.47051282051282,0.00041758088329329324,237.22019230769232
stratum_6-20,beam,25,350,3500,0.0,"[0.0, 0.0]",25.0,23.104285714285716,2.0,1.8957142857142857,0.0,2.0,5.011391613100256e-05,25.0
stratum_6-20,beam,50,350,3500,0.0,"[0.0, 0.0]",50.0,43.984,4.914285714285715,6.016,0.0,2.0,8.823949391288416e-05,50.0
stratum_6-20,beam,100,350,3500,0.002857142857142857,"[0.0, 0.008571428571428572]",99.95342857142857,73.424,10.174285714285714,26.524571428571427,0.0,2.0028571428571427,0.00015581862229321685,99.95342857142857
stratum_6-20,beam,200,350,3500,0.9971428571428571,"[0.9914285714285714, 1.0]",165.59942857142858,101.08857142857143,17.434285714285714,62.22742857142857,0.0,3.0,0.00025178309875939573,165.59942857142858
stratum_6-20,beam,500,350,3500,1.0,"[1.0, 1.0]",165.63057142857141,101.08857142857143,17.442857142857143,62.238,0.0,3.0,0.0002509614202593054,165.63057142857141
stratum_6-20,beam,1500,350,3500,1.0,"[1.0, 1.0]",165.63057142857141,101.08857142857143,17.442857142857143,62.238,0.0,3.0,0.0002496159390679428,165.63057142857141
stratum_6-20,best_first,25,350,3500,0.0,"[0.0, 0.0]",25.0,23.104285714285716,2.0,1.8957142857142857,0.0,2.0,4.8877121614558355e-05,25.0
stratum_6-20,best_first,50,350,3500,0.8642857142857143,"[0.828857142857143, 0.8974357142857142]",36.028285714285715,30.74342857142857,3.6285714285714286,3.162,0.0,3.6285714285714286,6.52827522052186e-05,36.028285714285715
stratum_6-20,best_first,100,350,3500,0.9897142857142857,"[0.9782857142857142, 0.9982999999999999]",38.42057142857143,32.10971428571428,3.9457142857142857,3.8402857142857143,0.0,3.9457142857142857,6.844470543520791e-05,38.42057142857143
stratum_6-20,best_first,200,350,3500,1.0,"[1.0, 1.0]",38.89457142857143,32.29142857142857,4.005714285714285,4.076,0.0,4.005714285714285,6.89504056104592e-05,38.89457142857143
stratum_6-20,best_first,500,350,3500,1.0,"[1.0, 1.0]",38.89457142857143,32.29142857142857,4.005714285714285,4.076,0.0,4.005714285714285,6.919920364660876e-05,38.89457142857143
stratum_6-20,best_first,1500,350,3500,1.0,"[1.0, 1.0]",38.89457142857143,32.29142857142857,4.005714285714285,4.076,0.0,4.005714285714285,6.8790538502591e-05,38.89457142857143
stratum_6-20,bfs,25,350,3500,0.0,"[0.0, 0.0]",25.0,0.0,2.0,1.812,0.0,2.0,4.361100202160222e-05,25.0
stratum_6-20,bfs,50,350,3500,0.0,"[0.0, 0.0]",50.0,0.0,4.843428571428571,5.1251428571428574,0.0,4.843428571428571,7.860184274613857e-05,50.0
stratum_6-20,bfs,100,350,3500,0.0008571428571428571,"[0.0, 0.0025714285714285713]",99.99314285714286,0.0,10.01142857142857,23.262,0.0,10.01142857142857,0.00014287055789359977,99.99314285714286
stratum_6-20,bfs,200,350,3500,0.2505714285714286,"[0.22628571428571428, 0.27685714285714286]",194.81942857142857,0.0,23.533428571428573,75.95485714285714,0.0,23.533428571428573,0.0002614876311272383,194.81942857142857
stratum_6-20,bfs,500,350,3500,0.9991428571428572,"[0.998, 1.0]",240.65971428571427,0.0,37.424571428571426,95.80485714285714,0.0,37.424571428571426,0.00032327663552548207,240.65971428571427
stratum_6-20,bfs,1500,350,3500,1.0,"[1.0, 1.0]",240.66714285714286,0.0,37.426857142857145,95.80857142857143,0.0,37.426857142857145,0.00032204660081437653,240.66714285714286
stratum_6-20,factorial_m0j0s0,25,350,3500,0.0,"[0.0, 0.0]",25.0,0.0,2.0,0.0,0.0,2.0,5.2660177594849045e-05,25.0
stratum_6-20,factorial_m0j0s0,50,350,3500,0.15257142857142858,"[0.14114285714285715, 0.16342857142857142]",48.46885714285714,0.0,5.617714285714285,0.0,0.0,5.617714285714285,9.188187548092434e-05,48.46885714285714
stratum_6-20,factorial_m0j0s0,100,350,3500,0.5168571428571428,"[0.4959928571428571, 0.5371499999999999]",80.57114285714286,0.0,12.127142857142857,0.0,0.0,12.127142857142857,0.00014388586234833514,80.57114285714286
stratum_6-20,factorial_m0j0s0,200,350,3500,0.8517142857142858,"[0.8351428571428573, 0.8682857142857142]",107.18028571428572,0.0,18.748857142857144,0.0,0.0,18.748857142857144,0.00018307117665452617,107.18028571428572
stratum_6-20,factorial_m0j0s0,500,350,3500,0.886,"[0.8711428571428571, 0.89915]",109.558,0.0,19.438,0.0,0.0,19.438,0.0001851903075086219,109.558
stratum_6-20,factorial_m0j0s0,1500,350,3500,0.886,"[0.8714285714285716, 0.8997142857142858]",109.558,0.0,19.438,0.0,0.0,19.438,0.00018418766797653267,109.558
stratum_6-20,factorial_m0j0s1,25,350,3500,0.0,"[0.0, 0.0]",25.0,0.0,2.0,0.0,0.0,2.0,4.47270255535841e-05,25.0
stratum_6-20,factorial_m0j0s1,50,350,3500,0.0,"[0.0, 0.0]",50.0,0.0,4.898857142857143,0.0,0.0,2.0,7.77920912951231e-05,50.0
stratum_6-20,factorial_m0j0s1,100,350,3500,0.0,"[0.0, 0.0]",100.0,0.0,10.169142857142857,0.0,0.0,2.0,0.00014271230969045844,100.0
stratum_6-20,factorial_m0j0s1,200,350,3500,0.5402857142857143,"[0.5165642857142857, 0.5642857142857143]",190.32171428571428,0.0,24.010571428571428,0.0,0.0,2.998,0.0002862370714013066,190.32171428571428
stratum_6-20,factorial_m0j0s1,500,350,3500,0.7277142857142856,"[0.7059928571428571, 0.7482857142857143]",198.2957142857143,0.0,26.283142857142856,0.0,0.0,3.0,0.00029086549633315634,198.2957142857143
stratum_6-20,factorial_m0j0s1,1500,350,3500,0.7277142857142856,"[0.7051428571428572, 0.7502857142857143]",198.2957142857143,0.0,26.283142857142856,0.0,0.0,3.0,0.00028896663604038105,198.2957142857143
stratum_6-20,factorial_m0j1s0,25,350,3500,0.0,"[0.0, 0.0]",25.0,25.0,2.0,0.0,5.444285714285714,2.0,5.24365995079279e-05,25.0
stratum_6-20,factorial_m0j1s0,50,350,3500,0.8565714285714284,"[0.8202857142857144, 0.8917214285714287]",36.182,33.98571428571429,3.657142857142857,0.0,11.383714285714285,3.657142857142857,7.344197694744383e-05,36.182
stratum_6-20,factorial_m0j1s0,100,350,3500,0.9665714285714286,"[0.9457142857142857, 0.9837142857142858]",39.35971428571428,36.66,4.074285714285714,0.0,13.366,4.074285714285714,7.864280976355075e-05,39.35971428571428
stratum_6-20,factorial_m0j1s0,200,350,3500,0.9971428571428571,"[0.9914285714285714, 1.0]",40.612857142857145,37.60285714285714,4.257142857142857,0.0,14.105428571428572,4.257142857142857,8.034982931401049e-05,40.612857142857145
stratum_6-20,factorial_m0j1s0,500,350,3500,1.0,"[1.0, 1.0]",40.90971428571429,37.72571428571428,4.314285714285714,0.0,14.205714285714286,4.314285714285714,8.101959047572953e-05,40.90971428571429
stratum_6-20,factorial_m0j1s0,1500,350,3500,1.0,"[1.0, 1.0]",40.90971428571429,37.72571428571428,4.314285714285714,0.0,14.205714285714286,4.314285714285714,8.049923687108926e-05,40.90971428571429
stratum_6-20,factorial_m0j1s1,25,350,3500,0.0,"[0.0, 0.0]",25.0,25.0,2.0,0.0,5.444285714285714,2.0,5.041817868394511e-05,25.0
stratum_6-20,factorial_m0j1s1,50,350,3500,0.0,"[0.0, 0.0]",50.0,50.0,4.911428571428571,0.0,22.45342857142857,2.0,9.143010899424552e-05,50.0
stratum_6-20,factorial_m0j1s1,100,350,3500,0.0,"[0.0, 0.0]",100.0,100.0,10.177142857142858,0.0,58.606,2.0,0.00017066416703164576,100.0
stratum_6-20,factorial_m0j1s1,200,350,3500,0.9914285714285714,"[0.98, 1.0]",169.442,167.04,17.86857142857143,0.0,113.93142857142857,3.0,0.0002850865394409214,169.442
stratum_6-20,factorial_m0j1s1,500,350,3500,0.9971428571428571,"[0.9914285714285714, 1.0]",169.634,167.04,17.917142857142856,0.0,113.93142857142857,3.0,0.0002850615589746407,169.634
stratum_6-20,factorial_m0j1s1,1500,350,3500,0.9971428571428571,"[0.9914285714285714, 1.0]",169.634,167.04,17.917142857142856,0.0,113.93142857142857,3.0,0.00028386716597846576,169.634
stratum_6-20,factorial_m1j0s0,25,350,3500,0.0,"[0.0, 0.0]",25.0,0.0,2.0,1.8345714285714285,0.0,2.0,4.682223605258124e-05,25.0
stratum_6-20,factorial_m1j0s0,50,350,3500,0.16057142857142856,"[0.14857142857142858, 0.17286428571428566]",48.391714285714286,0.0,5.753142857142858,4.287142857142857,0.0,5.753142857142858,8.965277139629637e-05,48.391714285714286
stratum_6-20,factorial_m1j0s0,100,350,3500,0.5102857142857143,"[0.4885642857142857, 0.5319999999999999]",80.91571428571429,0.0,12.217428571428572,11.404,0.0,12.217428571428572,0.00014217611082962582,80.91571428571429
stratum_6-20,factorial_m1j0s0,200,350,3500,0.8711428571428571,"[0.8542857142857143, 0.8877142857142858]",106.50485714285715,0.0,18.512,20.81457142857143,0.0,18.512,0.00017789599751787526,106.50485714285715
stratum_6-20,factorial_m1j0s0,500,350,3500,0.8842857142857142,"[0.8674285714285715, 0.8994285714285716]",107.32114285714286,0.0,18.743714285714287,21.222285714285714,0.0,18.743714285714287,0.00017860626163227218,107.32114285714286
stratum_6-20,factorial_m1j0s0,1500,350,3500,0.8842857142857142,"[0.8685642857142857, 0.9]",107.32114285714286,0.0,18.743714285714287,21.222285714285714,0.0,18.743714285714287,0.0001775775769991534,107.32114285714286
stratum_6-20,factorial_m1j0s1,25,350,3500,0.0,"[0.0, 0.0]",25.0,0.0,2.0,1.8345714285714285,0.0,2.0,4.4562123183693204e-05,25.0
stratum_6-20,factorial_m1j0s1,50,350,3500,0.0,"[0.0, 0.0]",50.0,0.0,4.9157142857142855,5.379714285714286,0.0,2.0,7.794152013957501e-05,50.0
stratum_6-20,factorial_m1j0s1,100,350,3500,0.0017142857142857142,"[0.0, 0.005142857142857143]",99.98314285714285,0.0,10.174285714285714,23.142857142857142,0.0,2.0028571428571427,0.00013940978555807045,99.98314285714285
stratum_6-20,factorial_m1j0s1,200,350,3500,0.545142857142857,"[0.5222857142857144, 0.5682857142857143]",187.28742857142856,0.0,24.308,63.21942857142857,0.0,2.998,0.00025702726574880735,187.28742857142856
stratum_6-20,factorial_m1j0s1,500,350,3500,0.6888571428571427,"[0.6662857142857143, 0.7117142857142857]",193.88028571428572,0.0,26.175428571428572,64.73971428571429,0.0,3.0,0.00026326235463576655,193.88028571428572
stratum_6-20,factorial_m1j0s1,1500,350,3500,0.6888571428571427,"[0.6665714285714286, 0.7117142857142856]",193.88028571428572,0.0,26.175428571428572,64.73971428571429,0.0,3.0,0.0002617613580077887,193.88028571428572
stratum_6-20,factorial_m1j1s0,25,350,3500,0.0,"[0.0, 0.0]",25.0,23.104285714285716,2.0,1.8957142857142857,5.278,2.0,5.107237132532256e-05,25.0
stratum_6-20,factorial_m1j1s0,50,350,3500,0.8642857142857143,"[0.8294142857142855, 0.8988642857142857]",36.028285714285715,30.74342857142857,3.6285714285714286,3.162,10.239428571428572,3.6285714285714286,7.062515270497118e-05,36.028285714285715
stratum_6-20,factorial_m1j1s0,100,350,3500,0.9897142857142857,"[0.9782857142857142, 0.9982857142857142]",38.42057142857143,32.10971428571428,3.9457142857142857,3.8402857142857143,11.218285714285715,3.9457142857142857,7.398075264479433e-05,38.42057142857143
stratum_6-20,factorial_m1j1s0,200,350,3500,1.0,"[1.0, 1.0]",38.89457142857143,32.29142857142857,4.005714285714285,4.076,11.371428571428572,4.005714285714285,7.44331181049347e-05,38.89457142857143
stratum_6-20,factorial_m1j1s0,500,350,3500,1.0,"[1.0, 1.0]",38.89457142857143,32.29142857142857,4.005714285714285,4.076,11.371428571428572,4.005714285714285,7.465194511626448e-05,38.89457142857143
stratum_6-20,factorial_m1j1s0,1500,350,3500,1.0,"[1.0, 1.0]",38.89457142857143,32.29142857142857,4.005714285714285,4.076,11.371428571428572,4.005714285714285,7.411056171570506e-05,38.89457142857143
stratum_6-20,factorial_m1j1s1,25,350,3500,0.0,"[0.0, 0.0]",25.0,23.104285714285716,2.0,1.8957142857142857,5.278,2.0,5.015686526894569e-05,25.0
stratum_6-20,factorial_m1j1s1,50,350,3500,0.0,"[0.0, 0.0]",50.0,43.984,4.914285714285715,6.016,20.26,2.0,8.973685226270131e-05,50.0
stratum_6-20,factorial_m1j1s1,100,350,3500,0.008571428571428572,"[0.0, 0.02]",99.91857142857143,73.41542857142858,10.174285714285714,26.48742857142857,44.445142857142855,2.0085714285714285,0.00015944713167846203,99.91857142857143
stratum_6-20,factorial_m1j1s1,200,350,3500,0.9971428571428571,"[0.9914285714285714, 1.0]",160.14914285714286,98.86,16.86285714285714,59.03028571428572,67.61142857142858,3.0,0.00024010157638362474,160.14914285714286
stratum_6-20,factorial_m1j1s1,500,350,3500,1.0,"[1.0, 1.0]",160.1802857142857,98.86,16.87142857142857,59.04085714285714,67.61142857142858,3.0,0.00024004935952169555,160.1802857142857
stratum_6-20,factorial_m1j1s1,1500,350,3500,1.0,"[1.0, 1.0]",160.1802857142857,98.86,16.87142857142857,59.04085714285714,67.61142857142858,3.0,0.00023911641617970807,160.1802857142857
stratum_6-20,frontier_without_merging,25,350,3500,0.0,"[0.0, 0.0]",25.0,25.0,2.0,0.0,5.444285714285714,2.0,5.0596906670502255e-05,25.0
stratum_6-20,frontier_without_merging,50,350,3500,0.0,"[0.0, 0.0]",50.0,50.0,4.911428571428571,0.0,22.45342857142857,2.0,9.151158162525722e-05,50.0
stratum_6-20,frontier_without_merging,100,350,3500,0.0,"[0.0, 0.0]",100.0,100.0,10.177142857142858,0.0,58.606,2.0,0.00017068343263651643,100.0
stratum_6-20,frontier_without_merging,200,350,3500,0.9914285714285714,"[0.98, 1.0]",169.442,167.04,17.86857142857143,0.0,113.93142857142857,3.0,0.00028523132311446324,169.442
stratum_6-20,frontier_without_merging,500,350,3500,0.9971428571428571,"[0.9914285714285714, 1.0]",169.634,167.04,17.917142857142856,0.0,113.93142857142857,3.0,0.000285258963438017,169.634
stratum_6-20,frontier_without_merging,1500,350,3500,0.9971428571428571,"[0.9914285714285714, 1.0]",169.634,167.04,17.917142857142856,0.0,113.93142857142857,3.0,0.00028414008260837625,169.634
stratum_6-20,full_interference_search,25,350,3500,0.0,"[0.0, 0.0]",25.0,23.104285714285716,2.0,1.8957142857142857,5.278,2.0,5.0379410119993345e-05,25.0
stratum_6-20,full_interference_search,50,350,3500,0.0,"[0.0, 0.0]",50.0,43.984,4.914285714285715,6.016,20.26,2.0,8.994888248188156e-05,50.0
stratum_6-20,full_interference_search,100,350,3500,0.008571428571428572,"[0.0, 0.02]",99.91857142857143,73.41542857142858,10.174285714285714,26.48742857142857,44.445142857142855,2.0085714285714285,0.00015968245294477258,99.91857142857143
stratum_6-20,full_interference_search,200,350,3500,0.9971428571428571,"[0.9914285714285714, 1.0]",160.14914285714286,98.86,16.86285714285714,59.03028571428572,67.61142857142858,3.0,0.00024041798843869142,160.14914285714286
stratum_6-20,full_interference_search,500,350,3500,1.0,"[1.0, 1.0]",160.1802857142857,98.86,16.87142857142857,59.04085714285714,67.61142857142858,3.0,0.00024042402606989655,160.1802857142857
stratum_6-20,full_interference_search,1500,350,3500,1.0,"[1.0, 1.0]",160.1802857142857,98.86,16.87142857142857,59.04085714285714,67.61142857142858,3.0,0.00023943792656064034,160.1802857142857
stratum_6-20,hand_bound_frontier,25,350,3500,0.0,"[0.0, 0.0]",25.0,0.0,2.0,1.8291428571428572,0.528,2.0,5.4813816611255916e-05,25.0
stratum_6-20,hand_bound_frontier,50,350,3500,0.0,"[0.0, 0.0]",50.0,0.0,4.912285714285714,5.348857142857143,1.7665714285714287,2.0,9.568147148404803e-05,50.0
stratum_6-20,hand_bound_frontier,100,350,3500,0.006,"[0.0, 0.014285714285714285]",99.94457142857142,0.0,10.187142857142858,23.02914285714286,3.5334285714285714,2.0114285714285716,0.00016908348112234047,99.94457142857142
stratum_6-20,hand_bound_frontier,200,350,3500,0.5757142857142857,"[0.5525642857142856, 0.5997142857142858]",185.70257142857142,0.0,24.05457142857143,62.09885714285714,4.727428571428572,2.998,0.0002945477693740811,185.70257142857142
stratum_6-20,hand_bound_frontier,500,350,3500,0.7182857142857143,"[0.6977071428571429, 0.7394285714285714]",191.6702857142857,0.0,25.742857142857144,63.424285714285716,4.727428571428572,3.0,0.00029928870206432685,191.6702857142857
stratum_6-20,hand_bound_frontier,1500,350,3500,0.7182857142857143,"[0.69685, 0.7391428571428573]",191.6702857142857,0.0,25.742857142857144,63.424285714285716,4.727428571428572,3.0,0.0002978613475071532,191.6702857142857
stratum_6-20,independent_parallel,25,350,3500,0.0,"[0.0, 0.0]",25.0,25.0,2.0,0.0,0.0,2.0,8.020961071763719e-05,25.0
stratum_6-20,independent_parallel,50,350,3500,0.0,"[0.0, 0.0]",50.0,50.0,4.921142857142857,0.0,0.0,2.0,0.00011930831654795578,50.0
stratum_6-20,independent_parallel,100,350,3500,0.0,"[0.0, 0.0]",100.0,100.0,10.190285714285714,0.0,0.0,2.0,0.00019533580781093665,100.0
stratum_6-20,independent_parallel,200,350,3500,0.9594285714285713,"[0.9462857142857143, 0.9705714285714285]",176.81142857142856,169.2837142857143,19.783428571428573,0.0,0.0,3.000857142857143,0.00035844547993370464,176.81142857142856
stratum_6-20,independent_parallel,500,350,3500,0.9985714285714286,"[0.9971428571428571, 0.9997142857142857]",179.0577142857143,170.96057142857143,20.108285714285714,0.0,0.0,3.0294285714285714,0.0003618334127323968,179.0577142857143
stratum_6-20,independent_parallel,1500,350,3500,1.0,"[1.0, 1.0]",179.262,171.13685714285714,20.134285714285713,0.0,0.0,3.0317142857142856,0.00036090822012296744,179.262
stratum_6-20,merging_without_learned_judge,25,350,3500,0.0,"[0.0, 0.0]",25.0,0.0,2.0,1.8345714285714285,0.0,2.0,4.493965075484344e-05,25.0
stratum_6-20,merging_without_learned_judge,50,350,3500,0.0,"[0.0, 0.0]",50.0,0.0,4.9157142857142855,5.379714285714286,0.0,2.0,7.837055064737797e-05,50.0
stratum_6-20,merging_without_learned_judge,100,350,3500,0.0017142857142857142,"[0.0, 0.005142857142857143]",99.98314285714285,0.0,10.174285714285714,23.142857142857142,0.0,2.0028571428571427,0.00013989020910646233,99.98314285714285
stratum_6-20,merging_without_learned_judge,200,350,3500,0.545142857142857,"[0.5228571428571429, 0.5682857142857143]",187.28742857142856,0.0,24.308,63.21942857142857,0.0,2.998,0.00025776274715151105,187.28742857142856
stratum_6-20,merging_without_learned_judge,500,350,3500,0.6888571428571427,"[0.666, 0.7114285714285714]",193.88028571428572,0.0,26.175428571428572,64.73971428571429,0.0,3.0,0.00026423923910728523,193.88028571428572
stratum_6-20,merging_without_learned_judge,1500,350,3500,0.6888571428571427,"[0.6662857142857144, 0.7111428571428572]",193.88028571428572,0.0,26.175428571428572,64.73971428571429,0.0,3.0,0.0002627295782523496,193.88028571428572
stratum_6-20,single_line,25,350,3500,0.0,"[0.0, 0.0]",25.0,25.0,2.0,0.0,0.0,2.0,5.2670900576881e-05,25.0
stratum_6-20,single_line,50,350,3500,0.33314285714285713,"[0.3154214285714286, 0.35057142857142853]",43.37114285714286,40.66142857142857,3.915142857142857,0.0,0.0,3.915142857142857,8.260777672486646e-05,43.37114285714286
stratum_6-20,single_line,100,350,3500,0.6880000000000001,"[0.6659928571428572, 0.7085785714285714]",66.972,61.34142857142857,6.552,0.0,0.0,6.552,0.00012383314115660532,66.972
stratum_6-20,single_line,200,350,3500,0.8705714285714287,"[0.854857142857143, 0.8857142857142857]",88.16,80.54571428571428,8.466285714285714,0.0,0.0,8.466285714285714,0.00015829621282007012,88.16
stratum_6-20,single_line,500,350,3500,0.988,"[0.9825714285714285, 0.9925714285714285]",102.08828571428572,93.06314285714285,9.775714285714285,0.0,0.0,9.775714285714285,0.00018250163165586336,102.08828571428572
stratum_6-20,single_line,1500,350,3500,1.0,"[1.0, 1.0]",104.34885714285714,95.09285714285714,9.980571428571428,0.0,0.0,9.980571428571428,0.00018563832794981342,104.34885714285714
stratum_>20,beam,25,163,1630,0.0,"[0.0, 0.0]",25.0,19.003067484662576,2.061349693251534,5.9969325153374236,0.0,2.0,4.775587446484829e-05,25.0
stratum_>20,beam,50,163,1630,0.0,"[0.0, 0.0]",50.0,37.59877300613497,4.809815950920245,12.40122699386503,0.0,2.0,8.404394097489082e-05,50.0
stratum_>20,beam,100,163,1630,0.11779141104294479,"[0.0736196319018405, 0.16627300613496926]",99.34294478527607,63.058282208588956,9.932515337423313,36.07055214723926,0.0,2.1226993865030677,0.00014852720078515128,99.34294478527607
stratum_>20,beam,200,163,1630,0.9914110429447852,"[0.9773006134969325, 1.0]",146.82944785276072,81.60122699386503,15.012269938650308,63.1840490797546,0.0,3.0,0.00021613643281847422,146.82944785276072
stratum_>20,beam,500,163,1630,1.0,"[1.0, 1.0]",146.84294478527607,81.60122699386503,15.012269938650308,63.1840490797546,0.0,3.0,0.00021552394024250697,146.84294478527607
stratum_>20,beam,1500,163,1630,1.0,"[1.0, 1.0]",146.84294478527607,81.60122699386503,15.012269938650308,63.1840490797546,0.0,3.0,0.00021437781182991948,146.84294478527607
stratum_>20,best_first,25,163,1630,0.0,"[0.0, 0.0]",25.0,19.003067484662576,2.0,5.9969325153374236,0.0,2.0,4.641942542754799e-05,25.0
stratum_>20,best_first,50,163,1630,0.9245398773006134,"[0.8852607361963192, 0.9619631901840492]",33.99325153374233,24.198159509202455,3.3803680981595092,7.4300613496932515,0.0,3.3803680981595092,5.882128136106795e-05,33.99325153374233
stratum_>20,best_first,100,163,1630,1.0,"[1.0, 1.0]",34.665030674846626,24.552147239263803,3.4907975460122698,7.555828220858896,0.0,3.4907975460122698,5.93556205462093e-05,34.665030674846626
stratum_>20,best_first,200,163,1630,1.0,"[1.0, 1.0]",34.665030674846626,24.552147239263803,3.4907975460122698,7.555828220858896,0.0,3.4907975460122698,5.9258403610780926e-05,34.665030674846626
stratum_>20,best_first,500,163,1630,1.0,"[1.0, 1.0]",34.665030674846626,24.552147239263803,3.4907975460122698,7.555828220858896,0.0,3.4907975460122698,5.953493556636243e-05,34.665030674846626
stratum_>20,best_first,1500,163,1630,1.0,"[1.0, 1.0]",34.665030674846626,24.552147239263803,3.4907975460122698,7.555828220858896,0.0,3.4907975460122698,5.913955485162559e-05,34.665030674846626
stratum_>20,bfs,25,163,1630,0.0,"[0.0, 0.0]",25.0,0.0,2.0,5.719631901840491,0.0,2.0,4.220429830755924e-05,25.0
stratum_>20,bfs,50,163,1630,0.0,"[0.0, 0.0]",50.0,0.0,4.703067484662577,11.412883435582822,0.0,4.703067484662577,7.599881033133144e-05,50.0
stratum_>20,bfs,100,163,1630,0.04846625766871166,"[0.025766871165644172, 0.07424846625766865]",99.74478527607361,0.0,9.90920245398773,33.96687116564417,0.0,9.90920245398773,0.00013779513366474696,99.74478527607361
stratum_>20,bfs,200,163,1630,0.7141104294478527,"[0.6472239263803682, 0.7791411042944786]",162.76073619631902,0.0,18.706748466257668,69.5920245398773,0.0,18.706748466257668,0.00021474426326576187,162.76073619631902
stratum_>20,bfs,500,163,1630,0.9993865030674847,"[0.9981595092024539, 1.0]",179.66932515337425,0.0,22.97239263803681,77.45276073619632,0.0,22.97239263803681,0.0002362822119626531,179.66932515337425
stratum_>20,bfs,1500,163,1630,1.0,"[1.0, 1.0]",179.7,0.0,22.98159509202454,77.46871165644171,0.0,22.98159509202454,0.00023547471358092284,179.7
stratum_>20,factorial_m0j0s0,25,163,1630,0.0,"[0.0, 0.0]",25.0,0.0,2.0,0.0,0.0,2.0,5.159634822533906e-05,25.0
stratum_>20,factorial_m0j0s0,50,163,1630,0.294478527607362,"[0.2699386503067485, 0.3196319018404908]",46.80429447852761,0.0,5.2245398773006135,0.0,0.0,5.2245398773006135,8.827774768318135e-05,46.80429447852761
stratum_>20,factorial_m0j0s0,100,163,1630,0.7760736196319018,"[0.750920245398773, 0.803680981595092]",67.3760736196319,0.0,9.259509202453987,0.0,0.0,9.259509202453987,0.00012121545150876046,67.3760736196319
stratum_>20,factorial_m0j0s0,200,163,1630,0.9865030674846627,"[0.9785276073619632, 0.9932515337423313]",74.80429447852761,0.0,10.999386503067484,0.0,0.0,10.999386503067484,0.0001314362282493363,74.80429447852761
stratum_>20,factorial_m0j0s0,500,163,1630,0.9920245398773005,"[0.9858895705521473, 0.9969325153374233]",75.13067484662577,0.0,11.084662576687117,0.0,0.0,11.084662576687117,0.00013124862388690556,75.13067484662577
stratum_>20,factorial_m0j0s0,1500,163,1630,0.9920245398773005,"[0.9858895705521472, 0.9969325153374233]",75.13067484662577,0.0,11.084662576687117,0.0,0.0,11.084662576687117,0.00013047673288115694,75.13067484662577
stratum_>20,factorial_m0j0s1,25,163,1630,0.0,"[0.0, 0.0]",25.0,0.0,2.0276073619631902,0.0,0.0,2.0,4.477615073963177e-05,25.0
stratum_>20,factorial_m0j0s1,50,163,1630,0.0,"[0.0, 0.0]",50.0,0.0,4.785276073619632,0.0,0.0,2.0,7.732728427630261e-05,50.0
stratum_>20,factorial_m0j0s1,100,163,1630,0.0,"[0.0, 0.0]",100.0,0.0,9.917177914110429,0.0,0.0,2.0,0.00014142435432577425,100.0
stratum_>20,factorial_m0j0s1,200,163,1630,0.7656441717791411,"[0.7269938650306749, 0.803680981595092]",186.7079754601227,0.0,21.632515337423314,0.0,0.0,2.989570552147239,0.00027903849544700667,186.7079754601227
stratum_>20,factorial_m0j0s1,500,163,1630,0.9496932515337424,"[0.9368098159509202, 0.9619631901840492]",190.45276073619632,0.0,22.68159509202454,0.0,0.0,3.0,0.00027934915837517547,190.45276073619632
stratum_>20,factorial_m0j0s1,1500,163,1630,0.9496932515337424,"[0.9368098159509204, 0.9619631901840492]",190.45276073619632,0.0,22.68159509202454,0.0,0.0,3.0,0.00027745005337555717,190.45276073619632
stratum_>20,factorial_m0j1s0,25,163,1630,0.0,"[0.0, 0.0]",25.0,25.0,2.0,0.0,3.6263803680981597,2.0,5.326837049854314e-05,25.0
stratum_>20,factorial_m0j1s0,50,163,1630,0.9165644171779141,"[0.873558282208589, 0.9595092024539877]",34.06625766871166,31.619631901840492,3.392638036809816,0.0,7.0846625766871165,3.392638036809816,6.988202764486974e-05,34.06625766871166
stratum_>20,factorial_m0j1s0,100,163,1630,1.0,"[1.0, 1.0]",34.966257668711656,32.25766871165644,3.5337423312883436,0.0,7.374233128834356,3.5337423312883436,7.103857715711272e-05,34.966257668711656
stratum_>20,factorial_m0j1s0,200,163,1630,1.0,"[1.0, 1.0]",34.966257668711656,32.25766871165644,3.5337423312883436,0.0,7.374233128834356,3.5337423312883436,7.078053852531807e-05,34.966257668711656
stratum_>20,factorial_m0j1s0,500,163,1630,1.0,"[1.0, 1.0]",34.966257668711656,32.25766871165644,3.5337423312883436,0.0,7.374233128834356,3.5337423312883436,7.099969015439596e-05,34.966257668711656
stratum_>20,factorial_m0j1s0,1500,163,1630,1.0,"[1.0, 1.0]",34.966257668711656,32.25766871165644,3.5337423312883436,0.0,7.374233128834356,3.5337423312883436,7.05380381250674e-05,34.966257668711656
stratum_>20,factorial_m0j1s1,25,163,1630,0.0,"[0.0, 0.0]",25.0,25.0,2.061349693251534,0.0,3.6263803680981597,2.0,5.063657117493314e-05,25.0
stratum_>20,factorial_m0j1s1,50,163,1630,0.0,"[0.0, 0.0]",50.0,50.0,4.791411042944786,0.0,17.46073619631902,2.0,9.027260064255972e-05,50.0
stratum_>20,factorial_m0j1s1,100,163,1630,0.0,"[0.0, 0.0]",100.0,100.0,10.0,0.0,48.405521472392635,2.0,0.00016871068820905832,100.0
stratum_>20,factorial_m0j1s1,200,163,1630,0.9815950920245399,"[0.9570552147239264, 1.0]",173.36687116564417,171.31901840490798,17.932515337423315,0.0,98.10306748466257,2.9877300613496933,0.0002909010287625658,173.36687116564417
stratum_>20,factorial_m0j1s1,500,163,1630,1.0,"[1.0, 1.0]",173.42453987730062,171.33128834355827,17.950920245398773,0.0,98.11042944785277,3.0,0.0002905244859038321,173.42453987730062
stratum_>20,factorial_m0j1s1,1500,163,1630,1.0,"[1.0, 1.0]",173.42453987730062,171.33128834355827,17.950920245398773,0.0,98.11042944785277,3.0,0.0002889788252490064,173.42453987730062
stratum_>20,factorial_m1j0s0,25,163,1630,0.0,"[0.0, 0.0]",25.0,0.0,2.0,5.7607361963190185,0.0,2.0,4.3932538182457535e-05,25.0
stratum_>20,factorial_m1j0s0,50,163,1630,0.3067484662576687,"[0.2828220858895706, 0.33067484662576685]",46.29754601226994,0.0,5.429447852760736,9.31840490797546,0.0,5.429447852760736,8.071240300506902e-05,46.29754601226994
stratum_>20,factorial_m1j0s0,100,163,1630,0.747239263803681,"[0.7220858895705522, 0.7724079754601226]",69.11656441717791,0.0,9.942331288343558,15.332515337423313,0.0,9.942331288343558,0.00011562180585382175,69.11656441717791
stratum_>20,factorial_m1j0s0,200,163,1630,0.9766871165644173,"[0.9680981595092025, 0.9840644171779143]",77.42576687116565,0.0,11.875460122699387,18.314110429447855,0.0,11.875460122699387,0.00012682593867548405,77.42576687116565
stratum_>20,factorial_m1j0s0,500,163,1630,0.9822085889570553,"[0.9754601226993866, 0.9883435582822085]",77.72085889570552,0.0,11.949693251533743,18.45153374233129,0.0,11.949693251533743,0.00012677722250574206,77.72085889570552
stratum_>20,factorial_m1j0s0,1500,163,1630,0.9822085889570553,"[0.976073619631902, 0.9883435582822088]",77.72085889570552,0.0,11.949693251533743,18.45153374233129,0.0,11.949693251533743,0.0001258991304442195,77.72085889570552
stratum_>20,factorial_m1j0s1,25,163,1630,0.0,"[0.0, 0.0]",25.0,0.0,2.01840490797546,5.7607361963190185,0.0,2.0,4.308898390436465e-05,25.0
stratum_>20,factorial_m1j0s1,50,163,1630,0.0,"[0.0, 0.0]",50.0,0.0,4.795092024539877,11.93680981595092,0.0,2.0,7.528181822022046e-05,50.0
stratum_>20,factorial_m1j0s1,100,163,1630,0.03742331288343559,"[0.018404907975460124, 0.05889570552147239]",99.77546012269939,0.0,10.030061349693252,34.20674846625767,0.0,2.1226993865030677,0.00013475383751871396,99.77546012269939
stratum_>20,factorial_m1j0s1,200,163,1630,0.7552147239263803,"[0.7190184049079755, 0.7914110429447853]",165.2159509202454,0.0,20.712269938650305,64.80920245398774,0.0,2.9950920245398773,0.00022079181326039,165.2159509202454
stratum_>20,factorial_m1j0s1,500,163,1630,0.8644171779141107,"[0.8460122699386503, 0.88159509202454]",168.68711656441718,0.0,21.677300613496932,65.46687116564418,0.0,3.0,0.00022372649925435248,168.68711656441718
stratum_>20,factorial_m1j0s1,1500,163,1630,0.8644171779141107,"[0.8460122699386505, 0.8822085889570553]",168.68711656441718,0.0,21.677300613496932,65.46687116564418,0.0,3.0,0.00022221985244495006,168.68711656441718
stratum_>20,factorial_m1j1s0,25,163,1630,0.0,"[0.0, 0.0]",25.0,19.003067484662576,2.0,5.9969325153374236,3.330674846625767,2.0,4.7935087210927276e-05,25.0
stratum_>20,factorial_m1j1s0,50,163,1630,0.9245398773006134,"[0.8834355828220859, 0.9613650306748465]",33.99325153374233,24.198159509202455,3.3803680981595092,7.4300613496932515,6.424539877300614,3.3803680981595092,6.162358013673062e-05,33.99325153374233
stratum_>20,factorial_m1j1s0,100,163,1630,1.0,"[1.0, 1.0]",34.665030674846626,24.552147239263803,3.4907975460122698,7.555828220858896,6.58282208588957,3.4907975460122698,6.241069512407472e-05,34.665030674846626
stratum_>20,factorial_m1j1s0,200,163,1630,1.0,"[1.0, 1.0]",34.665030674846626,24.552147239263803,3.4907975460122698,7.555828220858896,6.58282208588957,3.4907975460122698,6.220606412807126e-05,34.665030674846626
stratum_>20,factorial_m1j1s0,500,163,1630,1.0,"[1.0, 1.0]",34.665030674846626,24.552147239263803,3.4907975460122698,7.555828220858896,6.58282208588957,3.4907975460122698,6.24004431480279e-05,34.665030674846626
stratum_>20,factorial_m1j1s0,1500,163,1630,1.0,"[1.0, 1.0]",34.665030674846626,24.552147239263803,3.4907975460122698,7.555828220858896,6.58282208588957,3.4907975460122698,6.19920821963278e-05,34.665030674846626
stratum_>20,factorial_m1j1s1,25,163,1630,0.0,"[0.0, 0.0]",25.0,19.003067484662576,2.061349693251534,5.9969325153374236,3.330674846625767,2.0,4.78199168902599e-05,25.0
stratum_>20,factorial_m1j1s1,50,163,1630,0.0,"[0.0, 0.0]",50.0,37.59877300613497,4.803680981595092,12.40122699386503,15.38036809815951,2.0,8.518436089432312e-05,50.0
stratum_>20,factorial_m1j1s1,100,163,1630,0.11901840490797545,"[0.07360429447852761, 0.17116564417177912]",98.7957055214724,62.90490797546012,9.865030674846626,35.65950920245399,35.21042944785276,2.1226993865030677,0.0001503970708263798,98.7957055214724
stratum_>20,factorial_m1j1s1,200,163,1630,0.9914110429447852,"[0.9773006134969325, 1.0]",141.00674846625768,79.80981595092024,14.43558282208589,59.14110429447853,49.65644171779141,3.0,0.00020609879580560638,141.00674846625768
stratum_>20,factorial_m1j1s1,500,163,1630,1.0,"[1.0, 1.0]",141.020245398773,79.80981595092024,14.43558282208589,59.14110429447853,49.65644171779141,3.0,0.00020593107546582545,141.020245398773
stratum_>20,factorial_m1j1s1,1500,163,1630,1.0,"[1.0, 1.0]",141.020245398773,79.80981595092024,14.43558282208589,59.14110429447853,49.65644171779141,3.0,0.0002049172268551917,141.020245398773
stratum_>20,frontier_without_merging,25,163,1630,0.0,"[0.0, 0.0]",25.0,25.0,2.061349693251534,0.0,3.6263803680981597,2.0,5.078683407303014e-05,25.0
stratum_>20,frontier_without_merging,50,163,1630,0.0,"[0.0, 0.0]",50.0,50.0,4.791411042944786,0.0,17.46073619631902,2.0,9.040808293717039e-05,50.0
stratum_>20,frontier_without_merging,100,163,1630,0.0,"[0.0, 0.0]",100.0,100.0,10.0,0.0,48.405521472392635,2.0,0.0001687216915281638,100.0
stratum_>20,frontier_without_merging,200,163,1630,0.9815950920245399,"[0.9570552147239264, 1.0]",173.36687116564417,171.31901840490798,17.932515337423315,0.0,98.10306748466257,2.9877300613496933,0.00029101556944060913,173.36687116564417
stratum_>20,frontier_without_merging,500,163,1630,1.0,"[1.0, 1.0]",173.42453987730062,171.33128834355827,17.950920245398773,0.0,98.11042944785277,3.0,0.00029058808209431685,173.42453987730062
stratum_>20,frontier_without_merging,1500,163,1630,1.0,"[1.0, 1.0]",173.42453987730062,171.33128834355827,17.950920245398773,0.0,98.11042944785277,3.0,0.00028925315516949434,173.42453987730062
stratum_>20,full_interference_search,25,163,1630,0.0,"[0.0, 0.0]",25.0,19.003067484662576,2.061349693251534,5.9969325153374236,3.330674846625767,2.0,4.798956558199748e-05,25.0
stratum_>20,full_interference_search,50,163,1630,0.0,"[0.0, 0.0]",50.0,37.59877300613497,4.803680981595092,12.40122699386503,15.38036809815951,2.0,8.537692583503168e-05,50.0
stratum_>20,full_interference_search,100,163,1630,0.11901840490797545,"[0.0705521472392638, 0.16809815950920245]",98.7957055214724,62.90490797546012,9.865030674846626,35.65950920245399,35.21042944785276,2.1226993865030677,0.00015046945401678787,98.7957055214724
stratum_>20,full_interference_search,200,163,1630,0.9914110429447852,"[0.9773006134969325, 1.0]",141.00674846625768,79.80981595092024,14.43558282208589,59.14110429447853,49.65644171779141,3.0,0.00020623579335633232,141.00674846625768
stratum_>20,full_interference_search,500,163,1630,1.0,"[1.0, 1.0]",141.020245398773,79.80981595092024,14.43558282208589,59.14110429447853,49.65644171779141,3.0,0.00020595775414372514,141.020245398773
stratum_>20,full_interference_search,1500,163,1630,1.0,"[1.0, 1.0]",141.020245398773,79.80981595092024,14.43558282208589,59.14110429447853,49.65644171779141,3.0,0.00020503529456038417,141.020245398773
stratum_>20,hand_bound_frontier,25,163,1630,0.0,"[0.0, 0.0]",25.0,0.0,2.01840490797546,5.754601226993865,0.4601226993865031,2.0,5.151070825801305e-05,25.0
stratum_>20,hand_bound_frontier,50,163,1630,0.0,"[0.0, 0.0]",50.0,0.0,4.795705521472392,11.888343558282209,1.703680981595092,2.0,9.042795438982227e-05,50.0
stratum_>20,hand_bound_frontier,100,163,1630,0.05521472392638037,"[0.029432515337423307, 0.08467791411042938]",99.6239263803681,0.0,10.042331288343558,33.83251533742331,3.1067484662576685,2.128834355828221,0.00015968909441419174,99.6239263803681
stratum_>20,hand_bound_frontier,200,163,1630,0.7699386503067485,"[0.7312730061349693, 0.8098312883435584]",163.49815950920245,0.0,20.283435582822086,63.854601226993864,3.6969325153374233,2.9950920245398773,0.00024991777719804117,163.49815950920245
stratum_>20,hand_bound_frontier,500,163,1630,0.8785276073619633,"[0.8588957055214724, 0.8957055214723927]",166.85582822085888,0.0,21.21288343558282,64.4760736196319,3.6969325153374233,3.0,0.00025281172725686267,166.85582822085888
stratum_>20,hand_bound_frontier,1500,163,1630,0.8785276073619633,"[0.8582822085889573, 0.8963190184049081]",166.85582822085888,0.0,21.21288343558282,64.4760736196319,3.6969325153374233,3.0,0.000251618118533876,166.85582822085888
stratum_>20,independent_parallel,25,163,1630,0.0,"[0.0, 0.0]",25.0,25.0,2.017791411042945,0.0,0.0,2.0,8.074386913809309e-05,25.0
stratum_>20,independent_parallel,50,163,1630,0.0,"[0.0, 0.0]",50.0,50.0,4.8276073619631905,0.0,0.0,2.0,0.00011928089682949833,50.0
stratum_>20,independent_parallel,100,163,1630,0.0,"[0.0, 0.0]",100.0,100.0,9.98036809815951,0.0,0.0,2.0,0.00019427158875516586,100.0
stratum_>20,independent_parallel,200,163,1630,0.9656441717791412,"[0.9423312883435584, 0.9852760736196319]",176.4,172.38895705521472,18.622085889570553,0.0,0.0,2.9920245398773004,0.00035438128501359673,176.4
stratum_>20,independent_parallel,500,163,1630,1.0,"[1.0, 1.0]",176.80306748466256,172.5110429447853,18.7079754601227,0.0,0.0,3.0018404907975462,0.0003543815872649108,176.80306748466256
stratum_>20,independent_parallel,1500,163,1630,1.0,"[1.0, 1.0]",176.80306748466256,172.5110429447853,18.7079754601227,0.0,0.0,3.0018404907975462,0.0003530223511068002,176.80306748466256
stratum_>20,merging_without_learned_judge,25,163,1630,0.0,"[0.0, 0.0]",25.0,0.0,2.01840490797546,5.7607361963190185,0.0,2.0,4.335825097250061e-05,25.0
stratum_>20,merging_without_learned_judge,50,163,1630,0.0,"[0.0, 0.0]",50.0,0.0,4.795092024539877,11.93680981595092,0.0,2.0,7.558819877863661e-05,50.0
stratum_>20,merging_without_learned_judge,100,163,1630,0.03742331288343559,"[0.018404907975460124, 0.059509202453987727]",99.77546012269939,0.0,10.030061349693252,34.20674846625767,0.0,2.1226993865030677,0.00013500717097173439,99.77546012269939
stratum_>20,merging_without_learned_judge,200,163,1630,0.7552147239263803,"[0.7171779141104295, 0.7932515337423314]",165.2159509202454,0.0,20.712269938650305,64.80920245398774,0.0,2.9950920245398773,0.0002212610341425688,165.2159509202454
stratum_>20,merging_without_learned_judge,500,163,1630,0.8644171779141107,"[0.8466257668711656, 0.8840490797546013]",168.68711656441718,0.0,21.677300613496932,65.46687116564418,0.0,3.0,0.0002243538855637875,168.68711656441718
stratum_>20,merging_without_learned_judge,1500,163,1630,0.8644171779141107,"[0.8453987730061351, 0.8809815950920247]",168.68711656441718,0.0,21.677300613496932,65.46687116564418,0.0,3.0,0.00022279750898571835,168.68711656441718
stratum_>20,single_line,25,163,1630,0.0,"[0.0, 0.0]",25.0,25.0,2.0,0.0,0.0,2.0,5.209010002986054e-05,25.0
stratum_>20,single_line,50,163,1630,0.6282208588957056,"[0.5907975460122699, 0.6644171779141105]",37.9601226993865,35.45889570552147,3.457055214723926,0.0,0.0,3.457055214723926,7.204905700829862e-05,37.9601226993865
stratum_>20,single_line,100,163,1630,0.877914110429448,"[0.8533742331288345, 0.9030674846625766]",48.91165644171779,45.10674846625767,4.662576687116564,0.0,0.0,4.662576687116564,9.044323722186264e-05,48.91165644171779
stratum_>20,single_line,200,163,1630,0.9748466257668712,"[0.9644171779141104, 0.9846625766871165]",55.420245398773005,50.95030674846626,5.244785276073619,0.0,0.0,5.244785276073619,0.0001006902149804165,55.420245398773005
stratum_>20,single_line,500,163,1630,1.0,"[1.0, 1.0]",57.392638036809814,52.709815950920245,5.429447852760736,0.0,0.0,5.429447852760736,0.00010410307512327205,57.392638036809814
stratum_>20,single_line,1500,163,1630,1.0,"[1.0, 1.0]",57.392638036809814,52.709815950920245,5.429447852760736,0.0,0.0,5.429447852760736,0.00010356297830771084,57.392638036809814
