cohort,method,budget,problems,trials,solve_rate,problem_cluster_ci95,states_proposed_mean,states_judged_mean,states_expanded_mean,states_merged_mean,states_pruned_mean,sequential_rounds_mean,wall_seconds_mean,work_used_mean
all,beam,25,1000,10000,0.0,"[0.0, 0.0]",19.043,4.957,1.0,1.779,0.0,1.0,2.9763120133429767e-05,25.0
all,beam,50,1000,10000,0.0,"[0.0, 0.0]",28.205,19.736,2.059,2.3299,0.0,2.0,5.009439205750823e-05,50.0
all,beam,100,1000,10000,0.0,"[0.0, 0.0]",52.615,42.498,4.887,6.7279,0.0,2.0,8.827079078182578e-05,100.0
all,beam,200,1000,10000,0.031,"[0.021, 0.043]",110.2321,77.388,11.025,30.6267,0.0,2.031,0.00016691658031195403,198.6451
all,beam,500,1000,10000,0.989,"[0.982, 0.995]",165.811,101.909,17.56,60.7869,0.0,3.0,0.00025191696686670186,285.28
all,beam,1500,1000,10000,0.989,"[0.982, 0.995]",165.811,101.909,17.56,60.7869,0.0,3.0,0.0002502405107021332,285.28
all,best_first,25,1000,10000,0.0,"[0.0, 0.0]",19.043,4.957,1.0,1.779,0.0,1.0,2.960069328546524e-05,25.0
all,best_first,50,1000,10000,0.017,"[0.009699999999999999, 0.025002499999999987]",28.1258,19.735,2.059,2.3052,0.0,2.059,4.8931376542896035e-05,49.9198
all,best_first,100,1000,10000,0.6984,"[0.6695949999999999, 0.7278025]",39.9151,33.116,3.995,3.6981,0.0,3.995,7.064639506861568e-05,77.0261
all,best_first,200,1000,10000,0.8976000000000001,"[0.8787999999999999, 0.9157025000000001]",49.8722,40.088,5.237,6.6288,0.0,5.237,8.560889661312103e-05,95.1972
all,best_first,500,1000,10000,1.0,"[1.0, 1.0]",54.4656,42.075,5.85,8.9051,0.0,5.85,9.21448833309114e-05,102.3906
all,best_first,1500,1000,10000,1.0,"[1.0, 1.0]",54.4656,42.075,5.85,8.9051,0.0,5.85,9.166352404281497e-05,102.3906
all,bfs,25,1000,10000,0.0,"[0.0, 0.0]",23.004,0.0,1.996,1.8223,0.0,1.996,4.1532028373330833e-05,25.0
all,bfs,50,1000,10000,0.0,"[0.0, 0.0]",45.7918,0.0,4.2082,4.3689,0.0,4.2082,7.144297566264868e-05,50.0
all,bfs,100,1000,10000,0.002,"[0.0004, 0.0041]",90.9676,0.0,9.0219,19.0342,0.0,9.0219,0.00013013818431645632,99.9895
all,bfs,200,1000,10000,0.1345,"[0.11630000000000001, 0.15230000000000002]",175.9541,0.0,19.0824,66.2181,0.0,19.0824,0.0002352837416343391,195.0365
all,bfs,500,1000,10000,0.8637,"[0.8503000000000001, 0.8762025000000001]",274.5162,0.0,47.715,110.8272,0.0,47.715,0.0003666021798737347,322.2312
all,bfs,1500,1000,10000,1.0,"[1.0, 1.0]",282.7148,0.0,50.2704,115.1658,0.0,50.2704,0.0003769931460730731,332.9852
all,factorial_m0j0s0,25,1000,10000,0.0,"[0.0, 0.0]",23.004,0.0,1.996,0.0,0.0,1.996,4.9185014422982934e-05,25.0
all,factorial_m0j0s0,50,1000,10000,0.09,"[0.08259999999999999, 0.0974]",44.128,0.0,5.1035,0.0,0.0,5.1035,8.499932168051601e-05,49.2315
all,factorial_m0j0s0,100,1000,10000,0.3107,"[0.2935975, 0.32919999999999994]",77.3163,0.0,11.4249,0.0,0.0,11.4249,0.00013791667483747006,88.7412
all,factorial_m0j0s0,200,1000,10000,0.5603,"[0.5388974999999999, 0.5807025]",121.6187,0.0,21.9945,0.0,0.0,21.9945,0.0002043562078848481,143.6132
all,factorial_m0j0s0,500,1000,10000,0.6567999999999999,"[0.6363975, 0.676805]",141.1958,0.0,27.4423,0.0,0.0,27.4423,0.00023037186106666921,168.6381
all,factorial_m0j0s0,1500,1000,10000,0.6567999999999999,"[0.6375000000000001, 0.6766025]",141.1958,0.0,27.4423,0.0,0.0,27.4423,0.00022899575419723988,168.6381
all,factorial_m0j0s1,25,1000,10000,0.0,"[0.0, 0.0]",23.004,0.0,1.996,0.0,0.0,1.996,4.271597219631076e-05,25.0
all,factorial_m0j0s1,50,1000,10000,0.0,"[0.0, 0.0]",45.794,0.0,4.206,0.0,0.0,2.0,7.047366797924042e-05,50.0
all,factorial_m0j0s1,100,1000,10000,0.0,"[0.0, 0.0]",90.9752,0.0,9.0248,0.0,0.0,2.0,0.0001281804914586246,100.0
all,factorial_m0j0s1,200,1000,10000,0.157,"[0.14529750000000002, 0.1693]",178.723,0.0,20.0799,0.0,0.0,2.929,0.00026572259925305845,198.8029
all,factorial_m0j0s1,500,1000,10000,0.5032,"[0.4817975, 0.5259050000000001]",205.7106,0.0,28.2386,0.0,0.0,3.0,0.0002968443744815886,233.9492
all,factorial_m0j0s1,1500,1000,10000,0.5032,"[0.482, 0.5244]",205.7106,0.0,28.2386,0.0,0.0,3.0,0.00029497016202658413,233.9492
all,factorial_m0j1s0,25,1000,10000,0.0,"[0.0, 0.0]",19.043,4.957,1.0,0.0,0.4519,1.0,2.902475446462631e-05,25.0
all,factorial_m0j1s0,50,1000,10000,0.0,"[0.0, 0.0]",27.724,20.276,2.0,0.0,2.5038,2.0,5.0781840551644564e-05,50.0
all,factorial_m0j1s0,100,1000,10000,0.663,"[0.6339975, 0.6915049999999999]",39.3244,36.094,3.929,0.0,14.3633,3.929,7.65117546543479e-05,79.3474
all,factorial_m0j1s0,200,1000,10000,0.8613,"[0.839, 0.8815074999999999]",49.5718,45.764,5.217,0.0,22.8464,5.217,9.350725021213293e-05,100.5528
all,factorial_m0j1s0,500,1000,10000,0.979,"[0.969, 0.988]",55.9931,51.507,6.153,0.0,28.006,6.153,0.00010437139319255948,113.6531
all,factorial_m0j1s0,1500,1000,10000,0.98,"[0.971, 0.988]",56.014,51.507,6.158,0.0,28.006,6.158,0.00010385481547564269,113.679
all,factorial_m0j1s1,25,1000,10000,0.0,"[0.0, 0.0]",19.043,4.957,1.0,0.0,0.4519,1.0,2.9016365855932234e-05,25.0
all,factorial_m0j1s1,50,1000,10000,0.0,"[0.0, 0.0]",27.724,20.276,2.0,0.0,2.5038,2.0,4.885739861056209e-05,50.0
all,factorial_m0j1s1,100,1000,10000,0.0,"[0.0, 0.0]",49.273,46.121,4.606,0.0,21.6776,2.0,8.68213353678584e-05,100.0
all,factorial_m0j1s1,200,1000,10000,0.001,"[0.0, 0.003]",97.5591,92.723,9.682,0.0,58.8698,2.001,0.0001621993367560208,199.9641
all,factorial_m0j1s1,500,1000,10000,0.979,"[0.97, 0.988]",170.7471,167.266,18.127,0.0,122.65,2.995,0.0002869999825954437,356.1401
all,factorial_m0j1s1,1500,1000,10000,0.979,"[0.97, 0.988]",170.7471,167.266,18.127,0.0,122.65,2.995,0.0002858290865086019,356.1401
all,factorial_m1j0s0,25,1000,10000,0.0,"[0.0, 0.0]",23.004,0.0,1.996,1.8231,0.0,1.996,4.502541311085224e-05,25.0
all,factorial_m1j0s0,50,1000,10000,0.09559999999999999,"[0.0878975, 0.1039]",43.996,0.0,5.1476,3.7718,0.0,5.1476,8.246133578941226e-05,49.1436
all,factorial_m1j0s0,100,1000,10000,0.3013,"[0.2841, 0.31860000000000005]",77.5974,0.0,11.449,10.2007,0.0,11.449,0.000136197698302567,89.0464
all,factorial_m1j0s0,200,1000,10000,0.5861000000000001,"[0.5666975000000001, 0.60621]",121.3637,0.0,21.6392,24.4789,0.0,21.6392,0.00019916165051981808,143.0029
all,factorial_m1j0s0,500,1000,10000,0.6688,"[0.65, 0.6874025000000001]",134.5496,0.0,25.3192,30.4846,0.0,25.3192,0.00021622487176209689,159.8688
all,factorial_m1j0s0,1500,1000,10000,0.6688,"[0.6502975, 0.6871025000000002]",134.5496,0.0,25.3192,30.4846,0.0,25.3192,0.0002150419821962714,159.8688
all,factorial_m1j0s1,25,1000,10000,0.0,"[0.0, 0.0]",23.004,0.0,1.996,1.8231,0.0,1.996,4.262039363384247e-05,25.0
all,factorial_m1j0s1,50,1000,10000,0.0,"[0.0, 0.0]",45.7955,0.0,4.2045,4.6102,0.0,2.0,7.067508827894927e-05,50.0
all,factorial_m1j0s1,100,1000,10000,0.0023000000000000004,"[0.0006, 0.0045]",90.9576,0.0,9.032,19.2227,0.0,2.006,0.00012629700377583505,99.9896
all,factorial_m1j0s1,200,1000,10000,0.2155,"[0.19800000000000004, 0.232505]",174.4721,0.0,20.3092,60.3833,0.0,2.9575,0.0002381727441214025,194.7813
all,factorial_m1j0s1,500,1000,10000,0.49660000000000004,"[0.4781, 0.5165]",199.0868,0.0,27.7652,64.7004,0.0,3.0,0.00026713831797242166,226.852
all,factorial_m1j0s1,1500,1000,10000,0.49660000000000004,"[0.4775, 0.5166000000000001]",199.0868,0.0,27.7652,64.7004,0.0,3.0,0.00026571270534768703,226.852
all,factorial_m1j1s0,25,1000,10000,0.0,"[0.0, 0.0]",19.043,4.957,1.0,1.779,0.4581,1.0,2.9679280612617732e-05,25.0
all,factorial_m1j1s0,50,1000,10000,0.017,"[0.009397500000000001, 0.025299999999999996]",28.1258,19.735,2.059,2.3052,3.2457,2.059,5.10615480132401e-05,49.9198
all,factorial_m1j1s0,100,1000,10000,0.6984,"[0.67, 0.7262000000000001]",39.9151,33.116,3.995,3.6981,13.541,3.995,7.510985881090164e-05,77.0261
all,factorial_m1j1s0,200,1000,10000,0.8976000000000001,"[0.8789, 0.9161025]",49.8722,40.088,5.237,6.6288,19.7155,5.237,9.036858649924397e-05,95.1972
all,factorial_m1j1s0,500,1000,10000,0.983,"[0.974, 0.99]",53.8545,41.876,5.77,8.5466,21.312,5.77,9.598719030618668e-05,101.5005
all,factorial_m1j1s0,1500,1000,10000,0.983,"[0.974, 0.991]",53.8545,41.876,5.77,8.5466,21.312,5.77,9.54386968165636e-05,101.5005
all,factorial_m1j1s1,25,1000,10000,0.0,"[0.0, 0.0]",19.043,4.957,1.0,1.779,0.4581,1.0,2.9734092019498348e-05,25.0
all,factorial_m1j1s1,50,1000,10000,0.0,"[0.0, 0.0]",28.205,19.736,2.059,2.3299,3.2461,2.0,5.0048312917351725e-05,50.0
all,factorial_m1j1s1,100,1000,10000,0.001,"[0.0, 0.003]",52.5997,42.496,4.886,6.7178,20.9889,2.001,8.983894353732466e-05,99.9817
all,factorial_m1j1s1,200,1000,10000,0.0626,"[0.0476, 0.07859999999999999]",109.7851,77.293,10.999,30.2789,51.586,2.063,0.00017071788311004638,198.0771
all,factorial_m1j1s1,500,1000,10000,0.986,"[0.9789749999999999, 0.993]",160.1046,99.887,16.882,57.4381,72.458,2.995,0.00024031153321266174,276.8736
all,factorial_m1j1s1,1500,1000,10000,0.986,"[0.978, 0.993]",160.1046,99.887,16.882,57.4381,72.458,2.995,0.00023927054284140467,276.8736
all,frontier_without_merging,25,1000,10000,0.0,"[0.0, 0.0]",19.043,4.957,1.0,0.0,0.4519,1.0,2.9058900848031044e-05,25.0
all,frontier_without_merging,50,1000,10000,0.0,"[0.0, 0.0]",27.724,20.276,2.0,0.0,2.5038,2.0,4.8964226339012386e-05,50.0
all,frontier_without_merging,100,1000,10000,0.0,"[0.0, 0.0]",49.273,46.121,4.606,0.0,21.6776,2.0,8.689125478267669e-05,100.0
all,frontier_without_merging,200,1000,10000,0.001,"[0.0, 0.003]",97.5591,92.723,9.682,0.0,58.8698,2.001,0.00016228345381096005,199.9641
all,frontier_without_merging,500,1000,10000,0.979,"[0.97, 0.987]",170.7471,167.266,18.127,0.0,122.65,2.995,0.0002871711422689259,356.1401
all,frontier_without_merging,1500,1000,10000,0.979,"[0.969, 0.987]",170.7471,167.266,18.127,0.0,122.65,2.995,0.0002861274583265185,356.1401
all,full_interference_search,25,1000,10000,0.0,"[0.0, 0.0]",19.043,4.957,1.0,1.779,0.4581,1.0,2.9824395291507244e-05,25.0
all,full_interference_search,50,1000,10000,0.0,"[0.0, 0.0]",28.205,19.736,2.059,2.3299,3.2461,2.0,5.016395933926105e-05,50.0
all,full_interference_search,100,1000,10000,0.001,"[0.0, 0.003]",52.5997,42.496,4.886,6.7178,20.9889,2.001,8.993154875934123e-05,99.9817
all,full_interference_search,200,1000,10000,0.0626,"[0.04759000000000001, 0.07800499999999998]",109.7851,77.293,10.999,30.2789,51.586,2.063,0.00017077406914904714,198.0771
all,full_interference_search,500,1000,10000,0.986,"[0.979, 0.993]",160.1046,99.887,16.882,57.4381,72.458,2.995,0.00024027437074109913,276.8736
all,full_interference_search,1500,1000,10000,0.986,"[0.9789749999999999, 0.993]",160.1046,99.887,16.882,57.4381,72.458,2.995,0.0002393122830428183,276.8736
all,hand_bound_frontier,25,1000,10000,0.0,"[0.0, 0.0]",23.004,0.0,1.996,1.8203,0.6111,1.996,5.200888188555837e-05,25.0
all,hand_bound_frontier,50,1000,10000,0.0,"[0.0, 0.0]",45.7958,0.0,4.2042,4.5824,2.7336,2.0,8.747712355107069e-05,50.0
all,hand_bound_frontier,100,1000,10000,0.004300000000000001,"[0.0019, 0.007302499999999987]",90.944,0.0,9.0375,19.1148,5.9006,2.012,0.00015503169847652315,99.9815
all,hand_bound_frontier,200,1000,10000,0.2358,"[0.21800000000000003, 0.25390499999999994]",173.6695,0.0,20.2627,59.481,8.5996,2.9602,0.0002765442252159119,193.9322
all,hand_bound_frontier,500,1000,10000,0.5290999999999999,"[0.5100975, 0.5482]",197.068,0.0,27.3608,63.3247,8.6115,3.0,0.0003043382567353547,224.4288
all,hand_bound_frontier,1500,1000,10000,0.5290999999999999,"[0.509595, 0.5478025]",197.068,0.0,27.3608,63.3247,8.6115,3.0,0.00030300821708515287,224.4288
all,independent_parallel,25,1000,10000,0.0,"[0.0, 0.0]",19.043,4.957,1.0,0.0,0.0,1.0,2.9095731116831303e-05,25.0
all,independent_parallel,50,1000,10000,0.0,"[0.0, 0.0]",27.6509,20.3491,2.0,0.0,0.0,2.0,7.850777730345726e-05,50.0
all,independent_parallel,100,1000,10000,0.0,"[0.0, 0.0]",49.238,46.1188,4.6432,0.0,0.0,2.0,0.00011493362858891487,100.0
all,independent_parallel,200,1000,10000,0.0,"[0.0, 0.0]",97.5783,92.7405,9.6812,0.0,0.0,2.0,0.00018682881221175195,200.0
all,independent_parallel,500,1000,10000,0.9622,"[0.9544000000000001, 0.9693999999999999]",184.539,171.35,21.6069,0.0,0.0,3.0716,0.0003691759534180164,377.4959
all,independent_parallel,1500,1000,10000,0.9938,"[0.9910974999999999, 0.996]",194.2209,179.549,22.9357,0.0,0.0,3.1639,0.00038595264898613096,396.7056
all,merging_without_learned_judge,25,1000,10000,0.0,"[0.0, 0.0]",23.004,0.0,1.996,1.8231,0.0,1.996,4.2844265419989825e-05,25.0
all,merging_without_learned_judge,50,1000,10000,0.0,"[0.0, 0.0]",45.7955,0.0,4.2045,4.6102,0.0,2.0,7.095813509076833e-05,50.0
all,merging_without_learned_judge,100,1000,10000,0.0023000000000000004,"[0.0006, 0.0045]",90.9576,0.0,9.032,19.2227,0.0,2.006,0.00012668073484674097,99.9896
all,merging_without_learned_judge,200,1000,10000,0.2155,"[0.19820000000000002, 0.2319025]",174.4721,0.0,20.3092,60.3833,0.0,2.9575,0.00023847791282460094,194.7813
all,merging_without_learned_judge,500,1000,10000,0.49660000000000004,"[0.4766975, 0.5167]",199.0868,0.0,27.7652,64.7004,0.0,3.0,0.0002677831955254078,226.852
all,merging_without_learned_judge,1500,1000,10000,0.49660000000000004,"[0.47720000000000007, 0.5162]",199.0868,0.0,27.7652,64.7004,0.0,3.0,0.00026631371853873135,226.852
all,single_line,25,1000,10000,0.0,"[0.0, 0.0]",19.043,4.957,1.0,0.0,0.0,1.0,2.9043204709887506e-05,25.0
all,single_line,50,1000,10000,0.0,"[0.0, 0.0]",27.6509,20.3491,2.0,0.0,0.0,2.0,5.069504957646131e-05,50.0
all,single_line,100,1000,10000,0.28330000000000005,"[0.2682975, 0.2977]",45.367,39.8647,3.9672,0.0,0.0,3.9672,8.262697737663984e-05,89.1989
all,single_line,200,1000,10000,0.5406,"[0.5220999999999999, 0.5595025]",75.5467,64.5022,7.1492,0.0,0.0,7.1492,0.00013417894188314677,147.1981
all,single_line,500,1000,10000,0.7666,"[0.7495, 0.7837999999999999]",124.0035,111.0976,11.781,0.0,0.0,11.781,0.00021943873455747962,246.8821
all,single_line,1500,1000,10000,0.9298,"[0.92, 0.9397025000000001]",186.0799,168.4042,17.7157,0.0,0.0,17.7157,0.0003289131390862167,372.1998
random,beam,25,500,5000,0.0,"[0.0, 0.0]",19.014,4.986,1.0,1.352,0.0,1.0,2.9730081371963023e-05,25.0
random,beam,50,500,5000,0.0,"[0.0, 0.0]",28.044,19.924,2.032,1.7894,0.0,2.0,4.9942968413233756e-05,50.0
random,beam,100,500,5000,0.0,"[0.0, 0.0]",52.138,43.01,4.852,5.787,0.0,2.0,8.792241644114256e-05,100.0
random,beam,200,500,5000,0.01,"[0.002, 0.02]",110.0146,78.574,10.996,29.2152,0.0,2.01,0.0001668107023462653,199.5846
random,beam,500,500,5000,0.99,"[0.98, 0.998]",167.9462,104.312,17.812,60.4926,0.0,3.0,0.0002553144020959735,290.0702
random,beam,1500,500,5000,0.99,"[0.98, 0.998]",167.9462,104.312,17.812,60.4926,0.0,3.0,0.00025367648247629404,290.0702
random,best_first,25,500,5000,0.0,"[0.0, 0.0]",19.014,4.986,1.0,1.352,0.0,1.0,2.956824079155922e-05,25.0
random,best_first,50,500,5000,0.006,"[0.0, 0.014]",28.0098,19.924,2.032,1.7784,0.0,2.032,4.883788581937551e-05,49.9658
random,best_first,100,500,5000,0.7228,"[0.6851949999999999, 0.762]",39.5318,33.358,3.972,3.1104,0.0,3.972,7.024185154587031e-05,76.8618
random,best_first,200,500,5000,0.9326,"[0.9086000000000001, 0.9546]",47.825,39.208,5.02,5.5182,0.0,5.02,8.263801261782647e-05,92.053
random,best_first,500,500,5000,1.0,"[1.0, 1.0]",51.3884,40.784,5.476,7.2992,0.0,5.476,8.773728683590888e-05,97.6484
random,best_first,1500,500,5000,1.0,"[1.0, 1.0]",51.3884,40.784,5.476,7.2992,0.0,5.476,8.725085351616144e-05,97.6484
random,bfs,25,500,5000,0.0,"[0.0, 0.0]",23.0,0.0,2.0,1.3854,0.0,2.0,4.1589678451418876e-05,25.0
random,bfs,50,500,5000,0.0,"[0.0, 0.0]",45.8004,0.0,4.1996,3.699,0.0,4.1996,7.142460532486438e-05,50.0
random,bfs,100,500,5000,0.0002,"[0.0, 0.0006000000000000001]",90.971,0.0,9.0282,17.8066,0.0,9.0282,0.00013028663210570813,99.9992
random,bfs,200,500,5000,0.0842,"[0.0658, 0.10420999999999994]",178.1258,0.0,19.267,66.0176,0.0,19.267,0.00023803214374929667,197.3928
random,bfs,500,500,5000,0.8842000000000001,"[0.867995, 0.9000049999999999]",276.971,0.0,47.7204,110.737,0.0,47.7204,0.0003693006092682481,324.6914
random,bfs,1500,500,5000,1.0,"[1.0, 1.0]",283.4724,0.0,49.7506,114.1574,0.0,49.7506,0.00037738137189298866,333.223
random,factorial_m0j0s0,25,500,5000,0.0,"[0.0, 0.0]",23.0,0.0,2.0,0.0,0.0,2.0,4.877720382064581e-05,25.0
random,factorial_m0j0s0,50,500,5000,0.07840000000000001,"[0.06960000000000001, 0.0872]",44.2066,0.0,5.1198,0.0,0.0,5.1198,8.489293493330479e-05,49.3264
random,factorial_m0j0s0,100,500,5000,0.29220000000000007,"[0.270395, 0.31339999999999996]",78.1246,0.0,11.5878,0.0,0.0,11.5878,0.00013892910704016686,89.7124
random,factorial_m0j0s0,200,500,5000,0.5644,"[0.536595, 0.591]",122.9472,0.0,22.2362,0.0,0.0,22.2362,0.00020600380524992944,145.1834
random,factorial_m0j0s0,500,500,5000,0.6692,"[0.6434000000000001, 0.6956049999999999]",142.2938,0.0,27.5974,0.0,0.0,27.5974,0.00023174230977892875,169.8912
random,factorial_m0j0s0,1500,500,5000,0.6692,"[0.6426000000000001, 0.6956000000000001]",142.2938,0.0,27.5974,0.0,0.0,27.5974,0.0002303385818377137,169.8912
random,factorial_m0j0s1,25,500,5000,0.0,"[0.0, 0.0]",23.0,0.0,2.0,0.0,0.0,2.0,4.264955706894398e-05,25.0
random,factorial_m0j0s1,50,500,5000,0.0,"[0.0, 0.0]",45.7984,0.0,4.2016,0.0,0.0,2.0,7.0262929238379e-05,50.0
random,factorial_m0j0s1,100,500,5000,0.0,"[0.0, 0.0]",90.9622,0.0,9.0378,0.0,0.0,2.0,0.00012784101590514183,100.0
random,factorial_m0j0s1,200,500,5000,0.1556,"[0.14039999999999997, 0.17100500000000002]",178.7278,0.0,20.1,0.0,0.0,2.9454,0.00026541317328810694,198.8278
random,factorial_m0j0s1,500,500,5000,0.5005999999999999,"[0.472395, 0.5297999999999999]",206.0474,0.0,28.396,0.0,0.0,3.0,0.00029667977523058654,234.4434
random,factorial_m0j0s1,1500,500,5000,0.5005999999999999,"[0.472995, 0.5302]",206.0474,0.0,28.396,0.0,0.0,3.0,0.0002949176721274853,234.4434
random,factorial_m0j1s0,25,500,5000,0.0,"[0.0, 0.0]",19.014,4.986,1.0,0.0,0.4594,1.0,2.8990316949784755e-05,25.0
random,factorial_m0j1s0,50,500,5000,0.0,"[0.0, 0.0]",27.778,20.222,2.0,0.0,2.5388,2.0,5.059796739369631e-05,50.0
random,factorial_m0j1s0,100,500,5000,0.674,"[0.6331900000000001, 0.7130049999999999]",39.008,35.79,3.896,0.0,14.167,3.896,7.578073237091303e-05,78.694
random,factorial_m0j1s0,200,500,5000,0.8896000000000001,"[0.8616, 0.9160149999999999]",47.9382,44.234,5.046,0.0,21.3366,5.046,9.072183910757303e-05,97.2182
random,factorial_m0j1s0,500,500,5000,0.982,"[0.97, 0.992]",53.146,48.954,5.796,0.0,25.598,5.796,9.962255712598562e-05,107.896
random,factorial_m0j1s0,1500,500,5000,0.982,"[0.97, 0.992]",53.146,48.954,5.796,0.0,25.598,5.796,9.908389691263437e-05,107.896
random,factorial_m0j1s1,25,500,5000,0.0,"[0.0, 0.0]",19.014,4.986,1.0,0.0,0.4594,1.0,2.8994353860616685e-05,25.0
random,factorial_m0j1s1,50,500,5000,0.0,"[0.0, 0.0]",27.778,20.222,2.0,0.0,2.5388,2.0,4.881370477378369e-05,50.0
random,factorial_m0j1s1,100,500,5000,0.0,"[0.0, 0.0]",49.226,46.174,4.6,0.0,22.0076,2.0,8.664110489189625e-05,100.0
random,factorial_m0j1s1,200,500,5000,0.002,"[0.0, 0.006]",97.5002,92.746,9.682,0.0,59.4948,2.002,0.00016189442574977874,199.9282
random,factorial_m0j1s1,500,500,5000,0.982,"[0.97, 0.992]",170.7464,167.182,18.156,0.0,124.42,2.996,0.00028633293695747854,356.0844
random,factorial_m0j1s1,1500,500,5000,0.982,"[0.97, 0.992]",170.7464,167.182,18.156,0.0,124.42,2.996,0.0002852702043950558,356.0844
random,factorial_m1j0s0,25,500,5000,0.0,"[0.0, 0.0]",23.0,0.0,2.0,1.386,0.0,2.0,4.526219218969345e-05,25.0
random,factorial_m1j0s0,50,500,5000,0.0848,"[0.0756, 0.09460499999999998]",44.1098,0.0,5.1616,3.2134,0.0,5.1616,8.304956797510385e-05,49.2714
random,factorial_m1j0s0,100,500,5000,0.2894,"[0.2684, 0.311205]",78.2322,0.0,11.5424,9.6008,0.0,11.5424,0.00013761893417686225,89.7746
random,factorial_m1j0s0,200,500,5000,0.591,"[0.565, 0.6174]",122.1136,0.0,21.7218,23.7794,0.0,21.7218,0.00020072221998125315,143.8354
random,factorial_m1j0s0,500,500,5000,0.6806,"[0.6567949999999999, 0.7048]",134.9682,0.0,25.3026,29.5858,0.0,25.3026,0.00021736539024859667,160.2708
random,factorial_m1j0s0,1500,500,5000,0.6806,"[0.656, 0.704405]",134.9682,0.0,25.3026,29.5858,0.0,25.3026,0.00021611760798841714,160.2708
random,factorial_m1j0s1,25,500,5000,0.0,"[0.0, 0.0]",23.0,0.0,2.0,1.386,0.0,2.0,4.274616092443466e-05,25.0
random,factorial_m1j0s1,50,500,5000,0.0,"[0.0, 0.0]",45.801,0.0,4.199,3.9432,0.0,2.0,7.069433815777302e-05,50.0
random,factorial_m1j0s1,100,500,5000,0.0004,"[0.0, 0.0012000000000000001]",90.9582,0.0,9.0386,17.9878,0.0,2.002,0.00012644887790083886,99.9968
random,factorial_m1j0s1,200,500,5000,0.1884,"[0.16860000000000003, 0.20740999999999996]",176.1888,0.0,20.4082,59.9598,0.0,2.9618,0.0002406550208106637,196.597
random,factorial_m1j0s1,500,500,5000,0.49160000000000004,"[0.4656, 0.5187999999999999]",201.5718,0.0,28.1086,64.357,0.0,3.0,0.00027049228735268114,229.6804
random,factorial_m1j0s1,1500,500,5000,0.49160000000000004,"[0.46459500000000004, 0.51641]",201.5718,0.0,28.1086,64.357,0.0,3.0,0.0002690482726320624,229.6804
random,factorial_m1j1s0,25,500,5000,0.0,"[0.0, 0.0]",19.014,4.986,1.0,1.352,0.4638,1.0,2.964769769459963e-05,25.0
random,factorial_m1j1s0,50,500,5000,0.006,"[0.0, 0.014]",28.0098,19.924,2.032,1.7784,3.2618,2.032,5.0931274518370625e-05,49.9658
random,factorial_m1j1s0,100,500,5000,0.7228,"[0.6838, 0.7617999999999999]",39.5318,33.358,3.972,3.1104,13.3524,3.972,7.50105718150735e-05,76.8618
random,factorial_m1j1s0,200,500,5000,0.9326,"[0.91, 0.9546]",47.825,39.208,5.02,5.5182,18.385,5.02,8.777338191866874e-05,92.053
random,factorial_m1j1s0,500,500,5000,0.986,"[0.976, 0.996]",50.8646,40.608,5.41,6.979,19.652,5.41,9.210234712809324e-05,96.8826
random,factorial_m1j1s0,1500,500,5000,0.986,"[0.974, 0.996]",50.8646,40.608,5.41,6.979,19.652,5.41,9.15893193334341e-05,96.8826
random,factorial_m1j1s1,25,500,5000,0.0,"[0.0, 0.0]",19.014,4.986,1.0,1.352,0.4638,1.0,2.973158936947584e-05,25.0
random,factorial_m1j1s1,50,500,5000,0.0,"[0.0, 0.0]",28.044,19.924,2.032,1.7894,3.2618,2.0,4.990229737013578e-05,50.0
random,factorial_m1j1s1,100,500,5000,0.0,"[0.0, 0.0]",52.138,43.01,4.852,5.787,21.163,2.0,8.955064639449119e-05,100.0
random,factorial_m1j1s1,200,500,5000,0.0432,"[0.027590000000000003, 0.062]",109.6754,78.518,10.984,28.9276,52.4584,2.044,0.00017098770309239626,199.1774
random,factorial_m1j1s1,500,500,5000,0.988,"[0.978, 0.996]",162.4578,102.334,17.146,57.351,74.592,2.996,0.00024399149250239134,281.9378
random,factorial_m1j1s1,1500,500,5000,0.988,"[0.978, 0.996]",162.4578,102.334,17.146,57.351,74.592,2.996,0.0002429387778043747,281.9378
random,frontier_without_merging,25,500,5000,0.0,"[0.0, 0.0]",19.014,4.986,1.0,0.0,0.4594,1.0,2.9002620838582517e-05,25.0
random,frontier_without_merging,50,500,5000,0.0,"[0.0, 0.0]",27.778,20.222,2.0,0.0,2.5388,2.0,4.889870546758175e-05,50.0
random,frontier_without_merging,100,500,5000,0.0,"[0.0, 0.0]",49.226,46.174,4.6,0.0,22.0076,2.0,8.669419921934605e-05,100.0
random,frontier_without_merging,200,500,5000,0.002,"[0.0, 0.006]",97.5002,92.746,9.682,0.0,59.4948,2.002,0.00016194164920598267,199.9282
random,frontier_without_merging,500,500,5000,0.982,"[0.97, 0.992]",170.7464,167.182,18.156,0.0,124.42,2.996,0.00028654953502118587,356.0844
random,frontier_without_merging,1500,500,5000,0.982,"[0.97, 0.992]",170.7464,167.182,18.156,0.0,124.42,2.996,0.0002855252141132951,356.0844
random,full_interference_search,25,500,5000,0.0,"[0.0, 0.0]",19.014,4.986,1.0,1.352,0.4638,1.0,2.9794177412986757e-05,25.0
random,full_interference_search,50,500,5000,0.0,"[0.0, 0.0]",28.044,19.924,2.032,1.7894,3.2618,2.0,5.001120995730162e-05,50.0
random,full_interference_search,100,500,5000,0.0,"[0.0, 0.0]",52.138,43.01,4.852,5.787,21.163,2.0,8.96348426118493e-05,100.0
random,full_interference_search,200,500,5000,0.0432,"[0.0264, 0.061599999999999995]",109.6754,78.518,10.984,28.9276,52.4584,2.044,0.00017100670430809258,199.1774
random,full_interference_search,500,500,5000,0.988,"[0.978, 0.996]",162.4578,102.334,17.146,57.351,74.592,2.996,0.0002439253145828843,281.9378
random,full_interference_search,1500,500,5000,0.988,"[0.978, 0.996]",162.4578,102.334,17.146,57.351,74.592,2.996,0.00024291403591632842,281.9378
random,hand_bound_frontier,25,500,5000,0.0,"[0.0, 0.0]",23.0,0.0,2.0,1.383,0.591,2.0,5.2247495949268344e-05,25.0
random,hand_bound_frontier,50,500,5000,0.0,"[0.0, 0.0]",45.8012,0.0,4.1988,3.9106,2.6172,2.0,8.766114059835673e-05,50.0
random,hand_bound_frontier,100,500,5000,0.001,"[0.0, 0.0024]",90.9486,0.0,9.0464,17.8838,5.6658,2.006,0.00015548651181161404,99.995
random,hand_bound_frontier,200,500,5000,0.2086,"[0.18879500000000002, 0.22980499999999998]",175.4346,0.0,20.381,59.1006,8.2922,2.9634,0.0002797650383785367,195.8156
random,hand_bound_frontier,500,500,5000,0.5216000000000001,"[0.495, 0.5472049999999999]",199.6418,0.0,27.7336,63.034,8.301,3.0,0.0003084591442719102,227.3754
random,hand_bound_frontier,1500,500,5000,0.5216000000000001,"[0.495995, 0.5478]",199.6418,0.0,27.7336,63.034,8.301,3.0,0.00030715245958417653,227.3754
random,independent_parallel,25,500,5000,0.0,"[0.0, 0.0]",19.014,4.986,1.0,0.0,0.0,1.0,2.9035716876387597e-05,25.0
random,independent_parallel,50,500,5000,0.0,"[0.0, 0.0]",27.7124,20.2876,2.0,0.0,0.0,2.0,7.835013307631015e-05,50.0
random,independent_parallel,100,500,5000,0.0,"[0.0, 0.0]",49.1838,46.177,4.6392,0.0,0.0,2.0,0.00011457390300929546,100.0
random,independent_parallel,200,500,5000,0.0,"[0.0, 0.0]",97.5144,92.7982,9.6874,0.0,0.0,2.0,0.00018634567428380252,200.0
random,independent_parallel,500,500,5000,0.9652000000000001,"[0.9546, 0.9744]",183.7552,171.045,21.4408,0.0,0.0,3.0658,0.00036729093585163354,376.241
random,independent_parallel,1500,500,5000,0.9964000000000001,"[0.9942000000000001, 0.9982000000000001]",192.2966,178.386,22.591,0.0,0.0,3.1452,0.00038201879560947416,393.2736
random,merging_without_learned_judge,25,500,5000,0.0,"[0.0, 0.0]",23.0,0.0,2.0,1.386,0.0,2.0,4.297385085374117e-05,25.0
random,merging_without_learned_judge,50,500,5000,0.0,"[0.0, 0.0]",45.801,0.0,4.199,3.9432,0.0,2.0,7.097188048064709e-05,50.0
random,merging_without_learned_judge,100,500,5000,0.0004,"[0.0, 0.0012000000000000001]",90.9582,0.0,9.0386,17.9878,0.0,2.002,0.0001268206289038062,99.9968
random,merging_without_learned_judge,200,500,5000,0.1884,"[0.1688, 0.209]",176.1888,0.0,20.4082,59.9598,0.0,2.9618,0.00024098718222230673,196.597
random,merging_without_learned_judge,500,500,5000,0.49160000000000004,"[0.4661950000000001, 0.5186]",201.5718,0.0,28.1086,64.357,0.0,3.0,0.00027117151971906424,229.6804
random,merging_without_learned_judge,1500,500,5000,0.49160000000000004,"[0.46640000000000004, 0.5178049999999998]",201.5718,0.0,28.1086,64.357,0.0,3.0,0.00026967434603720905,229.6804
random,single_line,25,500,5000,0.0,"[0.0, 0.0]",19.014,4.986,1.0,0.0,0.0,1.0,2.8999707102775575e-05,25.0
random,single_line,50,500,5000,0.0,"[0.0, 0.0]",27.7124,20.2876,2.0,0.0,0.0,2.0,5.047100186347961e-05,50.0
random,single_line,100,500,5000,0.263,"[0.24520000000000003, 0.2816]",45.706,40.2188,3.9774,0.0,0.0,3.9774,8.290675170719624e-05,89.9022
random,single_line,200,500,5000,0.5452,"[0.5216000000000001, 0.5708049999999999]",76.117,65.2306,7.2238,0.0,0.0,7.2238,0.00013514729477465153,148.5714
random,single_line,500,500,5000,0.7902,"[0.767995, 0.81081]",122.1408,109.7676,11.5966,0.0,0.0,11.5966,0.00021586365047842265,243.505
random,single_line,1500,500,5000,0.9448,"[0.9322, 0.9564100000000001]",175.1774,158.6344,16.6396,0.0,0.0,16.6396,0.00030895784236490727,350.4514
stratified,beam,25,500,5000,0.0,"[0.0, 0.0]",19.072,4.928,1.0,2.206,0.0,1.0,2.979615889489651e-05,25.0
stratified,beam,50,500,5000,0.0,"[0.0, 0.0]",28.366,19.548,2.086,2.8704,0.0,2.0,5.02458157017827e-05,50.0
stratified,beam,100,500,5000,0.0,"[0.0, 0.0]",53.092,41.986,4.922,7.6688,0.0,2.0,8.861916512250901e-05,100.0
stratified,beam,200,500,5000,0.052,"[0.034, 0.072]",110.4496,76.202,11.054,32.0382,0.0,2.052,0.00016702245827764274,197.7056
stratified,beam,500,500,5000,0.988,"[0.978, 0.996]",163.6758,99.506,17.308,61.0812,0.0,3.0,0.0002485195316374302,280.4898
stratified,beam,1500,500,5000,0.988,"[0.978, 0.996]",163.6758,99.506,17.308,61.0812,0.0,3.0,0.00024680453892797233,280.4898
stratified,best_first,25,500,5000,0.0,"[0.0, 0.0]",19.072,4.928,1.0,2.206,0.0,1.0,2.9633145779371263e-05,25.0
stratified,best_first,50,500,5000,0.028,"[0.014, 0.0434]",28.2418,19.546,2.086,2.832,0.0,2.086,4.902486726641655e-05,49.8738
stratified,best_first,100,500,5000,0.674,"[0.6341950000000001, 0.7155999999999999]",40.2984,32.874,4.018,4.2858,0.0,4.018,7.105093859136105e-05,77.1904
stratified,best_first,200,500,5000,0.8626,"[0.8328, 0.891]",51.9194,40.968,5.454,7.7394,0.0,5.454,8.85797806084156e-05,98.3414
stratified,best_first,500,500,5000,1.0,"[1.0, 1.0]",57.5428,43.366,6.224,10.511,0.0,6.224,9.655247982591391e-05,107.1328
stratified,best_first,1500,500,5000,1.0,"[1.0, 1.0]",57.5428,43.366,6.224,10.511,0.0,6.224,9.60761945694685e-05,107.1328
stratified,bfs,25,500,5000,0.0,"[0.0, 0.0]",23.008,0.0,1.992,2.2592,0.0,1.992,4.1474378295242784e-05,25.0
stratified,bfs,50,500,5000,0.0,"[0.0, 0.0]",45.7832,0.0,4.2168,5.0388,0.0,4.2168,7.146134600043296e-05,50.0
stratified,bfs,100,500,5000,0.0038,"[0.0008, 0.0078]",90.9642,0.0,9.0156,20.2618,0.0,9.0156,0.00012998973652720452,99.9798
stratified,bfs,200,500,5000,0.18480000000000002,"[0.15419999999999998, 0.21740999999999996]",173.7824,0.0,18.8978,66.4186,0.0,18.8978,0.00023253533951938152,192.6802
stratified,bfs,500,500,5000,0.8432000000000001,"[0.82358, 0.8642000000000001]",272.0614,0.0,47.7096,110.9174,0.0,47.7096,0.00036390375047922136,319.771
stratified,bfs,1500,500,5000,1.0,"[1.0, 1.0]",281.9572,0.0,50.7902,116.1742,0.0,50.7902,0.00037660492025315764,332.7474
stratified,factorial_m0j0s0,25,500,5000,0.0,"[0.0, 0.0]",23.008,0.0,1.992,0.0,0.0,1.992,4.959282502532005e-05,25.0
stratified,factorial_m0j0s0,50,500,5000,0.1016,"[0.08979499999999999, 0.11420499999999997]",44.0494,0.0,5.0872,0.0,0.0,5.0872,8.510570842772723e-05,49.1366
stratified,factorial_m0j0s0,100,500,5000,0.3292,"[0.3022, 0.35660000000000003]",76.508,0.0,11.262,0.0,0.0,11.262,0.00013690424263477325,87.77
stratified,factorial_m0j0s0,200,500,5000,0.5562,"[0.5234000000000001, 0.5875999999999999]",120.2902,0.0,21.7528,0.0,0.0,21.7528,0.0002027086105197668,142.043
stratified,factorial_m0j0s0,500,500,5000,0.6444,"[0.6164000000000001, 0.673805]",140.0978,0.0,27.2872,0.0,0.0,27.2872,0.0002290014123544097,167.385
stratified,factorial_m0j0s0,1500,500,5000,0.6444,"[0.6156, 0.6732]",140.0978,0.0,27.2872,0.0,0.0,27.2872,0.00022765292655676603,167.385
stratified,factorial_m0j0s1,25,500,5000,0.0,"[0.0, 0.0]",23.008,0.0,1.992,0.0,0.0,1.992,4.278238732367754e-05,25.0
stratified,factorial_m0j0s1,50,500,5000,0.0,"[0.0, 0.0]",45.7896,0.0,4.2104,0.0,0.0,2.0,7.068440672010183e-05,50.0
stratified,factorial_m0j0s1,100,500,5000,0.0,"[0.0, 0.0]",90.9882,0.0,9.0118,0.0,0.0,2.0,0.00012851996701210736,100.0
stratified,factorial_m0j0s1,200,500,5000,0.15839999999999999,"[0.14060000000000003, 0.17600000000000002]",178.7182,0.0,20.0598,0.0,0.0,2.9126,0.00026603202521800995,198.778
stratified,factorial_m0j0s1,500,500,5000,0.5058,"[0.47240000000000004, 0.5392049999999999]",205.3738,0.0,28.0812,0.0,0.0,3.0,0.0002970089737325907,233.455
stratified,factorial_m0j0s1,1500,500,5000,0.5058,"[0.4718, 0.5384]",205.3738,0.0,28.0812,0.0,0.0,3.0,0.000295022651925683,233.455
stratified,factorial_m0j1s0,25,500,5000,0.0,"[0.0, 0.0]",19.072,4.928,1.0,0.0,0.4444,1.0,2.905919197946787e-05,25.0
stratified,factorial_m0j1s0,50,500,5000,0.0,"[0.0, 0.0]",27.67,20.33,2.0,0.0,2.4688,2.0,5.096571370959282e-05,50.0
stratified,factorial_m0j1s0,100,500,5000,0.652,"[0.610195, 0.6932]",39.6408,36.398,3.962,0.0,14.5596,3.962,7.724277693778276e-05,80.0008
stratified,factorial_m0j1s0,200,500,5000,0.833,"[0.799, 0.8640249999999998]",51.2054,47.294,5.388,0.0,24.3562,5.388,9.629266131669283e-05,103.8874
stratified,factorial_m0j1s0,500,500,5000,0.976,"[0.962, 0.988]",58.8402,54.06,6.51,0.0,30.414,6.51,0.00010912022925913334,119.4102
stratified,factorial_m0j1s0,1500,500,5000,0.978,"[0.964, 0.99]",58.882,54.06,6.52,0.0,30.414,6.52,0.00010862573403865099,119.462
stratified,factorial_m0j1s1,25,500,5000,0.0,"[0.0, 0.0]",19.072,4.928,1.0,0.0,0.4444,1.0,2.9038377851247787e-05,25.0
stratified,factorial_m0j1s1,50,500,5000,0.0,"[0.0, 0.0]",27.67,20.33,2.0,0.0,2.4688,2.0,4.890109244734049e-05,50.0
stratified,factorial_m0j1s1,100,500,5000,0.0,"[0.0, 0.0]",49.32,46.068,4.612,0.0,21.3476,2.0,8.700156584382057e-05,100.0
stratified,factorial_m0j1s1,200,500,5000,0.0,"[0.0, 0.0]",97.618,92.7,9.682,0.0,58.2448,2.0,0.00016250424776226283,200.0
stratified,factorial_m0j1s1,500,500,5000,0.976,"[0.962, 0.988]",170.7478,167.35,18.098,0.0,120.88,2.994,0.0002876670282334089,356.1958
stratified,factorial_m0j1s1,1500,500,5000,0.976,"[0.962, 0.988]",170.7478,167.35,18.098,0.0,120.88,2.994,0.000286387968622148,356.1958
stratified,factorial_m1j0s0,25,500,5000,0.0,"[0.0, 0.0]",23.008,0.0,1.992,2.2602,0.0,1.992,4.4788634032011035e-05,25.0
stratified,factorial_m1j0s0,50,500,5000,0.10639999999999998,"[0.095, 0.1198]",43.8822,0.0,5.1336,4.3302,0.0,5.1336,8.187310360372066e-05,49.0158
stratified,factorial_m1j0s0,100,500,5000,0.31320000000000003,"[0.287995, 0.33879999999999993]",76.9626,0.0,11.3556,10.8006,0.0,11.3556,0.00013477646242827178,88.3182
stratified,factorial_m1j0s0,200,500,5000,0.5812,"[0.552195, 0.610205]",120.6138,0.0,21.5566,25.1784,0.0,21.5566,0.00019760108105838298,142.1704
stratified,factorial_m1j0s0,500,500,5000,0.657,"[0.6283949999999999, 0.6858049999999999]",134.131,0.0,25.3358,31.3834,0.0,25.3358,0.0002150843532755971,159.4668
stratified,factorial_m1j0s0,1500,500,5000,0.657,"[0.6282000000000001, 0.6848000000000001]",134.131,0.0,25.3358,31.3834,0.0,25.3358,0.0002139663564041257,159.4668
stratified,factorial_m1j0s1,25,500,5000,0.0,"[0.0, 0.0]",23.008,0.0,1.992,2.2602,0.0,1.992,4.249462634325027e-05,25.0
stratified,factorial_m1j0s1,50,500,5000,0.0,"[0.0, 0.0]",45.79,0.0,4.21,5.2772,0.0,2.0,7.065583840012551e-05,50.0
stratified,factorial_m1j0s1,100,500,5000,0.004200000000000001,"[0.001, 0.0088]",90.957,0.0,9.0254,20.4576,0.0,2.01,0.00012614512965083123,99.9824
stratified,factorial_m1j0s1,200,500,5000,0.24259999999999998,"[0.215, 0.2696]",172.7554,0.0,20.2102,60.8068,0.0,2.9532,0.0002356904674321413,192.9656
stratified,factorial_m1j0s1,500,500,5000,0.5016,"[0.471, 0.530005]",196.6018,0.0,27.4218,65.0438,0.0,3.0,0.0002637843485921621,224.0236
stratified,factorial_m1j0s1,1500,500,5000,0.5016,"[0.473995, 0.5314]",196.6018,0.0,27.4218,65.0438,0.0,3.0,0.0002623771380633116,224.0236
stratified,factorial_m1j1s0,25,500,5000,0.0,"[0.0, 0.0]",19.072,4.928,1.0,2.206,0.4524,1.0,2.9710863530635834e-05,25.0
stratified,factorial_m1j1s0,50,500,5000,0.028,"[0.014595, 0.0434]",28.2418,19.546,2.086,2.832,3.2296,2.086,5.119182150810957e-05,49.8738
stratified,factorial_m1j1s0,100,500,5000,0.674,"[0.6313949999999999, 0.7143999999999999]",40.2984,32.874,4.018,4.2858,13.7296,4.018,7.52091458067298e-05,77.1904
stratified,factorial_m1j1s0,200,500,5000,0.8626,"[0.8326, 0.8902049999999999]",51.9194,40.968,5.454,7.7394,21.046,5.454,9.29637910798192e-05,98.3414
stratified,factorial_m1j1s0,500,500,5000,0.98,"[0.966, 0.992]",56.8444,43.144,6.13,10.1142,22.972,6.13,9.987203348428011e-05,106.1184
stratified,factorial_m1j1s0,1500,500,5000,0.98,"[0.966, 0.99]",56.8444,43.144,6.13,10.1142,22.972,6.13,9.928807429969311e-05,106.1184
stratified,factorial_m1j1s1,25,500,5000,0.0,"[0.0, 0.0]",19.072,4.928,1.0,2.206,0.4524,1.0,2.9736594669520855e-05,25.0
stratified,factorial_m1j1s1,50,500,5000,0.0,"[0.0, 0.0]",28.366,19.548,2.086,2.8704,3.2304,2.0,5.019432846456766e-05,50.0
stratified,factorial_m1j1s1,100,500,5000,0.002,"[0.0, 0.006]",53.0614,41.982,4.92,7.6486,20.8148,2.002,9.012724068015814e-05,99.9634
stratified,factorial_m1j1s1,200,500,5000,0.082,"[0.058, 0.106]",109.8948,76.068,11.014,31.6302,50.7136,2.082,0.0001704480631276965,196.9768
stratified,factorial_m1j1s1,500,500,5000,0.984,"[0.972, 0.994]",157.7514,97.44,16.618,57.5252,70.324,2.994,0.00023663157392293216,271.8094
stratified,factorial_m1j1s1,1500,500,5000,0.984,"[0.972, 0.994]",157.7514,97.44,16.618,57.5252,70.324,2.994,0.00023560230787843465,271.8094
stratified,frontier_without_merging,25,500,5000,0.0,"[0.0, 0.0]",19.072,4.928,1.0,0.0,0.4444,1.0,2.911518085747957e-05,25.0
stratified,frontier_without_merging,50,500,5000,0.0,"[0.0, 0.0]",27.67,20.33,2.0,0.0,2.4688,2.0,4.902974721044302e-05,50.0
stratified,frontier_without_merging,100,500,5000,0.0,"[0.0, 0.0]",49.32,46.068,4.612,0.0,21.3476,2.0,8.708831034600735e-05,100.0
stratified,frontier_without_merging,200,500,5000,0.0,"[0.0, 0.0]",97.618,92.7,9.682,0.0,58.2448,2.0,0.00016262525841593742,200.0
stratified,frontier_without_merging,500,500,5000,0.976,"[0.962, 0.988]",170.7478,167.35,18.098,0.0,120.88,2.994,0.00028779274951666595,356.1958
stratified,frontier_without_merging,1500,500,5000,0.976,"[0.962, 0.988]",170.7478,167.35,18.098,0.0,120.88,2.994,0.000286729702539742,356.1958
stratified,full_interference_search,25,500,5000,0.0,"[0.0, 0.0]",19.072,4.928,1.0,2.206,0.4524,1.0,2.985461317002773e-05,25.0
stratified,full_interference_search,50,500,5000,0.0,"[0.0, 0.0]",28.366,19.548,2.086,2.8704,3.2304,2.0,5.0316708721220495e-05,50.0
stratified,full_interference_search,100,500,5000,0.002,"[0.0, 0.006]",53.0614,41.982,4.92,7.6486,20.8148,2.002,9.022825490683317e-05,99.9634
stratified,full_interference_search,200,500,5000,0.082,"[0.058, 0.106]",109.8948,76.068,11.014,31.6302,50.7136,2.082,0.00017054143399000167,196.9768
stratified,full_interference_search,500,500,5000,0.984,"[0.972, 0.994]",157.7514,97.44,16.618,57.5252,70.324,2.994,0.00023662342689931393,271.8094
stratified,full_interference_search,1500,500,5000,0.984,"[0.972, 0.994]",157.7514,97.44,16.618,57.5252,70.324,2.994,0.00023571053016930817,271.8094
stratified,hand_bound_frontier,25,500,5000,0.0,"[0.0, 0.0]",23.008,0.0,1.992,2.2576,0.6312,1.992,5.177026782184839e-05,25.0
stratified,hand_bound_frontier,50,500,5000,0.0,"[0.0, 0.0]",45.7904,0.0,4.2096,5.2542,2.85,2.0,8.729310650378465e-05,50.0
stratified,hand_bound_frontier,100,500,5000,0.007600000000000001,"[0.003, 0.0132]",90.9394,0.0,9.0286,20.3458,6.1354,2.018,0.00015457688514143228,99.968
stratified,hand_bound_frontier,200,500,5000,0.263,"[0.23619500000000002, 0.29159999999999997]",171.9044,0.0,20.1444,59.8614,8.907,2.957,0.000273323412053287,192.0488
stratified,hand_bound_frontier,500,500,5000,0.5365999999999999,"[0.5066, 0.564805]",194.4942,0.0,26.988,63.6154,8.922,3.0,0.0003002173691987991,221.4822
stratified,hand_bound_frontier,1500,500,5000,0.5365999999999999,"[0.506395, 0.5665999999999999]",194.4942,0.0,26.988,63.6154,8.922,3.0,0.0002988639745861292,221.4822
stratified,independent_parallel,25,500,5000,0.0,"[0.0, 0.0]",19.072,4.928,1.0,0.0,0.0,1.0,2.915574535727501e-05,25.0
stratified,independent_parallel,50,500,5000,0.0,"[0.0, 0.0]",27.5894,20.4106,2.0,0.0,0.0,2.0,7.866542153060436e-05,50.0
stratified,independent_parallel,100,500,5000,0.0,"[0.0, 0.0]",49.2922,46.0606,4.6472,0.0,0.0,2.0,0.00011529335416853428,100.0
stratified,independent_parallel,200,500,5000,0.0,"[0.0, 0.0]",97.6422,92.6828,9.675,0.0,0.0,2.0,0.00018731195013970136,200.0
stratified,independent_parallel,500,500,5000,0.9592,"[0.948, 0.9696]",185.3228,171.655,21.773,0.0,0.0,3.0774,0.0003710609709843993,378.7508
stratified,independent_parallel,1500,500,5000,0.9912000000000001,"[0.9865949999999999, 0.9952000000000001]",196.1452,180.712,23.2804,0.0,0.0,3.1826,0.00038988650236278775,400.1376
stratified,merging_without_learned_judge,25,500,5000,0.0,"[0.0, 0.0]",23.008,0.0,1.992,2.2602,0.0,1.992,4.271467998623848e-05,25.0
stratified,merging_without_learned_judge,50,500,5000,0.0,"[0.0, 0.0]",45.79,0.0,4.21,5.2772,0.0,2.0,7.094438970088959e-05,50.0
stratified,merging_without_learned_judge,100,500,5000,0.004200000000000001,"[0.001, 0.008604999999999974]",90.957,0.0,9.0254,20.4576,0.0,2.01,0.00012654084078967572,99.9824
stratified,merging_without_learned_judge,200,500,5000,0.24259999999999998,"[0.216, 0.2702]",172.7554,0.0,20.2102,60.8068,0.0,2.9532,0.00023596864342689515,192.9656
stratified,merging_without_learned_judge,500,500,5000,0.5016,"[0.472, 0.531]",196.6018,0.0,27.4218,65.0438,0.0,3.0,0.00026439487133175137,224.0236
stratified,merging_without_learned_judge,1500,500,5000,0.5016,"[0.47320000000000007, 0.5316049999999999]",196.6018,0.0,27.4218,65.0438,0.0,3.0,0.00026295309104025364,224.0236
stratified,single_line,25,500,5000,0.0,"[0.0, 0.0]",19.072,4.928,1.0,0.0,0.0,1.0,2.9086702316999437e-05,25.0
stratified,single_line,50,500,5000,0.0,"[0.0, 0.0]",27.5894,20.4106,2.0,0.0,0.0,2.0,5.091909728944301e-05,50.0
stratified,single_line,100,500,5000,0.30360000000000004,"[0.27999500000000005, 0.3276]",45.028,39.5106,3.957,0.0,0.0,3.957,8.234720304608345e-05,88.4956
stratified,single_line,200,500,5000,0.536,"[0.5085949999999999, 0.565]",74.9764,63.7738,7.0746,0.0,0.0,7.0746,0.000133210588991642,145.8248
stratified,single_line,500,500,5000,0.743,"[0.7173900000000001, 0.7684000000000001]",125.8662,112.4276,11.9654,0.0,0.0,11.9654,0.00022301381863653658,250.2592
stratified,single_line,1500,500,5000,0.9148000000000001,"[0.8984000000000001, 0.93]",196.9824,178.174,18.7918,0.0,0.0,18.7918,0.0003488684358075261,393.9482
stratum_1,beam,25,175,1750,0.0,"[0.0, 0.0]",18.86857142857143,5.131428571428572,1.0,0.37142857142857144,0.0,1.0,2.9785354754754476e-05,25.0
stratum_1,beam,50,175,1750,0.0,"[0.0, 0.0]",27.765714285714285,20.234285714285715,2.0,0.5182857142857142,0.0,2.0,5.001040601304599e-05,50.0
stratum_1,beam,100,175,1750,0.0,"[0.0, 0.0]",51.205714285714286,43.96,4.8342857142857145,3.5765714285714285,0.0,2.0,8.823067269154957e-05,100.0
stratum_1,beam,200,175,1750,0.0,"[0.0, 0.0]",107.61714285714285,81.56571428571428,10.817142857142857,23.769142857142857,0.0,2.0,0.00016660879658801216,200.0
stratum_1,beam,500,175,1750,0.9485714285714286,"[0.9142857142857143, 0.9771428571428571]",174.28857142857143,109.73142857142857,19.097142857142856,59.25942857142857,0.0,3.0,0.0002673785649240017,303.1171428571429
stratum_1,beam,1500,175,1750,0.9485714285714286,"[0.9142857142857143, 0.9771428571428571]",174.28857142857143,109.73142857142857,19.097142857142856,59.25942857142857,0.0,3.0,0.0002655548118054867,303.1171428571429
stratum_1,best_first,25,175,1750,0.0,"[0.0, 0.0]",18.86857142857143,5.131428571428572,1.0,0.37142857142857144,0.0,1.0,2.9651060700416564e-05,25.0
stratum_1,best_first,50,175,1750,0.0,"[0.0, 0.0]",27.765714285714285,20.234285714285715,2.0,0.5182857142857142,0.0,2.0,4.8905090029750555e-05,50.0
stratum_1,best_first,100,175,1750,0.18171428571428572,"[0.12855714285714284, 0.2382857142857143]",49.33371428571429,41.77142857142857,4.925714285714286,3.149714285714286,0.0,4.925714285714286,8.679418798003878e-05,96.03085714285714
stratum_1,best_first,200,175,1750,0.6131428571428571,"[0.5405571428571428, 0.6828571428571428]",82.58628571428571,65.02857142857142,8.925714285714285,13.145714285714286,0.0,8.925714285714285,0.00013698397630027362,156.54057142857144
stratum_1,best_first,500,175,1750,1.0,"[1.0, 1.0]",100.28228571428572,72.53714285714285,11.28,22.021142857142856,0.0,11.28,0.00016171965109450476,184.09942857142858
stratum_1,best_first,1500,175,1750,1.0,"[1.0, 1.0]",100.28228571428572,72.53714285714285,11.28,22.021142857142856,0.0,11.28,0.00016106456092425755,184.09942857142858
stratum_1,bfs,25,175,1750,0.0,"[0.0, 0.0]",23.005714285714287,0.0,1.9942857142857142,0.38742857142857146,0.0,1.9942857142857142,4.2032293443168914e-05,25.0
stratum_1,bfs,50,175,1750,0.0,"[0.0, 0.0]",45.77257142857143,0.0,4.227428571428572,2.276,0.0,4.227428571428572,7.225608293499265e-05,50.0
stratum_1,bfs,100,175,1750,0.0,"[0.0, 0.0]",90.972,0.0,9.028,15.332571428571429,0.0,9.028,0.00013128828150885447,100.0
stratum_1,bfs,200,175,1750,0.002857142857142857,"[0.0, 0.0068571428571428585]",181.01257142857142,0.0,18.934285714285714,65.31028571428571,0.0,18.934285714285714,0.0002431812339595386,199.94685714285714
stratum_1,bfs,500,175,1750,0.5251428571428571,"[0.4925714285714285, 0.5582999999999999]",360.5422857142857,0.0,73.08,146.86457142857142,0.0,73.08,0.0004851724164826529,433.62228571428574
stratum_1,bfs,1500,175,1750,1.0,"[1.0, 1.0]",392.7177142857143,0.0,83.132,164.00057142857142,0.0,83.132,0.0005282572970858642,475.8497142857143
stratum_1,factorial_m0j0s0,25,175,1750,0.0,"[0.0, 0.0]",23.005714285714287,0.0,1.9942857142857142,0.0,0.0,1.9942857142857142,4.9136243228401455e-05,25.0
stratum_1,factorial_m0j0s0,50,175,1750,0.006285714285714286,"[0.002857142857142857, 0.010285714285714285]",44.69942857142857,0.0,5.2622857142857145,0.0,0.0,5.2622857142857145,8.612692143235888e-05,49.96171428571429
stratum_1,factorial_m0j0s0,100,175,1750,0.044,"[0.03542857142857143, 0.05315714285714278]",85.46514285714285,0.0,13.147428571428572,0.0,0.0,13.147428571428572,0.00015134230415735927,98.61257142857143
stratum_1,factorial_m0j0s0,200,175,1750,0.1325714285714286,"[0.11828571428571429, 0.14742857142857144]",159.328,0.0,31.034857142857142,0.0,0.0,31.034857142857142,0.00026215526727693423,190.36285714285714
stratum_1,factorial_m0j0s0,500,175,1750,0.2222857142857143,"[0.20400000000000001, 0.24057142857142855]",201.5577142857143,0.0,42.91085714285714,0.0,0.0,42.91085714285714,0.00031940805273396626,244.46857142857144
stratum_1,factorial_m0j0s0,1500,175,1750,0.2222857142857143,"[0.2039857142857143, 0.24057142857142857]",201.5577142857143,0.0,42.91085714285714,0.0,0.0,42.91085714285714,0.0003176264768200261,244.46857142857144
stratum_1,factorial_m0j0s1,25,175,1750,0.0,"[0.0, 0.0]",23.005714285714287,0.0,1.9942857142857142,0.0,0.0,1.9942857142857142,4.268920634474073e-05,25.0
stratum_1,factorial_m0j0s1,50,175,1750,0.0,"[0.0, 0.0]",45.770857142857146,0.0,4.2291428571428575,0.0,0.0,2.0,7.050336950591633e-05,50.0
stratum_1,factorial_m0j0s1,100,175,1750,0.0,"[0.0, 0.0]",90.95714285714286,0.0,9.042857142857143,0.0,0.0,2.0,0.00012812575538243565,100.0
stratum_1,factorial_m0j0s1,200,175,1750,0.017714285714285714,"[0.011428571428571429, 0.024]",179.30685714285715,0.0,20.566857142857142,0.0,0.0,2.9491428571428573,0.0002670570122344153,199.8737142857143
stratum_1,factorial_m0j0s1,500,175,1750,0.08342857142857142,"[0.07085714285714285, 0.09714285714285714]",218.024,0.0,32.356,0.0,0.0,3.0,0.000312035503664187,250.38
stratum_1,factorial_m0j0s1,1500,175,1750,0.08342857142857142,"[0.06971428571428571, 0.09714285714285713]",218.024,0.0,32.356,0.0,0.0,3.0,0.0003103550917335919,250.38
stratum_1,factorial_m0j1s0,25,175,1750,0.0,"[0.0, 0.0]",18.86857142857143,5.131428571428572,1.0,0.0,0.5754285714285714,1.0,2.9005232134035655e-05,25.0
stratum_1,factorial_m0j1s0,50,175,1750,0.0,"[0.0, 0.0]",27.702857142857145,20.297142857142855,2.0,0.0,3.3137142857142856,2.0,5.039646476507187e-05,50.0
stratum_1,factorial_m0j1s0,100,175,1750,0.1697142857142857,"[0.11085714285714285, 0.22685714285714287]",47.95657142857143,43.55428571428571,4.822857142857143,0.0,24.417142857142856,4.822857142857143,8.889413891094071e-05,96.33371428571428
stratum_1,factorial_m0j1s0,200,175,1750,0.5457142857142857,"[0.47135714285714286, 0.62]",79.53714285714285,73.28,8.588571428571429,0.0,52.165142857142854,8.588571428571429,0.00014039032001580512,161.40571428571428
stratum_1,factorial_m0j1s0,500,175,1750,0.92,"[0.88, 0.96]",100.95942857142857,92.77142857142857,11.708571428571428,0.0,70.05142857142857,11.708571428571428,0.00017665406582610948,205.43942857142858
stratum_1,factorial_m0j1s0,1500,175,1750,0.92,"[0.8742857142857143, 0.96]",100.95942857142857,92.77142857142857,11.708571428571428,0.0,70.05142857142857,11.708571428571428,0.00017586366512945721,205.43942857142858
stratum_1,factorial_m0j1s1,25,175,1750,0.0,"[0.0, 0.0]",18.86857142857143,5.131428571428572,1.0,0.0,0.5754285714285714,1.0,2.898306239928518e-05,25.0
stratum_1,factorial_m0j1s1,50,175,1750,0.0,"[0.0, 0.0]",27.702857142857145,20.297142857142855,2.0,0.0,3.3137142857142856,2.0,4.876037687063217e-05,50.0
stratum_1,factorial_m0j1s1,100,175,1750,0.0,"[0.0, 0.0]",49.22857142857143,46.06857142857143,4.702857142857143,0.0,26.780571428571427,2.0,8.732896723917553e-05,100.0
stratum_1,factorial_m0j1s1,200,175,1750,0.0,"[0.0, 0.0]",97.87428571428572,92.38857142857142,9.737142857142857,0.0,70.59771428571429,2.0,0.00016279795606221473,200.0
stratum_1,factorial_m0j1s1,500,175,1750,0.92,"[0.88, 0.96]",169.38171428571428,164.06285714285715,18.417142857142856,0.0,139.02857142857144,2.9771428571428573,0.0002828432683433805,351.8617142857143
stratum_1,factorial_m0j1s1,1500,175,1750,0.92,"[0.88, 0.96]",169.38171428571428,164.06285714285715,18.417142857142856,0.0,139.02857142857144,2.9771428571428573,0.00028166472486087254,351.8617142857143
stratum_1,factorial_m1j0s0,25,175,1750,0.0,"[0.0, 0.0]",23.005714285714287,0.0,1.9942857142857142,0.3965714285714286,0.0,1.9942857142857142,4.633391967841557e-05,25.0
stratum_1,factorial_m1j0s0,50,175,1750,0.008,"[0.004, 0.012]",44.66742857142857,0.0,5.284571428571429,1.9582857142857142,0.0,5.284571428571429,8.5804711495127e-05,49.952
stratum_1,factorial_m1j0s0,100,175,1750,0.043428571428571434,"[0.03485714285714286, 0.05199999999999999]",85.73942857142858,0.0,13.002857142857144,9.257714285714286,0.0,13.002857142857144,0.00015241239326340813,98.74228571428571
stratum_1,factorial_m1j0s0,200,175,1750,0.18685714285714283,"[0.1685714285714286, 0.20514285714285718]",157.792,0.0,29.904,32.812,0.0,29.904,0.0002565187540437494,187.696
stratum_1,factorial_m1j0s0,500,175,1750,0.27885714285714286,"[0.2571428571428571, 0.29829999999999995]",186.21485714285714,0.0,37.91657142857143,45.76457142857143,0.0,37.91657142857143,0.0002938312238880566,224.13142857142856
stratum_1,factorial_m1j0s0,1500,175,1750,0.27885714285714286,"[0.2577142857142858, 0.3000142857142856]",186.21485714285714,0.0,37.91657142857143,45.76457142857143,0.0,37.91657142857143,0.000292433926569564,224.13142857142856
stratum_1,factorial_m1j0s1,25,175,1750,0.0,"[0.0, 0.0]",23.005714285714287,0.0,1.9942857142857142,0.3965714285714286,0.0,1.9942857142857142,4.317196511796543e-05,25.0
stratum_1,factorial_m1j0s1,50,175,1750,0.0,"[0.0, 0.0]",45.77314285714286,0.0,4.226857142857143,2.4405714285714284,0.0,2.0,7.142006925174169e-05,50.0
stratum_1,factorial_m1j0s1,100,175,1750,0.0,"[0.0, 0.0]",90.95657142857142,0.0,9.04342857142857,15.541142857142857,0.0,2.0,0.00012731057884437697,100.0
stratum_1,factorial_m1j0s1,200,175,1750,0.03200000000000001,"[0.024000000000000007, 0.04057142857142857]",179.02114285714285,0.0,20.65657142857143,58.31428571428572,0.0,2.9485714285714284,0.00024643809827310697,199.67771428571427
stratum_1,factorial_m1j0s1,500,175,1750,0.15485714285714286,"[0.1394142857142857, 0.1697142857142857]",215.60285714285715,0.0,31.784,65.00914285714286,0.0,3.0,0.00029003608386431423,247.38685714285714
stratum_1,factorial_m1j0s1,1500,175,1750,0.15485714285714286,"[0.14, 0.17087142857142854]",215.60285714285715,0.0,31.784,65.00914285714286,0.0,3.0,0.0002885597161948681,247.38685714285714
stratum_1,factorial_m1j1s0,25,175,1750,0.0,"[0.0, 0.0]",18.86857142857143,5.131428571428572,1.0,0.37142857142857144,0.576,1.0,2.9729381735835758e-05,25.0
stratum_1,factorial_m1j1s0,50,175,1750,0.0,"[0.0, 0.0]",27.765714285714285,20.234285714285715,2.0,0.5182857142857142,3.5862857142857143,2.0,5.18483365220683e-05,50.0
stratum_1,factorial_m1j1s0,100,175,1750,0.18171428571428572,"[0.1257, 0.23887142857142848]",49.33371428571429,41.77142857142857,4.925714285714286,3.149714285714286,23.16857142857143,4.925714285714286,9.057549174342837e-05,96.03085714285714
stratum_1,factorial_m1j1s0,200,175,1750,0.6131428571428571,"[0.5428571428571428, 0.6862857142857143]",82.58628571428571,65.02857142857142,8.925714285714285,13.145714285714286,44.93828571428571,8.925714285714285,0.0001412583344749042,156.54057142857144
stratum_1,factorial_m1j1s0,500,175,1750,0.9257142857142857,"[0.8857142857142857, 0.96]",97.79828571428571,71.75428571428571,10.96,20.538857142857143,51.0,10.96,0.00016242746955582075,180.51257142857142
stratum_1,factorial_m1j1s0,1500,175,1750,0.9257142857142857,"[0.8857142857142857, 0.96]",97.79828571428571,71.75428571428571,10.96,20.538857142857143,51.0,10.96,0.00016160408354231289,180.51257142857142
stratum_1,factorial_m1j1s1,25,175,1750,0.0,"[0.0, 0.0]",18.86857142857143,5.131428571428572,1.0,0.37142857142857144,0.576,1.0,2.9715919601065774e-05,25.0
stratum_1,factorial_m1j1s1,50,175,1750,0.0,"[0.0, 0.0]",27.765714285714285,20.234285714285715,2.0,0.5182857142857142,3.5862857142857143,2.0,4.985750945551055e-05,50.0
stratum_1,factorial_m1j1s1,100,175,1750,0.0,"[0.0, 0.0]",51.205714285714286,43.96,4.8342857142857145,3.5765714285714285,25.257142857142856,2.0,8.978768172008651e-05,100.0
stratum_1,factorial_m1j1s1,200,175,1750,0.005714285714285714,"[0.0, 0.017142857142857144]",107.52514285714285,81.56,10.811428571428571,23.68285714285714,61.03028571428572,2.005714285714286,0.00017124350581850325,199.89657142857143
stratum_1,factorial_m1j1s1,500,175,1750,0.9371428571428572,"[0.9028571428571428, 0.9714285714285714]",166.45657142857144,107.38857142857142,17.89142857142857,55.208,85.51428571428572,2.9771428571428573,0.00025185593483703476,291.73657142857144
stratum_1,factorial_m1j1s1,1500,175,1750,0.9371428571428572,"[0.8971428571428571, 0.9714285714285714]",166.45657142857144,107.38857142857142,17.89142857142857,55.208,85.51428571428572,2.9771428571428573,0.00025078267923423224,291.73657142857144
stratum_1,frontier_without_merging,25,175,1750,0.0,"[0.0, 0.0]",18.86857142857143,5.131428571428572,1.0,0.0,0.5754285714285714,1.0,2.9032868998391288e-05,25.0
stratum_1,frontier_without_merging,50,175,1750,0.0,"[0.0, 0.0]",27.702857142857145,20.297142857142855,2.0,0.0,3.3137142857142856,2.0,4.8878013555492675e-05,50.0
stratum_1,frontier_without_merging,100,175,1750,0.0,"[0.0, 0.0]",49.22857142857143,46.06857142857143,4.702857142857143,0.0,26.780571428571427,2.0,8.747873082756996e-05,100.0
stratum_1,frontier_without_merging,200,175,1750,0.0,"[0.0, 0.0]",97.87428571428572,92.38857142857142,9.737142857142857,0.0,70.59771428571429,2.0,0.0001630764018212046,200.0
stratum_1,frontier_without_merging,500,175,1750,0.92,"[0.88, 0.96]",169.38171428571428,164.06285714285715,18.417142857142856,0.0,139.02857142857144,2.9771428571428573,0.00028279845097235274,351.8617142857143
stratum_1,frontier_without_merging,1500,175,1750,0.92,"[0.88, 0.96]",169.38171428571428,164.06285714285715,18.417142857142856,0.0,139.02857142857144,2.9771428571428573,0.0002819349329386439,351.8617142857143
stratum_1,full_interference_search,25,175,1750,0.0,"[0.0, 0.0]",18.86857142857143,5.131428571428572,1.0,0.37142857142857144,0.576,1.0,2.9846611831869397e-05,25.0
stratum_1,full_interference_search,50,175,1750,0.0,"[0.0, 0.0]",27.765714285714285,20.234285714285715,2.0,0.5182857142857142,3.5862857142857143,2.0,4.999766764896257e-05,50.0
stratum_1,full_interference_search,100,175,1750,0.0,"[0.0, 0.0]",51.205714285714286,43.96,4.8342857142857145,3.5765714285714285,25.257142857142856,2.0,8.99307280778885e-05,100.0
stratum_1,full_interference_search,200,175,1750,0.005714285714285714,"[0.0, 0.017142857142857144]",107.52514285714285,81.56,10.811428571428571,23.68285714285714,61.03028571428572,2.005714285714286,0.00017128542917115347,199.89657142857143
stratum_1,full_interference_search,500,175,1750,0.9371428571428572,"[0.8971428571428571, 0.9714285714285714]",166.45657142857144,107.38857142857142,17.89142857142857,55.208,85.51428571428572,2.9771428571428573,0.0002518738284707069,291.73657142857144
stratum_1,full_interference_search,1500,175,1750,0.9371428571428572,"[0.9028571428571428, 0.9714285714285714]",166.45657142857144,107.38857142857142,17.89142857142857,55.208,85.51428571428572,2.9771428571428573,0.0002509271071425506,291.73657142857144
stratum_1,hand_bound_frontier,25,175,1750,0.0,"[0.0, 0.0]",23.005714285714287,0.0,1.9942857142857142,0.39257142857142857,0.9891428571428571,1.9942857142857142,5.3163250642163416e-05,25.0
stratum_1,hand_bound_frontier,50,175,1750,0.0,"[0.0, 0.0]",45.772,0.0,4.228,2.408,4.368571428571428,2.0,8.932737527149065e-05,50.0
stratum_1,hand_bound_frontier,100,175,1750,0.0,"[0.0, 0.0]",90.95771428571429,0.0,9.042285714285715,15.414285714285715,9.526857142857143,2.0,0.00015808884693043572,100.0
stratum_1,hand_bound_frontier,200,175,1750,0.046857142857142854,"[0.03657142857142857, 0.05828571428571428]",178.73485714285715,0.0,20.78514285714286,57.39771428571429,14.270285714285714,2.9531428571428573,0.0002884964628943375,199.52
stratum_1,hand_bound_frontier,500,175,1750,0.18914285714285714,"[0.1714142857142857, 0.20742857142857146]",213.77714285714285,0.0,31.46857142857143,63.309714285714286,14.304571428571428,3.0,0.0003305354171565601,245.24571428571429
stratum_1,hand_bound_frontier,1500,175,1750,0.18914285714285714,"[0.17028571428571432, 0.20742857142857146]",213.77714285714285,0.0,31.46857142857143,63.309714285714286,14.304571428571428,3.0,0.0003290829355163234,245.24571428571429
stratum_1,independent_parallel,25,175,1750,0.0,"[0.0, 0.0]",18.86857142857143,5.131428571428572,1.0,0.0,0.0,1.0,2.9096647032669614e-05,25.0
stratum_1,independent_parallel,50,175,1750,0.0,"[0.0, 0.0]",27.678285714285714,20.321714285714286,2.0,0.0,0.0,2.0,7.825430535844395e-05,50.0
stratum_1,independent_parallel,100,175,1750,0.0,"[0.0, 0.0]",49.16628571428571,46.12228571428572,4.711428571428572,0.0,0.0,2.0,0.00011502100420849664,100.0
stratum_1,independent_parallel,200,175,1750,0.0,"[0.0, 0.0]",97.68285714285715,92.56457142857143,9.752571428571429,0.0,0.0,2.0,0.00018695910115327155,200.0
stratum_1,independent_parallel,500,175,1750,0.8742857142857143,"[0.84, 0.9039999999999999]",200.736,173.23371428571429,26.32057142857143,0.0,0.0,3.24,0.0003942943779485566,400.2902857142857
stratum_1,independent_parallel,1500,175,1750,0.9725714285714285,"[0.9594285714285714, 0.984]",235.88857142857142,202.22742857142856,31.27885714285714,0.0,0.0,3.5794285714285716,0.00045822530878441675,469.3948571428571
stratum_1,merging_without_learned_judge,25,175,1750,0.0,"[0.0, 0.0]",23.005714285714287,0.0,1.9942857142857142,0.3965714285714286,0.0,1.9942857142857142,4.334957738007818e-05,25.0
stratum_1,merging_without_learned_judge,50,175,1750,0.0,"[0.0, 0.0]",45.77314285714286,0.0,4.226857142857143,2.4405714285714284,0.0,2.0,7.173610106110572e-05,50.0
stratum_1,merging_without_learned_judge,100,175,1750,0.0,"[0.0, 0.0]",90.95657142857142,0.0,9.04342857142857,15.541142857142857,0.0,2.0,0.00012778649745242936,100.0
stratum_1,merging_without_learned_judge,200,175,1750,0.03200000000000001,"[0.024, 0.04057142857142857]",179.02114285714285,0.0,20.65657142857143,58.31428571428572,0.0,2.9485714285714284,0.0002468496561050415,199.67771428571427
stratum_1,merging_without_learned_judge,500,175,1750,0.15485714285714286,"[0.13942857142857143, 0.16971428571428573]",215.60285714285715,0.0,31.784,65.00914285714286,0.0,3.0,0.00029090023945484844,247.38685714285714
stratum_1,merging_without_learned_judge,1500,175,1750,0.15485714285714286,"[0.13885714285714285, 0.16971428571428568]",215.60285714285715,0.0,31.784,65.00914285714286,0.0,3.0,0.0002892700769007206,247.38685714285714
stratum_1,single_line,25,175,1750,0.0,"[0.0, 0.0]",18.86857142857143,5.131428571428572,1.0,0.0,0.0,1.0,2.915123211485999e-05,25.0
stratum_1,single_line,50,175,1750,0.0,"[0.0, 0.0]",27.678285714285714,20.321714285714286,2.0,0.0,0.0,2.0,5.0716920090573176e-05,50.0
stratum_1,single_line,100,175,1750,0.06228571428571428,"[0.05028571428571428, 0.07542857142857143]",49.62571428571429,43.65942857142857,4.321714285714286,0.0,0.0,4.321714285714286,9.023057403309005e-05,97.60685714285714
stratum_1,single_line,200,175,1750,0.16,"[0.14, 0.18057142857142858]",97.93142857142857,79.72971428571428,9.178857142857144,0.0,0.0,9.178857142857144,0.0001702417614204543,186.84
stratum_1,single_line,500,175,1750,0.36571428571428566,"[0.3331428571428572, 0.3960142857142857]",205.96057142857143,181.66171428571428,19.588571428571427,0.0,0.0,19.588571428571427,0.00036105720326304433,407.21085714285715
stratum_1,single_line,1500,175,1750,0.7125714285714285,"[0.6748571428571428, 0.7485714285714286]",416.8645714285714,375.56514285714286,39.78342857142857,0.0,0.0,39.78342857142857,0.0007345166046704564,832.2131428571429
stratum_2-5,beam,25,312,3120,0.0,"[0.0, 0.0]",19.067307692307693,4.9326923076923075,1.0,0.7596153846153846,0.0,1.0,2.98602199062514e-05,25.0
stratum_2-5,beam,50,312,3120,0.0,"[0.0, 0.0]",28.028846153846153,19.958333333333332,2.0128205128205128,0.9833333333333333,0.0,2.0,5.0115102949814916e-05,50.0
stratum_2-5,beam,100,312,3120,0.0,"[0.0, 0.0]",51.294871794871796,43.93910256410256,4.766025641025641,3.9368589743589744,0.0,2.0,8.779964976920149e-05,100.0
stratum_2-5,beam,200,312,3120,0.0,"[0.0, 0.0]",107.7724358974359,81.48717948717949,10.740384615384615,23.858333333333334,0.0,2.0,0.00016617267004524668,200.0
stratum_2-5,beam,500,312,3120,0.9935897435897436,"[0.9839743589743589, 1.0]",171.16794871794872,109.05128205128206,18.16025641025641,58.76346153846154,0.0,3.0,0.0002624448361949852,298.37948717948717
stratum_2-5,beam,1500,312,3120,0.9935897435897436,"[0.9839743589743589, 1.0]",171.16794871794872,109.05128205128206,18.16025641025641,58.76346153846154,0.0,3.0,0.00026070394087582824,298.37948717948717
stratum_2-5,best_first,25,312,3120,0.0,"[0.0, 0.0]",19.067307692307693,4.9326923076923075,1.0,0.7596153846153846,0.0,1.0,2.9689679817798046e-05,25.0
stratum_2-5,best_first,50,312,3120,0.0,"[0.0, 0.0]",28.028846153846153,19.958333333333332,2.0128205128205128,0.9833333333333333,0.0,2.0128205128205128,4.9021276227461223e-05,50.0
stratum_2-5,best_first,100,312,3120,0.653525641025641,"[0.6012820512820513, 0.7057772435897435]",41.34070512820513,35.57692307692308,4.134615384615385,2.4076923076923076,0.0,4.134615384615385,7.365637709601567e-05,81.05224358974358
stratum_2-5,best_first,200,312,3120,0.8983974358974359,"[0.8634535256410256, 0.930136217948718]",52.151923076923076,43.14102564102564,5.512820512820513,5.543910256410256,0.0,5.512820512820513,8.99097735945804e-05,100.80576923076923
stratum_2-5,best_first,500,312,3120,1.0,"[1.0, 1.0]",56.579166666666666,45.118589743589745,6.105769230769231,7.670512820512821,0.0,6.105769230769231,9.620622254143922e-05,107.80352564102564
stratum_2-5,best_first,1500,312,3120,1.0,"[1.0, 1.0]",56.579166666666666,45.118589743589745,6.105769230769231,7.670512820512821,0.0,6.105769230769231,9.573799563953892e-05,107.80352564102564
stratum_2-5,bfs,25,312,3120,0.0,"[0.0, 0.0]",23.003205128205128,0.0,1.9967948717948718,0.778525641025641,0.0,1.9967948717948718,4.190310256746717e-05,25.0
stratum_2-5,bfs,50,312,3120,0.0,"[0.0, 0.0]",45.81153846153846,0.0,4.188461538461539,2.7423076923076923,0.0,4.188461538461539,7.184520035456771e-05,50.0
stratum_2-5,bfs,100,312,3120,0.0,"[0.0, 0.0]",91.01025641025642,0.0,8.98974358974359,15.762179487179488,0.0,8.98974358974359,0.000131041672713577,100.0
stratum_2-5,bfs,200,312,3120,0.01217948717948718,"[0.007692307692307694, 0.01730769230769231]",180.64583333333334,0.0,19.13621794871795,64.7951923076923,0.0,19.13621794871795,0.00024244650923766387,199.78205128205127
stratum_2-5,bfs,500,312,3120,0.8410256410256409,"[0.8240384615384616, 0.8586538461538461]",314.1192307692308,0.0,58.05673076923077,125.07307692307693,0.0,58.05673076923077,0.00042056973474339035,372.17596153846154
stratum_2-5,bfs,1500,312,3120,1.0,"[1.0, 1.0]",322.00192307692305,0.0,60.502884615384616,129.18365384615385,0.0,60.502884615384616,0.00043053285947117285,382.5048076923077
stratum_2-5,factorial_m0j0s0,25,312,3120,0.0,"[0.0, 0.0]",23.003205128205128,0.0,1.9967948717948718,0.0,0.0,1.9967948717948718,4.9365387978748635e-05,25.0
stratum_2-5,factorial_m0j0s0,50,312,3120,0.025961538461538466,"[0.020512820512820513, 0.03205128205128205]",44.575641025641026,0.0,5.181410256410256,0.0,0.0,5.181410256410256,8.571759517041918e-05,49.75705128205128
stratum_2-5,factorial_m0j0s0,100,312,3120,0.11410256410256411,"[0.10256410256410256, 0.12596153846153846]",83.75705128205128,0.0,12.707371794871795,0.0,0.0,12.707371794871795,0.00014820737191117726,96.46442307692308
stratum_2-5,factorial_m0j0s0,200,312,3120,0.328525641025641,"[0.30993589743589745, 0.3467948717948718]",146.64807692307693,0.0,27.7599358974359,0.0,0.0,27.7599358974359,0.00024270215758289665,174.40801282051282
stratum_2-5,factorial_m0j0s0,500,312,3120,0.4682692307692308,"[0.44871794871794873, 0.4881410256410257]",177.3448717948718,0.0,36.29102564102564,0.0,0.0,36.29102564102564,0.00028393788036341086,213.63589743589745
stratum_2-5,factorial_m0j0s0,1500,312,3120,0.4682692307692308,"[0.4503125, 0.4884615384615384]",177.3448717948718,0.0,36.29102564102564,0.0,0.0,36.29102564102564,0.0002821855085830276,213.63589743589745
stratum_2-5,factorial_m0j0s1,25,312,3120,0.0,"[0.0, 0.0]",23.003205128205128,0.0,1.9967948717948718,0.0,0.0,1.9967948717948718,4.2787613347172736e-05,25.0
stratum_2-5,factorial_m0j0s1,50,312,3120,0.0,"[0.0, 0.0]",45.8150641025641,0.0,4.1849358974358974,0.0,0.0,2.0,7.035838863931788e-05,50.0
stratum_2-5,factorial_m0j0s1,100,312,3120,0.0,"[0.0, 0.0]",90.98910256410257,0.0,9.010897435897435,0.0,0.0,2.0,0.00012797245528931036,100.0
stratum_2-5,factorial_m0j0s1,200,312,3120,0.054807692307692314,"[0.04647435897435898, 0.06314102564102565]",179.4051282051282,0.0,20.21826923076923,0.0,0.0,2.933333333333333,0.00026669631539008175,199.62339743589743
stratum_2-5,factorial_m0j0s1,500,312,3120,0.253525641025641,"[0.23589743589743592, 0.27115384615384613]",215.09326923076924,0.0,31.025961538461537,0.0,0.0,3.0,0.00030823420339192337,246.11923076923077
stratum_2-5,factorial_m0j0s1,1500,312,3120,0.253525641025641,"[0.23685096153846155, 0.27115384615384613]",215.09326923076924,0.0,31.025961538461537,0.0,0.0,3.0,0.00030640766132049833,246.11923076923077
stratum_2-5,factorial_m0j1s0,25,312,3120,0.0,"[0.0, 0.0]",19.067307692307693,4.9326923076923075,1.0,0.0,0.4935897435897436,1.0,2.9063699707293356e-05,25.0
stratum_2-5,factorial_m0j1s0,50,312,3120,0.0,"[0.0, 0.0]",27.798076923076923,20.201923076923077,2.0,0.0,2.6791666666666667,2.0,5.061345216698753e-05,50.0
stratum_2-5,factorial_m0j1s0,100,312,3120,0.6121794871794872,"[0.5570432692307693, 0.6637820512820513]",40.57435897435897,37.23717948717949,4.041666666666667,0.0,16.3025641025641,4.041666666666667,7.769068738875481e-05,81.85320512820513
stratum_2-5,factorial_m0j1s0,200,312,3120,0.8487179487179487,"[0.8086378205128205, 0.8878205128205128]",51.78333333333333,47.73717948717949,5.487179487179487,0.0,25.22948717948718,5.487179487179487,9.639883646741509e-05,105.00769230769231
stratum_2-5,factorial_m0j1s0,500,312,3120,0.9807692307692307,"[0.9647435897435898, 0.9935897435897436]",58.74423076923077,53.87820512820513,6.483974358974359,0.0,30.682692307692307,6.483974358974359,0.00010811354582890486,119.10641025641026
stratum_2-5,factorial_m0j1s0,1500,312,3120,0.9807692307692307,"[0.9647435897435898, 0.9935897435897436]",58.74423076923077,53.87820512820513,6.483974358974359,0.0,30.682692307692307,6.483974358974359,0.0001075760750935819,119.10641025641026
stratum_2-5,factorial_m0j1s1,25,312,3120,0.0,"[0.0, 0.0]",19.067307692307693,4.9326923076923075,1.0,0.0,0.4935897435897436,1.0,2.9010184777852817e-05,25.0
stratum_2-5,factorial_m0j1s1,50,312,3120,0.0,"[0.0, 0.0]",27.798076923076923,20.201923076923077,2.0,0.0,2.6791666666666667,2.0,4.886743815568013e-05,50.0
stratum_2-5,factorial_m0j1s1,100,312,3120,0.0,"[0.0, 0.0]",49.256410256410255,46.17628205128205,4.5673076923076925,0.0,24.35544871794872,2.0,8.681016908480953e-05,100.0
stratum_2-5,factorial_m0j1s1,200,312,3120,0.003205128205128205,"[0.0, 0.009615384615384616]",97.4650641025641,92.76602564102564,9.653846153846153,0.0,66.56442307692308,2.003205128205128,0.00016234646318480372,199.8849358974359
stratum_2-5,factorial_m0j1s1,500,312,3120,0.9807692307692307,"[0.9647435897435898, 0.9935897435897436]",171.36282051282052,167.19230769230768,18.291666666666668,0.0,136.06410256410257,2.996794871794872,0.0002863130744140691,356.8467948717949
stratum_2-5,factorial_m0j1s1,1500,312,3120,0.9807692307692307,"[0.9647435897435898, 0.9935897435897436]",171.36282051282052,167.19230769230768,18.291666666666668,0.0,136.06410256410257,2.996794871794872,0.00028536724529635064,356.8467948717949
stratum_2-5,factorial_m1j0s0,25,312,3120,0.0,"[0.0, 0.0]",23.003205128205128,0.0,1.9967948717948718,0.7810897435897436,0.0,1.9967948717948718,4.607476085090102e-05,25.0
stratum_2-5,factorial_m1j0s0,50,312,3120,0.02564102564102564,"[0.020192307692307693, 0.03141025641025641]",44.55673076923077,0.0,5.203205128205128,2.384294871794872,0.0,5.203205128205128,8.485853457106994e-05,49.759935897435895
stratum_2-5,factorial_m1j0s0,100,312,3120,0.1233974358974359,"[0.1108974358974359, 0.1355769230769231]",83.75352564102565,0.0,12.540384615384616,9.454807692307693,0.0,12.540384615384616,0.0001479226579435934,96.29391025641026
stratum_2-5,factorial_m1j0s0,200,312,3120,0.36698717948717946,"[0.34742788461538465, 0.38526442307692305]",144.71602564102565,0.0,26.74230769230769,29.037820512820513,0.0,26.74230769230769,0.00023600042570764436,171.45833333333334
stratum_2-5,factorial_m1j0s0,500,312,3120,0.482051282051282,"[0.46153846153846156, 0.5025641025641026]",165.8048076923077,0.0,32.614423076923075,38.59102564102564,0.0,32.614423076923075,0.00026355540194811347,198.41923076923078
stratum_2-5,factorial_m1j0s0,1500,312,3120,0.482051282051282,"[0.46282051282051284, 0.5025641025641026]",165.8048076923077,0.0,32.614423076923075,38.59102564102564,0.0,32.614423076923075,0.00026212884740044293,198.41923076923078
stratum_2-5,factorial_m1j0s1,25,312,3120,0.0,"[0.0, 0.0]",23.003205128205128,0.0,1.9967948717948718,0.7810897435897436,0.0,1.9967948717948718,4.308845471734038e-05,25.0
stratum_2-5,factorial_m1j0s1,50,312,3120,0.0,"[0.0, 0.0]",45.81602564102564,0.0,4.183974358974359,2.9221153846153847,0.0,2.0,7.116437071743301e-05,50.0
stratum_2-5,factorial_m1j0s1,100,312,3120,0.0,"[0.0, 0.0]",90.99038461538461,0.0,9.009615384615385,16.024679487179487,0.0,2.0,0.00012723948830404343,100.0
stratum_2-5,factorial_m1j0s1,200,312,3120,0.07147435897435897,"[0.06056891025641025, 0.08333333333333333]",178.7426282051282,0.0,20.524358974358975,58.37820512820513,0.0,2.9503205128205128,0.00024561131587968424,199.2669871794872
stratum_2-5,factorial_m1j0s1,500,312,3120,0.28044871794871795,"[0.26153044871794867, 0.29967948717948717]",211.5455128205128,0.0,30.475,64.08269230769231,0.0,3.0,0.0002844405312759754,242.02051282051283
stratum_2-5,factorial_m1j0s1,1500,312,3120,0.28044871794871795,"[0.2608974358974359, 0.3009615384615385]",211.5455128205128,0.0,30.475,64.08269230769231,0.0,3.0,0.0002830016674497762,242.02051282051283
stratum_2-5,factorial_m1j1s0,25,312,3120,0.0,"[0.0, 0.0]",19.067307692307693,4.9326923076923075,1.0,0.7596153846153846,0.49583333333333335,1.0,2.9738078741595532e-05,25.0
stratum_2-5,factorial_m1j1s0,50,312,3120,0.0,"[0.0, 0.0]",28.028846153846153,19.958333333333332,2.0128205128205128,0.9833333333333333,3.0612179487179487,2.0128205128205128,5.1318151124108296e-05,50.0
stratum_2-5,factorial_m1j1s0,100,312,3120,0.653525641025641,"[0.6009535256410257, 0.705136217948718]",41.34070512820513,35.57692307692308,4.134615384615385,2.4076923076923076,15.551282051282051,4.134615384615385,7.84276342855241e-05,81.05224358974358
stratum_2-5,factorial_m1j1s0,200,312,3120,0.8983974358974359,"[0.8641025641025641, 0.9304567307692307]",52.151923076923076,43.14102564102564,5.512820512820513,5.543910256410256,21.940064102564104,5.512820512820513,9.514938126533077e-05,100.80576923076923
stratum_2-5,factorial_m1j1s0,500,312,3120,0.9871794871794872,"[0.9743589743589743, 0.9967948717948718]",56.01378205128205,44.919871794871796,6.028846153846154,7.352884615384616,23.506410256410255,6.028846153846154,0.00010058425593739137,106.9625
stratum_2-5,factorial_m1j1s0,1500,312,3120,0.9871794871794872,"[0.9743589743589743, 0.9967948717948718]",56.01378205128205,44.919871794871796,6.028846153846154,7.352884615384616,23.506410256410255,6.028846153846154,0.00010002682773539654,106.9625
stratum_2-5,factorial_m1j1s1,25,312,3120,0.0,"[0.0, 0.0]",19.067307692307693,4.9326923076923075,1.0,0.7596153846153846,0.49583333333333335,1.0,2.9803876084490465e-05,25.0
stratum_2-5,factorial_m1j1s1,50,312,3120,0.0,"[0.0, 0.0]",28.028846153846153,19.958333333333332,2.0128205128205128,0.9833333333333333,3.0612179487179487,2.0,4.999145405749098e-05,50.0
stratum_2-5,factorial_m1j1s1,100,312,3120,0.0,"[0.0, 0.0]",51.294871794871796,43.93910256410256,4.766025641025641,3.9368589743589744,23.273397435897436,2.0,8.953219870678507e-05,100.0
stratum_2-5,factorial_m1j1s1,200,312,3120,0.027564102564102563,"[0.011538461538461539, 0.046794871794871795]",107.48942307692307,81.40064102564102,10.73397435897436,23.647435897435898,57.99839743589744,2.0288461538461537,0.00017072102681805308,199.62403846153848
stratum_2-5,factorial_m1j1s1,500,312,3120,0.9903846153846154,"[0.9775641025641025, 1.0]",166.4272435897436,107.32051282051282,17.60576923076923,56.001282051282054,82.48397435897436,2.996794871794872,0.00025129093973634716,291.35352564102567
stratum_2-5,factorial_m1j1s1,1500,312,3120,0.9903846153846154,"[0.9775641025641025, 1.0]",166.4272435897436,107.32051282051282,17.60576923076923,56.001282051282054,82.48397435897436,2.996794871794872,0.00025042431273808083,291.35352564102567
stratum_2-5,frontier_without_merging,25,312,3120,0.0,"[0.0, 0.0]",19.067307692307693,4.9326923076923075,1.0,0.0,0.4935897435897436,1.0,2.9051164463640023e-05,25.0
stratum_2-5,frontier_without_merging,50,312,3120,0.0,"[0.0, 0.0]",27.798076923076923,20.201923076923077,2.0,0.0,2.6791666666666667,2.0,4.898633640737106e-05,50.0
stratum_2-5,frontier_without_merging,100,312,3120,0.0,"[0.0, 0.0]",49.256410256410255,46.17628205128205,4.5673076923076925,0.0,24.35544871794872,2.0,8.68484816657236e-05,100.0
stratum_2-5,frontier_without_merging,200,312,3120,0.003205128205128205,"[0.0, 0.009615384615384616]",97.4650641025641,92.76602564102564,9.653846153846153,0.0,66.56442307692308,2.003205128205128,0.0001624068612447725,199.8849358974359
stratum_2-5,frontier_without_merging,500,312,3120,0.9807692307692307,"[0.9647435897435898, 0.9935897435897436]",171.36282051282052,167.19230769230768,18.291666666666668,0.0,136.06410256410257,2.996794871794872,0.00028654547581353633,356.8467948717949
stratum_2-5,frontier_without_merging,1500,312,3120,0.9807692307692307,"[0.9647435897435898, 0.9935897435897436]",171.36282051282052,167.19230769230768,18.291666666666668,0.0,136.06410256410257,2.996794871794872,0.0002856380342004391,356.8467948717949
stratum_2-5,full_interference_search,25,312,3120,0.0,"[0.0, 0.0]",19.067307692307693,4.9326923076923075,1.0,0.7596153846153846,0.49583333333333335,1.0,2.9902576277844416e-05,25.0
stratum_2-5,full_interference_search,50,312,3120,0.0,"[0.0, 0.0]",28.028846153846153,19.958333333333332,2.0128205128205128,0.9833333333333333,3.0612179487179487,2.0,5.011254539474463e-05,50.0
stratum_2-5,full_interference_search,100,312,3120,0.0,"[0.0, 0.0]",51.294871794871796,43.93910256410256,4.766025641025641,3.9368589743589744,23.273397435897436,2.0,8.962267132189411e-05,100.0
stratum_2-5,full_interference_search,200,312,3120,0.027564102564102563,"[0.011538461538461539, 0.04871794871794872]",107.48942307692307,81.40064102564102,10.73397435897436,23.647435897435898,57.99839743589744,2.0288461538461537,0.00017071952714990728,199.62403846153848
stratum_2-5,full_interference_search,500,312,3120,0.9903846153846154,"[0.9775641025641025, 1.0]",166.4272435897436,107.32051282051282,17.60576923076923,56.001282051282054,82.48397435897436,2.996794871794872,0.0002513689415839811,291.35352564102567
stratum_2-5,full_interference_search,1500,312,3120,0.9903846153846154,"[0.9775641025641025, 1.0]",166.4272435897436,107.32051282051282,17.60576923076923,56.001282051282054,82.48397435897436,2.996794871794872,0.00025036777309977857,291.35352564102567
stratum_2-5,hand_bound_frontier,25,312,3120,0.0,"[0.0, 0.0]",23.003205128205128,0.0,1.9967948717948718,0.7798076923076923,0.7817307692307692,1.9967948717948718,5.292909590002054e-05,25.0
stratum_2-5,hand_bound_frontier,50,312,3120,0.0,"[0.0, 0.0]",45.8150641025641,0.0,4.1849358974358974,2.8987179487179486,3.7634615384615384,2.0,8.872683512237974e-05,50.0
stratum_2-5,hand_bound_frontier,100,312,3120,0.0,"[0.0, 0.0]",90.98910256410257,0.0,9.010897435897435,15.943910256410257,8.307051282051281,2.0,0.0001574989357509483,100.0
stratum_2-5,hand_bound_frontier,200,312,3120,0.08942307692307692,"[0.07627403846153845, 0.10416666666666667]",178.30705128205128,0.0,20.589423076923076,57.58846153846154,12.330448717948718,2.9564102564102566,0.00028693911482174044,198.89647435897436
stratum_2-5,hand_bound_frontier,500,312,3120,0.325,"[0.303525641025641, 0.34647435897435896]",209.5349358974359,0.0,30.083653846153847,62.61987179487179,12.342948717948717,3.0,0.0003241152302600825,239.61858974358975
stratum_2-5,hand_bound_frontier,1500,312,3120,0.325,"[0.3041666666666667, 0.34647435897435896]",209.5349358974359,0.0,30.083653846153847,62.61987179487179,12.342948717948717,3.0,0.00032277429768911154,239.61858974358975
stratum_2-5,independent_parallel,25,312,3120,0.0,"[0.0, 0.0]",19.067307692307693,4.9326923076923075,1.0,0.0,0.0,1.0,2.9108611842951713e-05,25.0
stratum_2-5,independent_parallel,50,312,3120,0.0,"[0.0, 0.0]",27.700641025641026,20.299358974358974,2.0,0.0,0.0,2.0,7.860148056911734e-05,50.0
stratum_2-5,independent_parallel,100,312,3120,0.0,"[0.0, 0.0]",49.186217948717946,46.1875,4.626282051282051,0.0,0.0,2.0,0.00011492836295077816,100.0
stratum_2-5,independent_parallel,200,312,3120,0.0,"[0.0, 0.0]",97.53589743589744,92.79775641025641,9.666346153846154,0.0,0.0,2.0,0.000186821889394942,200.0
stratum_2-5,independent_parallel,500,312,3120,0.9596153846153845,"[0.9467948717948718, 0.9711538461538461]",187.3375,171.72435897435898,22.3625,0.0,0.0,3.0753205128205128,0.0003734600470544627,381.424358974359
stratum_2-5,independent_parallel,1500,312,3120,0.9958333333333333,"[0.9929487179487178, 0.9983974358974359]",196.73333333333332,179.94294871794872,23.608333333333334,0.0,0.0,3.164102564102564,0.00038961113926071005,400.2846153846154
stratum_2-5,merging_without_learned_judge,25,312,3120,0.0,"[0.0, 0.0]",23.003205128205128,0.0,1.9967948717948718,0.7810897435897436,0.0,1.9967948717948718,4.3302541598677635e-05,25.0
stratum_2-5,merging_without_learned_judge,50,312,3120,0.0,"[0.0, 0.0]",45.81602564102564,0.0,4.183974358974359,2.9221153846153847,0.0,2.0,7.145051987698445e-05,50.0
stratum_2-5,merging_without_learned_judge,100,312,3120,0.0,"[0.0, 0.0]",90.99038461538461,0.0,9.009615384615385,16.024679487179487,0.0,2.0,0.00012762495047914294,100.0
stratum_2-5,merging_without_learned_judge,200,312,3120,0.07147435897435897,"[0.06057692307692307, 0.08365384615384615]",178.7426282051282,0.0,20.524358974358975,58.37820512820513,0.0,2.9503205128205128,0.00024586752242146013,199.2669871794872
stratum_2-5,merging_without_learned_judge,500,312,3120,0.28044871794871795,"[0.2605769230769231, 0.3003205128205128]",211.5455128205128,0.0,30.475,64.08269230769231,0.0,3.0,0.00028515504255222204,242.02051282051283
stratum_2-5,merging_without_learned_judge,1500,312,3120,0.28044871794871795,"[0.26121794871794873, 0.29903846153846153]",211.5455128205128,0.0,30.475,64.08269230769231,0.0,3.0,0.0002837052685208619,242.02051282051283
stratum_2-5,single_line,25,312,3120,0.0,"[0.0, 0.0]",19.067307692307693,4.9326923076923075,1.0,0.0,0.0,1.0,2.909170475621254e-05,25.0
stratum_2-5,single_line,50,312,3120,0.0,"[0.0, 0.0]",27.700641025641026,20.299358974358974,2.0,0.0,0.0,2.0,5.0825972814494984e-05,50.0
stratum_2-5,single_line,100,312,3120,0.17115384615384618,"[0.15673076923076926, 0.18621794871794875]",47.72403846153846,41.667307692307695,4.093910256410257,0.0,0.0,4.093910256410257,8.609344054443332e-05,93.48525641025641
stratum_2-5,single_line,200,312,3120,0.41634615384615375,"[0.3923076923076923, 0.4400721153846154]",84.81538461538462,71.65673076923076,7.988141025641026,0.0,0.0,7.988141025641026,0.00014951031308812208,164.46025641025642
stratum_2-5,single_line,500,312,3120,0.705448717948718,"[0.6820432692307692, 0.730136217948718]",147.40384615384616,131.91634615384615,13.932051282051281,0.0,0.0,13.932051282051281,0.0002595008040467898,293.2522435897436
stratum_2-5,single_line,1500,312,3120,0.9394230769230768,"[0.925320512820513, 0.9528926282051283]",216.2022435897436,195.49871794871794,20.492628205128206,0.0,0.0,20.492628205128206,0.00038086903424790273,432.19358974358977
stratum_6-20,beam,25,350,3500,0.0,"[0.0, 0.0]",18.934285714285714,5.065714285714286,1.0,1.7085714285714286,0.0,1.0,2.9671025595494678e-05,25.0
stratum_6-20,beam,50,350,3500,0.0,"[0.0, 0.0]",28.094285714285714,19.87142857142857,2.0342857142857143,2.255714285714286,0.0,2.0,4.982281768960612e-05,50.0
stratum_6-20,beam,100,350,3500,0.0,"[0.0, 0.0]",52.81428571428572,42.294285714285714,4.8914285714285715,6.940285714285714,0.0,2.0,8.808054721781186e-05,100.0
stratum_6-20,beam,200,350,3500,0.014285714285714285,"[0.002857142857142857, 0.025714285714285714]",111.886,76.47428571428571,11.257142857142858,33.46942857142857,0.0,2.0142857142857142,0.0001680963680680309,199.61742857142858
stratum_6-20,beam,500,350,3500,1.0,"[1.0, 1.0]",165.63057142857141,101.08857142857143,17.442857142857143,62.238,0.0,3.0,0.0002508840076625347,284.162
stratum_6-20,beam,1500,350,3500,1.0,"[1.0, 1.0]",165.63057142857141,101.08857142857143,17.442857142857143,62.238,0.0,3.0,0.00024927909672260284,284.162
stratum_6-20,best_first,25,350,3500,0.0,"[0.0, 0.0]",18.934285714285714,5.065714285714286,1.0,1.7085714285714286,0.0,1.0,2.950570173561573e-05,25.0
stratum_6-20,best_first,50,350,3500,0.004857142857142857,"[0.0, 0.012571428571428572]",28.085428571428572,19.87142857142857,2.0342857142857143,2.25,0.0,2.0342857142857143,4.875084065965244e-05,49.991142857142854
stratum_6-20,best_first,100,350,3500,0.8768571428571428,"[0.8417071428571429, 0.9094285714285715]",36.55457142857143,30.748571428571427,3.677142857142857,3.350285714285714,0.0,3.677142857142857,6.532241084745952e-05,70.98028571428571
stratum_6-20,best_first,200,350,3500,0.9914285714285714,"[0.98, 1.0]",38.56514285714286,32.13142857142857,3.96,3.9057142857142857,0.0,3.96,6.824577759419168e-05,74.65657142857143
stratum_6-20,best_first,500,350,3500,1.0,"[1.0, 1.0]",38.89457142857143,32.29142857142857,4.005714285714285,4.076,0.0,4.005714285714285,6.882391470883574e-05,75.19171428571428
stratum_6-20,best_first,1500,350,3500,1.0,"[1.0, 1.0]",38.89457142857143,32.29142857142857,4.005714285714285,4.076,0.0,4.005714285714285,6.842958740890027e-05,75.19171428571428
stratum_6-20,bfs,25,350,3500,0.0,"[0.0, 0.0]",23.0,0.0,2.0,1.7397142857142858,0.0,2.0,4.1457396798900195e-05,25.0
stratum_6-20,bfs,50,350,3500,0.0,"[0.0, 0.0]",45.750571428571426,0.0,4.249428571428571,4.231714285714285,0.0,4.249428571428571,7.146214959876879e-05,50.0
stratum_6-20,bfs,100,350,3500,0.00028571428571428574,"[0.0, 0.0008571428571428573]",90.92428571428572,0.0,9.074571428571428,19.028285714285715,0.0,9.074571428571428,0.0001301076811339174,99.99885714285715
stratum_6-20,bfs,200,350,3500,0.0837142857142857,"[0.06684999999999999, 0.10257142857142856]",178.26857142857142,0.0,19.764,67.97571428571429,0.0,19.764,0.00023802136869302816,198.03257142857143
stratum_6-20,bfs,500,350,3500,0.9914285714285714,"[0.988, 0.9945714285714287]",240.41857142857143,0.0,37.35028571428571,95.67971428571428,0.0,37.35028571428571,0.00031992647105029653,277.76885714285714
stratum_6-20,bfs,1500,350,3500,1.0,"[1.0, 1.0]",240.66714285714286,0.0,37.426857142857145,95.80857142857143,0.0,37.426857142857145,0.00031947492196091585,278.094
stratum_6-20,factorial_m0j0s0,25,350,3500,0.0,"[0.0, 0.0]",23.0,0.0,2.0,0.0,0.0,2.0,4.901885613799095e-05,25.0
stratum_6-20,factorial_m0j0s0,50,350,3500,0.11599999999999998,"[0.10628571428571429, 0.12657142857142856]",43.94171428571428,0.0,5.091714285714286,0.0,0.0,5.091714285714286,8.482304321868079e-05,49.03342857142857
stratum_6-20,factorial_m0j0s0,100,350,3500,0.4325714285714286,"[0.41314285714285715, 0.45199999999999996]",73.66371428571429,0.0,10.723428571428572,0.0,0.0,10.723428571428572,0.000132222019135952,84.38714285714286
stratum_6-20,factorial_m0j0s0,200,350,3500,0.7911428571428573,"[0.772, 0.8097142857142858]",102.55285714285715,0.0,17.533428571428573,0.0,0.0,17.533428571428573,0.00017557397564607006,120.08628571428571
stratum_6-20,factorial_m0j0s0,500,350,3500,0.886,"[0.8711428571428571, 0.89915]",109.558,0.0,19.438,0.0,0.0,19.438,0.0001842618587293795,128.996
stratum_6-20,factorial_m0j0s0,1500,350,3500,0.886,"[0.8714285714285716, 0.8997142857142858]",109.558,0.0,19.438,0.0,0.0,19.438,0.0001831455273287637,128.996
stratum_6-20,factorial_m0j0s1,25,350,3500,0.0,"[0.0, 0.0]",23.0,0.0,2.0,0.0,0.0,2.0,4.261361594711031e-05,25.0
stratum_6-20,factorial_m0j0s1,50,350,3500,0.0,"[0.0, 0.0]",45.75257142857143,0.0,4.247428571428571,0.0,0.0,2.0,7.047929960702147e-05,50.0
stratum_6-20,factorial_m0j0s1,100,350,3500,0.0,"[0.0, 0.0]",90.92628571428571,0.0,9.073714285714285,0.0,0.0,2.0,0.000128097517149789,100.0
stratum_6-20,factorial_m0j0s1,200,350,3500,0.23857142857142857,"[0.22, 0.25771428571428573]",178.03571428571428,0.0,20.103142857142856,0.0,0.0,2.952,0.00026520937149013794,198.13885714285715
stratum_6-20,factorial_m0j0s1,500,350,3500,0.7277142857142856,"[0.7059928571428571, 0.7482857142857143]",198.2957142857143,0.0,26.283142857142856,0.0,0.0,3.0,0.0002875112473432507,224.57885714285715
stratum_6-20,factorial_m0j0s1,1500,350,3500,0.7277142857142856,"[0.7051428571428572, 0.7502857142857143]",198.2957142857143,0.0,26.283142857142856,0.0,0.0,3.0,0.0002856081479362079,224.57885714285715
stratum_6-20,factorial_m0j1s0,25,350,3500,0.0,"[0.0, 0.0]",18.934285714285714,5.065714285714286,1.0,0.0,0.4328571428571429,1.0,2.8958234137722424e-05,25.0
stratum_6-20,factorial_m0j1s0,50,350,3500,0.0,"[0.0, 0.0]",27.737142857142857,20.262857142857143,2.0,0.0,2.430285714285714,2.0,5.071298565183367e-05,50.0
stratum_6-20,factorial_m0j1s0,100,350,3500,0.835142857142857,"[0.7957142857142857, 0.8722857142857141]",36.21742857142857,33.537142857142854,3.6285714285714286,0.0,11.050285714285714,3.6285714285714286,7.23835469356605e-05,73.38314285714286
stratum_6-20,factorial_m0j1s0,200,350,3500,0.9657142857142857,"[0.9457142857142857, 0.9828571428571429]",39.419714285714285,36.537142857142854,4.074285714285714,0.0,13.268285714285714,4.074285714285714,7.797024186168399e-05,80.03114285714285
stratum_6-20,factorial_m0j1s0,500,350,3500,0.9971428571428571,"[0.9914285714285714, 1.0]",40.85,37.72571428571428,4.3,0.0,14.205714285714286,4.3,8.042460254260472e-05,82.87571428571428
stratum_6-20,factorial_m0j1s0,1500,350,3500,1.0,"[1.0, 1.0]",40.90971428571429,37.72571428571428,4.314285714285714,0.0,14.205714285714286,4.314285714285714,8.002215224717345e-05,82.94971428571428
stratum_6-20,factorial_m0j1s1,25,350,3500,0.0,"[0.0, 0.0]",18.934285714285714,5.065714285714286,1.0,0.0,0.4328571428571429,1.0,2.894926204213074e-05,25.0
stratum_6-20,factorial_m0j1s1,50,350,3500,0.0,"[0.0, 0.0]",27.737142857142857,20.262857142857143,2.0,0.0,2.430285714285714,2.0,4.8769423738121983e-05,50.0
stratum_6-20,factorial_m0j1s1,100,350,3500,0.0,"[0.0, 0.0]",49.18571428571428,46.182857142857145,4.631428571428572,0.0,19.762857142857143,2.0,8.673060445913246e-05,100.0
stratum_6-20,factorial_m0j1s1,200,350,3500,0.0,"[0.0, 0.0]",97.56571428571428,92.7,9.734285714285715,0.0,53.07657142857143,2.0,0.00016199291444250516,200.0
stratum_6-20,factorial_m0j1s1,500,350,3500,0.9971428571428571,"[0.9914285714285714, 1.0]",169.634,167.04,17.917142857142856,0.0,113.93142857142857,3.0,0.0002861011501933847,354.59114285714287
stratum_6-20,factorial_m0j1s1,1500,350,3500,0.9971428571428571,"[0.9914285714285714, 1.0]",169.634,167.04,17.917142857142856,0.0,113.93142857142857,3.0,0.00028489560766943866,354.59114285714287
stratum_6-20,factorial_m1j0s0,25,350,3500,0.0,"[0.0, 0.0]",23.0,0.0,2.0,1.7437142857142858,0.0,2.0,4.4759487201060565e-05,25.0
stratum_6-20,factorial_m1j0s0,50,350,3500,0.126,"[0.11542142857142856, 0.13714285714285715]",43.82628571428572,0.0,5.1657142857142855,3.6654285714285715,0.0,5.1657142857142855,8.211746944912843e-05,48.992
stratum_6-20,factorial_m1j0s0,100,350,3500,0.4268571428571429,"[0.4059928571428571, 0.4482928571428571]",73.88057142857143,0.0,10.790285714285714,9.516857142857143,0.0,10.790285714285714,0.00013003269210457803,84.67085714285714
stratum_6-20,factorial_m1j0s0,200,350,3500,0.8045714285714286,"[0.7854285714285714, 0.8237142857142857]",103.062,0.0,17.570285714285713,19.236285714285714,0.0,17.570285714285713,0.00017172236713979924,120.63228571428571
stratum_6-20,factorial_m1j0s0,500,350,3500,0.8842857142857142,"[0.8674285714285715, 0.8994285714285716]",107.32114285714286,0.0,18.743714285714287,21.222285714285714,0.0,18.743714285714287,0.00017689528688788413,126.06485714285714
stratum_6-20,factorial_m1j0s0,1500,350,3500,0.8842857142857142,"[0.8685642857142857, 0.9]",107.32114285714286,0.0,18.743714285714287,21.222285714285714,0.0,18.743714285714287,0.0001758803224989346,126.06485714285714
stratum_6-20,factorial_m1j0s1,25,350,3500,0.0,"[0.0, 0.0]",23.0,0.0,2.0,1.7437142857142858,0.0,2.0,4.253244293587548e-05,25.0
stratum_6-20,factorial_m1j0s1,50,350,3500,0.0,"[0.0, 0.0]",45.755714285714284,0.0,4.244285714285715,4.456285714285714,0.0,2.0,7.069419430834906e-05,50.0
stratum_6-20,factorial_m1j0s1,100,350,3500,0.0005714285714285715,"[0.0, 0.0017142857142857146]",90.91914285714286,0.0,9.076285714285714,19.072,0.0,2.0028571428571427,0.00012622373897050107,99.99542857142858
stratum_6-20,factorial_m1j0s1,200,350,3500,0.26485714285714285,"[0.24457142857142855, 0.28628571428571425]",175.39114285714285,0.0,20.531714285714287,61.63,0.0,2.98,0.00023932802038533347,195.92285714285714
stratum_6-20,factorial_m1j0s1,500,350,3500,0.6888571428571427,"[0.6662857142857143, 0.7117142857142857]",193.88028571428572,0.0,26.175428571428572,64.73971428571429,0.0,3.0,0.0002605174213115658,220.0557142857143
stratum_6-20,factorial_m1j0s1,1500,350,3500,0.6888571428571427,"[0.6665714285714286, 0.7117142857142856]",193.88028571428572,0.0,26.175428571428572,64.73971428571429,0.0,3.0,0.0002590847374605281,220.0557142857143
stratum_6-20,factorial_m1j1s0,25,350,3500,0.0,"[0.0, 0.0]",18.934285714285714,5.065714285714286,1.0,1.7085714285714286,0.43885714285714283,1.0,2.9594823185886655e-05,25.0
stratum_6-20,factorial_m1j1s0,50,350,3500,0.004857142857142857,"[0.0, 0.012571428571428572]",28.085428571428572,19.87142857142857,2.0342857142857143,2.25,3.2968571428571427,2.0342857142857143,5.072046204337052e-05,49.991142857142854
stratum_6-20,factorial_m1j1s0,100,350,3500,0.8768571428571428,"[0.8422714285714286, 0.9094285714285715]",36.55457142857143,30.748571428571427,3.677142857142857,3.350285714285714,10.254285714285714,3.677142857142857,7.059245822685105e-05,70.98028571428571
stratum_6-20,factorial_m1j1s0,200,350,3500,0.9914285714285714,"[0.98, 1.0]",38.56514285714286,32.13142857142857,3.96,3.9057142857142857,11.237142857142857,3.96,7.368440686592034e-05,74.65657142857143
stratum_6-20,factorial_m1j1s0,500,350,3500,1.0,"[1.0, 1.0]",38.89457142857143,32.29142857142857,4.005714285714285,4.076,11.371428571428572,4.005714285714285,7.424243619399412e-05,75.19171428571428
stratum_6-20,factorial_m1j1s0,1500,350,3500,1.0,"[1.0, 1.0]",38.89457142857143,32.29142857142857,4.005714285714285,4.076,11.371428571428572,4.005714285714285,7.377022531415735e-05,75.19171428571428
stratum_6-20,factorial_m1j1s1,25,350,3500,0.0,"[0.0, 0.0]",18.934285714285714,5.065714285714286,1.0,1.7085714285714286,0.43885714285714283,1.0,2.9643891113145012e-05,25.0
stratum_6-20,factorial_m1j1s1,50,350,3500,0.0,"[0.0, 0.0]",28.094285714285714,19.87142857142857,2.0342857142857143,2.255714285714286,3.2968571428571427,2.0,4.984830319881439e-05,50.0
stratum_6-20,factorial_m1j1s1,100,350,3500,0.0,"[0.0, 0.0]",52.81428571428572,42.294285714285714,4.8914285714285715,6.940285714285714,19.004571428571428,2.0,8.962996117770671e-05,100.0
stratum_6-20,factorial_m1j1s1,200,350,3500,0.04857142857142857,"[0.02857142857142857, 0.07142857142857142]",111.45857142857143,76.41142857142857,11.234285714285715,33.12771428571428,47.168571428571425,2.0485714285714285,0.00017185818829706736,199.1042857142857
stratum_6-20,factorial_m1j1s1,500,350,3500,1.0,"[1.0, 1.0]",160.1802857142857,98.86,16.87142857142857,59.04085714285714,67.61142857142858,3.0,0.0002400042348142181,275.9117142857143
stratum_6-20,factorial_m1j1s1,1500,350,3500,1.0,"[1.0, 1.0]",160.1802857142857,98.86,16.87142857142857,59.04085714285714,67.61142857142858,3.0,0.00023885796192501271,275.9117142857143
stratum_6-20,frontier_without_merging,25,350,3500,0.0,"[0.0, 0.0]",18.934285714285714,5.065714285714286,1.0,0.0,0.4328571428571429,1.0,2.899109705218247e-05,25.0
stratum_6-20,frontier_without_merging,50,350,3500,0.0,"[0.0, 0.0]",27.737142857142857,20.262857142857143,2.0,0.0,2.430285714285714,2.0,4.88720600094114e-05,50.0
stratum_6-20,frontier_without_merging,100,350,3500,0.0,"[0.0, 0.0]",49.18571428571428,46.182857142857145,4.631428571428572,0.0,19.762857142857143,2.0,8.676564613623279e-05,100.0
stratum_6-20,frontier_without_merging,200,350,3500,0.0,"[0.0, 0.0]",97.56571428571428,92.7,9.734285714285715,0.0,53.07657142857143,2.0,0.00016199765780142375,200.0
stratum_6-20,frontier_without_merging,500,350,3500,0.9971428571428571,"[0.9914285714285714, 1.0]",169.634,167.04,17.917142857142856,0.0,113.93142857142857,3.0,0.0002862966928098883,354.59114285714287
stratum_6-20,frontier_without_merging,1500,350,3500,0.9971428571428571,"[0.9914285714285714, 1.0]",169.634,167.04,17.917142857142856,0.0,113.93142857142857,3.0,0.0002852186784148216,354.59114285714287
stratum_6-20,full_interference_search,25,350,3500,0.0,"[0.0, 0.0]",18.934285714285714,5.065714285714286,1.0,1.7085714285714286,0.43885714285714283,1.0,2.9746716575963158e-05,25.0
stratum_6-20,full_interference_search,50,350,3500,0.0,"[0.0, 0.0]",28.094285714285714,19.87142857142857,2.0342857142857143,2.255714285714286,3.2968571428571427,2.0,4.994730677987848e-05,50.0
stratum_6-20,full_interference_search,100,350,3500,0.0,"[0.0, 0.0]",52.81428571428572,42.294285714285714,4.8914285714285715,6.940285714285714,19.004571428571428,2.0,8.970795837896211e-05,100.0
stratum_6-20,full_interference_search,200,350,3500,0.04857142857142857,"[0.02857142857142857, 0.07142857142857142]",111.45857142857143,76.41142857142857,11.234285714285715,33.12771428571428,47.168571428571425,2.0485714285714285,0.0001719675034816776,199.1042857142857
stratum_6-20,full_interference_search,500,350,3500,1.0,"[1.0, 1.0]",160.1802857142857,98.86,16.87142857142857,59.04085714285714,67.61142857142858,3.0,0.00023983389352049146,275.9117142857143
stratum_6-20,full_interference_search,1500,350,3500,1.0,"[1.0, 1.0]",160.1802857142857,98.86,16.87142857142857,59.04085714285714,67.61142857142858,3.0,0.00023893944440143449,275.9117142857143
stratum_6-20,hand_bound_frontier,25,350,3500,0.0,"[0.0, 0.0]",23.0,0.0,2.0,1.7402857142857142,0.3997142857142857,2.0,5.1956187135406904e-05,25.0
stratum_6-20,hand_bound_frontier,50,350,3500,0.0,"[0.0, 0.0]",45.755714285714284,0.0,4.244285714285715,4.432571428571428,1.5697142857142856,2.0,8.738525131983417e-05,50.0
stratum_6-20,hand_bound_frontier,100,350,3500,0.0025714285714285713,"[0.0, 0.0068571428571428585]",90.902,0.0,9.08457142857143,19.001714285714286,3.3022857142857145,2.0085714285714285,0.0001545860945646252,99.98657142857142
stratum_6-20,hand_bound_frontier,200,350,3500,0.292,"[0.26942142857142853, 0.3162857142857143]",174.36228571428572,0.0,20.457714285714285,60.63257142857143,4.724857142857143,2.98,0.000277171735518745,194.82
stratum_6-20,hand_bound_frontier,500,350,3500,0.7182857142857143,"[0.6977071428571429, 0.7394285714285714]",191.6702857142857,0.0,25.742857142857144,63.424285714285716,4.727428571428572,3.0,0.000297273273180638,217.41314285714284
stratum_6-20,hand_bound_frontier,1500,350,3500,0.7182857142857143,"[0.69685, 0.7391428571428573]",191.6702857142857,0.0,25.742857142857144,63.424285714285716,4.727428571428572,3.0,0.0002959677747317723,217.41314285714284
stratum_6-20,independent_parallel,25,350,3500,0.0,"[0.0, 0.0]",18.934285714285714,5.065714285714286,1.0,0.0,0.0,1.0,2.9023574931280955e-05,25.0
stratum_6-20,independent_parallel,50,350,3500,0.0,"[0.0, 0.0]",27.665142857142857,20.334857142857143,2.0,0.0,0.0,2.0,7.819597742387226e-05,50.0
stratum_6-20,independent_parallel,100,350,3500,0.0,"[0.0, 0.0]",49.220285714285716,46.11142857142857,4.668285714285714,0.0,0.0,2.0,0.00011461629878197398,100.0
stratum_6-20,independent_parallel,200,350,3500,0.0,"[0.0, 0.0]",97.65514285714286,92.62514285714286,9.719714285714286,0.0,0.0,2.0,0.0001864465908812625,200.0
stratum_6-20,independent_parallel,500,350,3500,0.9911428571428572,"[0.9862857142857142, 0.9954285714285713]",177.6,169.58542857142857,19.932285714285715,0.0,0.0,3.0171428571428573,0.00035830686294606754,367.11771428571427
stratum_6-20,independent_parallel,1500,350,3500,0.9997142857142857,"[0.9991428571428571, 1.0]",179.25914285714285,171.13628571428572,20.13342857142857,0.0,0.0,3.0314285714285716,0.00036023249423929623,370.52885714285713
stratum_6-20,merging_without_learned_judge,25,350,3500,0.0,"[0.0, 0.0]",23.0,0.0,2.0,1.7437142857142858,0.0,2.0,4.278141579457692e-05,25.0
stratum_6-20,merging_without_learned_judge,50,350,3500,0.0,"[0.0, 0.0]",45.755714285714284,0.0,4.244285714285715,4.456285714285714,0.0,2.0,7.09544944443873e-05,50.0
stratum_6-20,merging_without_learned_judge,100,350,3500,0.0005714285714285715,"[0.0, 0.0017142857142857146]",90.91914285714286,0.0,9.076285714285714,19.072,0.0,2.0028571428571427,0.0001265909666461604,99.99542857142858
stratum_6-20,merging_without_learned_judge,200,350,3500,0.26485714285714285,"[0.24514285714285713, 0.28515]",175.39114285714285,0.0,20.531714285714287,61.63,0.0,2.98,0.00023959824895220143,195.92285714285714
stratum_6-20,merging_without_learned_judge,500,350,3500,0.6888571428571427,"[0.666, 0.7114285714285714]",193.88028571428572,0.0,26.175428571428572,64.73971428571429,0.0,3.0,0.0002610233955617462,220.0557142857143
stratum_6-20,merging_without_learned_judge,1500,350,3500,0.6888571428571427,"[0.6662857142857144, 0.7111428571428572]",193.88028571428572,0.0,26.175428571428572,64.73971428571429,0.0,3.0,0.0002595969425248248,220.0557142857143
stratum_6-20,single_line,25,350,3500,0.0,"[0.0, 0.0]",18.934285714285714,5.065714285714286,1.0,0.0,0.0,1.0,2.893377547817571e-05,25.0
stratum_6-20,single_line,50,350,3500,0.0,"[0.0, 0.0]",27.665142857142857,20.334857142857143,2.0,0.0,0.0,2.0,5.0574359617062976e-05,50.0
stratum_6-20,single_line,100,350,3500,0.33314285714285713,"[0.3154214285714286, 0.35028571428571426]",44.12457142857143,39.062285714285714,3.9145714285714286,0.0,0.0,3.9145714285714286,8.085815901202814e-05,87.10142857142857
stratum_6-20,single_line,200,350,3500,0.6848571428571429,"[0.6637142857142857, 0.7057142857142857]",68.31628571428571,59.767428571428574,6.546571428571428,0.0,0.0,6.546571428571428,0.00012277457942920072,134.63028571428572
stratum_6-20,single_line,500,350,3500,0.92,"[0.9051428571428571, 0.9322857142857142]",93.61714285714285,84.88685714285714,8.958571428571428,0.0,0.0,8.958571428571428,0.0001671172987137522,187.46257142857144
stratum_6-20,single_line,1500,350,3500,0.9971428571428571,"[0.995142857142857, 0.9988571428571429]",103.76714285714286,94.55142857142857,9.928285714285714,0.0,0.0,9.928285714285714,0.0001844883978899036,208.24685714285715
stratum_>20,beam,25,163,1630,0.0,"[0.0, 0.0]",19.41717791411043,4.58282208588957,1.0,5.392638036809816,0.0,1.0,2.9751137927448824e-05,25.0
stratum_>20,beam,50,163,1630,0.0,"[0.0, 0.0]",29.25153374233129,18.484662576687118,2.263803680981595,7.011656441717792,0.0,2.0,5.072805333448334e-05,50.0
stratum_>20,beam,100,163,1630,0.0,"[0.0, 0.0]",56.22699386503067,38.607361963190186,5.1656441717791415,14.997546012269938,0.0,2.0,8.962417672748214e-05,100.0
stratum_>20,beam,200,163,1630,0.15950920245398773,"[0.10429447852760736, 0.2147239263803681]",114.1963190184049,67.01840490797547,11.294478527607362,44.84049079754601,0.0,2.1595092024539877,0.00016613766276763262,192.50920245398774
stratum_>20,beam,500,163,1630,1.0,"[1.0, 1.0]",146.84294478527607,81.60122699386503,15.012269938650308,63.1840490797546,0.0,3.0,0.0002173835977317731,243.45644171779142
stratum_>20,beam,1500,163,1630,1.0,"[1.0, 1.0]",146.84294478527607,81.60122699386503,15.012269938650308,63.1840490797546,0.0,3.0,0.000215835001411065,243.45644171779142
stratum_>20,best_first,25,163,1630,0.0,"[0.0, 0.0]",19.41717791411043,4.58282208588957,1.0,5.392638036809816,0.0,1.0,2.9580257375913162e-05,25.0
stratum_>20,best_first,50,163,1630,0.09386503067484663,"[0.049079754601226995, 0.141150306748466]",28.784662576687115,18.478527607361965,2.263803680981595,6.87239263803681,0.0,2.263803680981595,4.917517407265909e-05,49.526993865030676
stratum_>20,best_first,100,163,1630,0.9558282208588957,"[0.9239263803680982, 0.9865030674846627]",34.290184049079755,24.196319018404907,3.411042944785276,7.5036809815950924,0.0,3.411042944785276,5.8980237555467276e-05,61.89754601226994
stratum_>20,best_first,200,163,1630,1.0,"[1.0, 1.0]",34.665030674846626,24.552147239263803,3.4907975460122698,7.555828220858896,0.0,3.4907975460122698,5.950201988403051e-05,62.7079754601227
stratum_>20,best_first,500,163,1630,1.0,"[1.0, 1.0]",34.665030674846626,24.552147239263803,3.4907975460122698,7.555828220858896,0.0,3.4907975460122698,5.974989452976391e-05,62.7079754601227
stratum_>20,best_first,1500,163,1630,1.0,"[1.0, 1.0]",34.665030674846626,24.552147239263803,3.4907975460122698,7.555828220858896,0.0,3.4907975460122698,5.924304078784457e-05,62.7079754601227
stratum_>20,bfs,25,163,1630,0.0,"[0.0, 0.0]",23.012269938650306,0.0,1.9877300613496933,5.538036809815951,0.0,1.9877300613496933,4.044490883503955e-05,25.0
stratum_>20,bfs,50,163,1630,0.0,"[0.0, 0.0]",45.86319018404908,0.0,4.136809815950921,10.023926380368097,0.0,4.136809815950921,6.975893422595562e-05,50.0
stratum_>20,bfs,100,163,1630,0.011656441717791411,"[0.00245398773006135, 0.02392638036809816]",90.97423312883436,0.0,8.963803680981595,29.284049079754602,0.0,8.963803680981595,0.00012723953845950723,99.93803680981596
stratum_>20,bfs,200,163,1630,0.6190184049079756,"[0.5509049079754601, 0.6871165644171779]",156.57300613496932,0.0,17.67484662576687,66.14233128834356,0.0,17.67484662576687,0.00020721617034790706,174.2478527607362
stratum_>20,bfs,500,163,1630,0.9963190184049079,"[0.992638036809816, 0.9993865030674847]",179.5680981595092,0.0,22.942944785276072,77.39386503067485,0.0,22.942944785276072,0.00023622690111490115,202.5110429447853
stratum_>20,bfs,1500,163,1630,1.0,"[1.0, 1.0]",179.7,0.0,22.98159509202454,77.46871165644171,0.0,22.98159509202454,0.0002356174493357082,202.68159509202454
stratum_>20,factorial_m0j0s0,25,163,1630,0.0,"[0.0, 0.0]",23.012269938650306,0.0,1.9877300613496933,0.0,0.0,1.9877300613496933,4.924890282421024e-05,25.0
stratum_>20,factorial_m0j0s0,50,163,1630,0.24662576687116566,"[0.2245398773006135, 0.2687116564417178]",43.05766871165644,0.0,4.80920245398773,0.0,0.0,4.80920245398773,8.279236570640575e-05,47.86687116564417
stratum_>20,factorial_m0j0s0,100,163,1630,0.7116564417177914,"[0.6828067484662577, 0.7423312883435583]",64.08220858895706,0.0,8.626993865030675,0.0,0.0,8.626993865030675,0.00011603291335007164,72.70920245398773
stratum_>20,factorial_m0j0s0,200,163,1630,0.9674846625766871,"[0.9570552147239264, 0.9766871165644173]",74.16319018404909,0.0,10.831901840490797,0.0,0.0,10.831901840490797,0.00013070595993494694,84.99509202453987
stratum_>20,factorial_m0j0s0,500,163,1630,0.9920245398773005,"[0.9858895705521473, 0.9969325153374233]",75.13067484662577,0.0,11.084662576687117,0.0,0.0,11.084662576687117,0.0001312587890156939,86.21533742331289
stratum_>20,factorial_m0j0s0,1500,163,1630,0.9920245398773005,"[0.9858895705521472, 0.9969325153374233]",75.13067484662577,0.0,11.084662576687117,0.0,0.0,11.084662576687117,0.00013048041417646261,86.21533742331289
stratum_>20,factorial_m0j0s1,25,163,1630,0.0,"[0.0, 0.0]",23.012269938650306,0.0,1.9877300613496933,0.0,0.0,1.9877300613496933,4.282736282315722e-05,25.0
stratum_>20,factorial_m0j0s1,50,163,1630,0.0,"[0.0, 0.0]",45.867484662576686,0.0,4.132515337423313,0.0,0.0,2.0,7.065034477165871e-05,50.0
stratum_>20,factorial_m0j0s1,100,163,1630,0.0,"[0.0, 0.0]",91.07300613496932,0.0,8.926993865030674,0.0,0.0,2.0,0.00012881562707979988,100.0
stratum_>20,factorial_m0j0s1,200,163,1630,0.32699386503067485,"[0.2901840490797546, 0.36687116564417177]",178.26625766871166,0.0,19.242331288343557,0.0,0.0,2.8496932515337425,0.00026352816986982807,197.50858895705522
stratum_>20,factorial_m0j0s1,500,163,1630,0.9496932515337424,"[0.9368098159509202, 0.9619631901840492]",190.45276073619632,0.0,22.68159509202454,0.0,0.0,3.0,0.0002787739466990064,213.13435582822086
stratum_>20,factorial_m0j0s1,1500,163,1630,0.9496932515337424,"[0.9368098159509204, 0.9619631901840492]",190.45276073619632,0.0,22.68159509202454,0.0,0.0,3.0,0.00027666244701556633,213.13435582822086
stratum_>20,factorial_m0j1s0,25,163,1630,0.0,"[0.0, 0.0]",19.41717791411043,4.58282208588957,1.0,0.0,0.2803680981595092,1.0,2.9114003584611635e-05,25.0
stratum_>20,factorial_m0j1s0,50,163,1630,0.0,"[0.0, 0.0]",27.57668711656442,20.42331288343558,2.0,0.0,1.456441717791411,2.0,5.1665749469417734e-05,50.0
stratum_>20,factorial_m0j1s0,100,163,1630,0.9202453987730062,"[0.8773006134969326, 0.9570552147239264]",34.33558282208589,31.386503067484664,3.3987730061349692,0.0,6.971165644171779,3.3987730061349692,6.982542608687482e-05,69.12085889570552
stratum_>20,factorial_m0j1s0,200,163,1630,1.0,"[1.0, 1.0]",34.966257668711656,32.25766871165644,3.5337423312883436,0.0,7.374233128834356,3.5337423312883436,7.09995250303321e-05,70.75766871165644
stratum_>20,factorial_m0j1s0,500,163,1630,1.0,"[1.0, 1.0]",34.966257668711656,32.25766871165644,3.5337423312883436,0.0,7.374233128834356,3.5337423312883436,7.102389254270156e-05,70.75766871165644
stratum_>20,factorial_m0j1s0,1500,163,1630,1.0,"[1.0, 1.0]",34.966257668711656,32.25766871165644,3.5337423312883436,0.0,7.374233128834356,3.5337423312883436,7.059622921643813e-05,70.75766871165644
stratum_>20,factorial_m0j1s1,25,163,1630,0.0,"[0.0, 0.0]",19.41717791411043,4.58282208588957,1.0,0.0,0.2803680981595092,1.0,2.920804031056129e-05,25.0
stratum_>20,factorial_m0j1s1,50,163,1630,0.0,"[0.0, 0.0]",27.57668711656442,20.42331288343558,2.0,0.0,1.456441717791411,2.0,4.913124935758626e-05,50.0
stratum_>20,factorial_m0j1s1,100,163,1630,0.0,"[0.0, 0.0]",49.5398773006135,45.938650306748464,4.521472392638037,0.0,15.184662576687117,2.0,8.649252629353224e-05,100.0
stratum_>20,factorial_m0j1s1,200,163,1630,0.0,"[0.0, 0.0]",97.38650306748467,93.04907975460122,9.56441717791411,0.0,43.98957055214724,2.0,0.00016171826918158063,200.0
stratum_>20,factorial_m0j1s1,500,163,1630,1.0,"[1.0, 1.0]",173.42453987730062,171.33128834355827,17.950920245398773,0.0,98.11042944785277,3.0,0.0002947075389599873,362.7067484662577
stratum_>20,factorial_m0j1s1,1500,163,1630,1.0,"[1.0, 1.0]",173.42453987730062,171.33128834355827,17.950920245398773,0.0,98.11042944785277,3.0,0.0002931884444244434,362.7067484662577
stratum_>20,factorial_m1j0s0,25,163,1630,0.0,"[0.0, 0.0]",23.012269938650306,0.0,1.9877300613496933,5.519631901840491,0.0,1.9877300613496933,4.218301387286625e-05,25.0
stratum_>20,factorial_m1j0s0,50,163,1630,0.25828220858895706,"[0.23496932515337426, 0.2809815950920245]",42.56625766871166,0.0,4.85521472392638,8.603067484662576,0.0,4.85521472392638,7.502168211286054e-05,47.42147239263804
stratum_>20,factorial_m1j0s0,100,163,1630,0.6490797546012269,"[0.6208588957055214, 0.6779141104294478]",65.05337423312884,0.0,9.106134969325153,14.10920245398773,0.0,9.106134969325153,0.0001095841593034794,74.15950920245399
stratum_>20,factorial_m1j0s0,200,163,1630,0.9650306748466256,"[0.9546012269938652, 0.9748466257668712]",76.85276073619632,0.0,11.734969325153374,18.06319018404908,0.0,11.734969325153374,0.0001259871609966082,88.58773006134969
stratum_>20,factorial_m1j0s0,500,163,1630,0.9822085889570553,"[0.9754601226993866, 0.9883435582822085]",77.72085889570552,0.0,11.949693251533743,18.45153374233129,0.0,11.949693251533743,0.00012675933597003754,89.67055214723926
stratum_>20,factorial_m1j0s0,1500,163,1630,0.9822085889570553,"[0.976073619631902, 0.9883435582822088]",77.72085889570552,0.0,11.949693251533743,18.45153374233129,0.0,11.949693251533743,0.00012591246492657925,89.67055214723926
stratum_>20,factorial_m1j0s1,25,163,1630,0.0,"[0.0, 0.0]",23.012269938650306,0.0,1.9877300613496933,5.519631901840491,0.0,1.9877300613496933,4.1321146250502465e-05,25.0
stratum_>20,factorial_m1j0s1,50,163,1630,0.0,"[0.0, 0.0]",45.86564417177914,0.0,4.134355828220859,10.50122699386503,0.0,2.0,6.88976962462159e-05,50.0
stratum_>20,factorial_m1j0s1,100,163,1630,0.012883435582822086,"[0.0018404907975460123, 0.02576687116564417]",90.97852760736197,0.0,8.967484662576688,29.620245398773005,0.0,2.0306748466257667,0.00012356210728547325,99.94601226993865
stratum_>20,factorial_m1j0s1,200,163,1630,0.5822085889570553,"[0.5282208588957055, 0.6368098159509202]",159.440490797546,0.0,19.046625766871166,63.765644171779144,0.0,2.932515337423313,0.0002125799953023349,178.48711656441716
stratum_>20,factorial_m1j0s1,500,163,1630,0.8644171779141107,"[0.8460122699386503, 0.88159509202454]",168.68711656441718,0.0,21.677300613496932,65.46687116564418,0.0,3.0,0.00022365312931910613,190.3644171779141
stratum_>20,factorial_m1j0s1,1500,163,1630,0.8644171779141107,"[0.8460122699386505, 0.8822085889570553]",168.68711656441718,0.0,21.677300613496932,65.46687116564418,0.0,3.0,0.00022232255618447906,190.3644171779141
stratum_>20,factorial_m1j1s0,25,163,1630,0.0,"[0.0, 0.0]",19.41717791411043,4.58282208588957,1.0,5.392638036809816,0.3006134969325153,1.0,2.9694295254038887e-05,25.0
stratum_>20,factorial_m1j1s0,50,163,1630,0.09386503067484663,"[0.05521472392638037, 0.1411042944785276]",28.784662576687115,18.478527607361965,2.263803680981595,6.87239263803681,3.1233128834355828,2.263803680981595,5.045806292010231e-05,49.526993865030676
stratum_>20,factorial_m1j1s0,100,163,1630,0.9558282208588957,"[0.9239263803680982, 0.9852760736196319]",34.290184049079755,24.196319018404907,3.411042944785276,7.5036809815950924,6.414110429447852,3.411042944785276,6.185500294061526e-05,61.89754601226994
stratum_>20,factorial_m1j1s0,200,163,1630,1.0,"[1.0, 1.0]",34.665030674846626,24.552147239263803,3.4907975460122698,7.555828220858896,6.58282208588957,3.4907975460122698,6.240631048024798e-05,62.7079754601227
stratum_>20,factorial_m1j1s0,500,163,1630,1.0,"[1.0, 1.0]",34.665030674846626,24.552147239263803,3.4907975460122698,7.555828220858896,6.58282208588957,3.4907975460122698,6.254750069665032e-05,62.7079754601227
stratum_>20,factorial_m1j1s0,1500,163,1630,1.0,"[1.0, 1.0]",34.665030674846626,24.552147239263803,3.4907975460122698,7.555828220858896,6.58282208588957,3.4907975460122698,6.214744222858932e-05,62.7079754601227
stratum_>20,factorial_m1j1s1,25,163,1630,0.0,"[0.0, 0.0]",19.41717791411043,4.58282208588957,1.0,5.392638036809816,0.3006134969325153,1.0,2.9813710805828585e-05,25.0
stratum_>20,factorial_m1j1s1,50,163,1630,0.0,"[0.0, 0.0]",29.25153374233129,18.484662576687118,2.263803680981595,7.011656441717792,3.125766871165644,2.0,5.079146611727089e-05,50.0
stratum_>20,factorial_m1j1s1,100,163,1630,0.006134969325153374,"[0.0, 0.018404907975460124]",56.13312883435583,38.59509202453988,5.159509202453988,14.93558282208589,16.29447852760736,2.0061349693251533,9.092985783800757e-05,99.8877300613497
stratum_>20,factorial_m1j1s1,200,163,1630,0.22085889570552147,"[0.15950920245398773, 0.2823619631901832]",113.0122699386503,66.74233128834356,11.202453987730062,43.93680981595092,38.65766871165644,2.2208588957055215,0.0001676990387767005,190.95705521472394
stratum_>20,factorial_m1j1s1,500,163,1630,1.0,"[1.0, 1.0]",141.020245398773,79.80981595092024,14.43558282208589,59.14110429447853,49.65644171779141,3.0,0.00020756128364088345,235.26564417177914
stratum_>20,factorial_m1j1s1,1500,163,1630,1.0,"[1.0, 1.0]",141.020245398773,79.80981595092024,14.43558282208589,59.14110429447853,49.65644171779141,3.0,0.000206447249861217,235.26564417177914
stratum_>20,frontier_without_merging,25,163,1630,0.0,"[0.0, 0.0]",19.41717791411043,4.58282208588957,1.0,0.0,0.2803680981595092,1.0,2.924724841958906e-05,25.0
stratum_>20,frontier_without_merging,50,163,1630,0.0,"[0.0, 0.0]",27.57668711656442,20.42331288343558,2.0,0.0,1.456441717791411,2.0,4.921236812519881e-05,50.0
stratum_>20,frontier_without_merging,100,163,1630,0.0,"[0.0, 0.0]",49.5398773006135,45.938650306748464,4.521472392638037,0.0,15.184662576687117,2.0,8.661211325438476e-05,100.0
stratum_>20,frontier_without_merging,200,163,1630,0.0,"[0.0, 0.0]",97.38650306748467,93.04907975460122,9.56441717791411,0.0,43.98957055214724,2.0,0.000161809586217067,200.0
stratum_>20,frontier_without_merging,500,163,1630,1.0,"[1.0, 1.0]",173.42453987730062,171.33128834355827,17.950920245398773,0.0,98.11042944785277,3.0,0.00029494099638944756,362.7067484662577
stratum_>20,frontier_without_merging,1500,163,1630,1.0,"[1.0, 1.0]",173.42453987730062,171.33128834355827,17.950920245398773,0.0,98.11042944785277,3.0,0.0002935168156228914,362.7067484662577
stratum_>20,full_interference_search,25,163,1630,0.0,"[0.0, 0.0]",19.41717791411043,4.58282208588957,1.0,5.392638036809816,0.3006134969325153,1.0,2.9817690924267095e-05,25.0
stratum_>20,full_interference_search,50,163,1630,0.0,"[0.0, 0.0]",29.25153374233129,18.484662576687118,2.263803680981595,7.011656441717792,3.125766871165644,2.0,5.0906110212115425e-05,50.0
stratum_>20,full_interference_search,100,163,1630,0.006134969325153374,"[0.0, 0.018404907975460124]",56.13312883435583,38.59509202453988,5.159509202453988,14.93558282208589,16.29447852760736,2.0061349693251533,9.1003757427258e-05,99.8877300613497
stratum_>20,full_interference_search,200,163,1630,0.22085889570552147,"[0.15950920245398773, 0.2822085889570552]",113.0122699386503,66.74233128834356,11.202453987730062,43.93680981595092,38.65766871165644,2.2208588957055215,0.00016776687334194506,190.95705521472394
stratum_>20,full_interference_search,500,163,1630,1.0,"[1.0, 1.0]",141.020245398773,79.80981595092024,14.43558282208589,59.14110429447853,49.65644171779141,3.0,0.000207530541425468,235.26564417177914
stratum_>20,full_interference_search,1500,163,1630,1.0,"[1.0, 1.0]",141.020245398773,79.80981595092024,14.43558282208589,59.14110429447853,49.65644171779141,3.0,0.000206481524817417,235.26564417177914
stratum_>20,hand_bound_frontier,25,163,1630,0.0,"[0.0, 0.0]",23.012269938650306,0.0,1.9877300613496933,5.516564417177914,0.3325153374233129,1.9877300613496933,4.91212859201285e-05,25.0
stratum_>20,hand_bound_frontier,50,163,1630,0.0,"[0.0, 0.0]",45.870552147239266,0.0,4.129447852760737,10.461349693251533,1.5061349693251533,2.0,8.329584268978768e-05,50.0
stratum_>20,hand_bound_frontier,100,163,1630,0.020858895705521473,"[0.007361963190184049, 0.03742331288343558]",90.93312883435583,0.0,8.982208588957056,29.4,2.9803680981595093,2.0552147239263805,0.00014798373749559643,99.91533742331288
stratum_>20,hand_bound_frontier,200,163,1630,0.598159509202454,"[0.5423312883435584, 0.654601226993865]",157.86687116564417,0.0,18.65766871165644,62.867484662576686,3.6901840490797544,2.932515337423313,0.00024246768683103696,176.5245398773006
stratum_>20,hand_bound_frontier,500,163,1630,0.8785276073619633,"[0.8588957055214724, 0.8957055214723927]",166.85582822085888,0.0,21.21288343558282,64.4760736196319,3.6969325153374233,3.0,0.0002535273698072858,188.0687116564417
stratum_>20,hand_bound_frontier,1500,163,1630,0.8785276073619633,"[0.8582822085889573, 0.8963190184049081]",166.85582822085888,0.0,21.21288343558282,64.4760736196319,3.6969325153374233,3.0,0.0002522969407035164,188.0687116564417
stratum_>20,independent_parallel,25,163,1630,0.0,"[0.0, 0.0]",19.41717791411043,4.58282208588957,1.0,0.0,0.0,1.0,2.9225029234140196e-05,25.0
stratum_>20,independent_parallel,50,163,1630,0.0,"[0.0, 0.0]",27.49570552147239,20.50429447852761,2.0,0.0,0.0,2.0,7.927006030558077e-05,50.0
stratum_>20,independent_parallel,100,163,1630,0.0,"[0.0, 0.0]",49.4521472392638,45.999386503067484,4.548466257668712,0.0,0.0,2.0,0.00011553128244229621,100.0
stratum_>20,independent_parallel,200,163,1630,0.0,"[0.0, 0.0]",97.38220858895706,93.06748466257669,9.550306748466257,0.0,0.0,2.0,0.00018752290313046402,200.0
stratum_>20,independent_parallel,500,163,1630,0.9993865030674847,"[0.9981595092024539, 1.0]",176.69263803680983,172.4,18.695705521472394,0.0,0.0,3.0006134969325156,0.0003573466292325339,367.78834355828224
stratum_>20,independent_parallel,1500,163,1630,1.0,"[1.0, 1.0]",176.80306748466256,172.5110429447853,18.7079754601227,0.0,0.0,3.0018404907975462,0.00035658387432983314,368.0220858895706
stratum_>20,merging_without_learned_judge,25,163,1630,0.0,"[0.0, 0.0]",23.012269938650306,0.0,1.9877300613496933,5.519631901840491,0.0,1.9877300613496933,4.155951454961227e-05,25.0
stratum_>20,merging_without_learned_judge,50,163,1630,0.0,"[0.0, 0.0]",45.86564417177914,0.0,4.134355828220859,10.50122699386503,0.0,2.0,6.918823403631983e-05,50.0
stratum_>20,merging_without_learned_judge,100,163,1630,0.012883435582822086,"[0.00245398773006135, 0.025766871165644172]",90.97852760736197,0.0,8.967484662576688,29.620245398773005,0.0,2.0306748466257667,0.0001238789872203502,99.94601226993865
stratum_>20,merging_without_learned_judge,200,163,1630,0.5822085889570553,"[0.5288343558282208, 0.6404907975460123]",159.440490797546,0.0,19.046625766871166,63.765644171779144,0.0,2.932515337423313,0.00021293968636473996,178.48711656441716
stratum_>20,merging_without_learned_judge,500,163,1630,0.8644171779141107,"[0.8466257668711656, 0.8840490797546013]",168.68711656441718,0.0,21.677300613496932,65.46687116564418,0.0,3.0,0.00022422755765585812,190.3644171779141
stratum_>20,merging_without_learned_judge,1500,163,1630,0.8644171779141107,"[0.8453987730061351, 0.8809815950920247]",168.68711656441718,0.0,21.677300613496932,65.46687116564418,0.0,3.0,0.00022280049950250088,190.3644171779141
stratum_>20,single_line,25,163,1630,0.0,"[0.0, 0.0]",19.41717791411043,4.58282208588957,1.0,0.0,0.0,1.0,2.906936066556562e-05,25.0
stratum_>20,single_line,50,163,1630,0.0,"[0.0, 0.0]",27.49570552147239,20.50429447852761,2.0,0.0,0.0,2.0,5.068011764734069e-05,50.0
stratum_>20,single_line,100,163,1630,0.6282208588957056,"[0.5901840490797545, 0.6644171779141104]",38.95092024539877,34.06319018404908,3.457055214723926,0.0,0.0,3.457055214723926,7.162648967347262e-05,76.47116564417178
stratum_>20,single_line,200,163,1630,0.8773006134969326,"[0.852760736196319, 0.9006288343558282]",49.298159509202456,44.625766871165645,4.6582822085889575,0.0,0.0,4.6582822085889575,9.060314816474183e-05,98.58220858895706
stratum_>20,single_line,500,163,1630,0.9846625766871165,"[0.9766717791411043, 0.9914110429447854]",56.46871165644172,51.76993865030675,5.3417177914110425,0.0,0.0,5.3417177914110425,0.00010305778266279244,113.58036809815951
stratum_>20,single_line,1500,163,1630,1.0,"[1.0, 1.0]",57.392638036809814,52.709815950920245,5.429447852760736,0.0,0.0,5.429447852760736,0.00010411444982868031,115.5319018404908
